Workbook
Name DM_TRANGTHAI_HOSO: THIET_LAP!$J$4:$J$11
Name DM_TRANGTHAI_TASK: THIET_LAP!$L$4:$L$8
Name DM_NHANSU: THIET_LAP!$F$4:$F$12
Name DM_PHONGBAN: THIET_LAP!$D$4:$D$10
Name DM_UUTIEN: THIET_LAP!$N$4:$N$8
Name DM_DICHVU: THIET_LAP!$H$4:$H$13

Sheet THIET_LAP
A1: THIẾT LẬP HỆ THỐNG BÁCH KHOA 2026
A3: Điều khiển | D3: PHÒNG BAN | F3: NHÂN SỰ | H3: DỊCH VỤ | J3: TRẠNG THÁI HỒ SƠ | L3: TRẠNG THÁI TASK | N3: MỨC ƯU TIÊN
A4: Mã tiền tố | B4: BK | D4: Phòng Giám đốc | F4: Giám đốc | H4: Đo hiện trạng | J4: Mới tiếp nhận | L4: Cần thực hiện | N4: Thấp
A5: Năm vận hành | B5: 2026 | D5: Phòng Kinh doanh | F5: Lê Văn Dựng | H5: Cắm mốc | J5: Chờ khảo sát | L5: Đang tiến hành | N5: Trung bình
A6: Tiền tệ | B6: VND | D6: Phòng Marketing | F6: Tạ Khắc Tập | H6: Hoàn công | J6: Đang đo | L6: Đang chờ | N6: Cao
A7: Ngưỡng cảnh báo hồ sơ (ngày) | B7: 2 | D7: Phòng Đo đạc | F7: Trương Tấn Quốc | H7: Cấp đổi | J7: Đang làm hồ sơ | L7: Hoàn thành | N7: Rất cao
A8: Ngưỡng cảnh báo task (ngày) | B8: 1 | D8: Phòng Pháp lý | F8: Nguyễn Minh Thông | H8: Hợp thửa | J8: Chờ khách bổ sung | L8: Đã hủy | N8: Khẩn cấp
D9: Phòng Kế toán | F9: Lê Tấn Đạt | H9: Tách Thửa | J9: Đã nộp
D10: Phòng Nhân sự | F10: Lê Văn Xây | H10: Cấp sổ lần đầu | J10: Hoàn thành
F11: Trần Thị Tường Vy | H11: Xác định ranh | J11: Đã hủy
F12: Hồ Thị Mỹ Hằng | H12: Đo GPS
H13: SEO / Marketing
H14: Xin phép xây dựng

Sheet HUONG_DAN
A1: HƯỚNG DẪN SỬ DỤNG FILE FULL AUTO
A3: Bước | B3: Mục tiêu | C3: Hướng dẫn
A4: BƯỚC 1 | B4: Cập nhật danh mục | C4: Sửa phòng ban, nhân sự, dịch vụ, trạng thái ở tab THIET_LAP trước khi dùng.
A5: BƯỚC 2 | B5: Nhập hồ sơ gốc | C5: Mọi công việc mới phải đi vào DATABASE_HOSO. Mã hồ sơ sẽ tự sinh khi có Ngày tạo.
A6: BƯỚC 3 | B6: Giao việc | C6: Tạo các đầu việc trong DATABASE_TASK và gắn đúng Mã hồ sơ.
A7: BƯỚC 4 | B7: Theo dõi tiền | C7: Hợp đồng vào DATABASE_HOP_DONG, thu chi vào DATABASE_THU_CHI.
A8: BƯỚC 5 | B8: Chốt lương | C8: Mỗi dòng khoán / phụ cấp / thưởng phạt nhập ở DATABASE_LUONG_KHOAN.
A9: BƯỚC 6 | B9: Xem dashboard | C9: Giám đốc chỉ cần mở DASHBOARD_GIAMDOC để nhìn toàn hệ thống.
A12: Luồng chuẩn
A13: Khách/Zalo → Form/nhập liệu → DATABASE_HOSO → DATABASE_TASK → Hợp đồng / Thu chi / Lương → Dashboard

Sheet HUONG_DAN_CHUYEN_DOI
A1: HƯỚNG DẪN NỐI DỮ LIỆU CŨ SANG FULL AUTO
A2: File này đã được nạp sẵn dữ liệu mẫu từ hệ thống hiện tại của Bách Khoa để anh dùng làm bản chuyển đổi.
A4: 1. Hồ sơ đo đạc | B4: Đã nạp 320 hồ sơ mới nhất từ file "Bảng 03. Phòng đo vẽ .xlsx" vào DATABASE_HOSO và DODAC_TAC_NGHIEP.
A5: 2. Hợp đồng | B5: Đã nạp 320 hợp đồng liên quan từ file "Quản lý hợp đồng - Công nợ CHUẨN V1.xlsx" vào DATABASE_HOP_DONG.
A6: 3. Thu chi | B6: Đã nạp 220 giao dịch thu chi gần nhất từ file "Thu chi Công Ty Bách Khoa năm 2026.xlsx" vào DATABASE_THU_CHI.
A7: 4. Lương khoán | B7: Đã nạp 231 dòng lương/khoán từ file "Công việc - Lê Văn Dựng_v1.xlsx" vào DATABASE_LUONG_KHOAN.
A8: 5. Cách dùng | B8: Từ nay chỉ nhập hồ sơ mới vào DATABASE_HOSO hoặc Google Form. Các phòng ban cập nhật tiến độ ở tab tác nghiệp riêng.
A9: 6. Quy tắc khóa chính | B9: Mã hồ sơ BK-HS-xxxx là trục nối giữa hồ sơ, task, hợp đồng, thu chi và lương khoán.
A10: 7. Việc cần làm tiếp | B10: Sau phòng đo đạc, anh làm tương tự cho Pháp lý, Kinh doanh và Marketing.

Sheet MAP_NGUON_DU_LIEU
A1: Nguồn hiện tại | B1: Sheet nguồn | C1: Đích trong file mới | D1: Khóa nối | E1: Ghi chú
A2: Bảng 03. Phòng đo vẽ .xlsx | B2: Bảng tổng hợp | C2: DATABASE_HOSO / DODAC_TAC_NGHIEP / DATABASE_TASK | D2: Mã hồ sơ | E2: Đã map từ Mã hợp đồng cũ sang BK-HS-xxxx
A3: Quản lý hợp đồng - Công nợ CHUẨN V1.xlsx | B3: Hợp đồng | C3: DATABASE_HOP_DONG | D3: Mã hợp đồng | E3: Tự nối sang Mã hồ sơ nếu trùng hợp đồng cũ
A4: Thu chi Công Ty Bách Khoa năm 2026.xlsx | B4: ThuChiVat | C4: DATABASE_THU_CHI | D4: Số chứng từ | E4: Chưa nối mã hồ sơ cho các khoản chi nội bộ
A5: Công việc - Lê Văn Dựng_v1.xlsx | B5: Lương đo vẽ / Lương phụ đo | C5: DATABASE_LUONG_KHOAN | D5: Mã hợp đồng cũ | E5: Đã giữ thông tin HĐ cũ trong cột Ghi chú
A6: Bảng 02. Cơ chế khoán đo vẽ.xlsx | B6: Sheet1 | C6: THIET_LAP / DATABASE_LUONG_KHOAN | D6: Loại dịch vụ | E6: Dùng để chuẩn hóa danh mục dịch vụ và mức khoán

Sheet DATABASE_HOSO
A1: DATABASE HỒ SƠ
A2: Nguồn dữ liệu gốc toàn công ty. Mỗi hồ sơ chỉ có 1 dòng.
A3: Mã hồ sơ | B3: Ngày tạo | C3: Phòng ban | D3: Loại dịch vụ | E3: Tên hồ sơ | F3: Tên khách hàng | G3: SĐT | H3: Khu vực/Phường | I3: Phụ trách chính | J3: Hỗ trợ | K3: Ưu tiên | L3: Trạng thái | M3: Deadline | N3: Số ngày còn lại | O3: Cảnh báo | P3: Mã hợp đồng | Q3: Giá trị dự kiến | R3: Link file | S3: Ghi chú
A4: BK-HS-0001 | B4: 46097 | C4: Phòng Đo đạc | D4: Xin phép xây dựng | E4: Hoàng Nam | F4: Công Ty | H4: An Khánh | I4: Võ Thành Minh | J4: Không cần | L4: Trong hạn | M4: 46100 | N4: =IF(M4="","",M4-TODAY()) | O4: =IF(A4="","",IF(L4="Hoàn thành","XONG",IF(L4="Đã hủy","HỦY",IF(N4<0,"QUÁ HẠN",IF(N4<=THIET_LAP!$B$7,"SẮP HẠN","TRONG HẠN"))))) | P4: 128/BK-2026 | S4: Tiến độ: Trong hạn | Ngày bắt đầu: 2026-03-16 00:00:00
A5: BK-HS-0002 | B5: 46094 | C5: Phòng Đo đạc | D5: Cấp đổi | E5: Lê Văn Hoàng | F5: Cô Hoa | H5: Tam Bình | I5: Trương Tấn Quốc | J5: Võ Tứ Hợp | L5: Trong hạn | M5: 46097 | N5: =IF(M5="","",M5-TODAY()) | O5: =IF(A5="","",IF(L5="Hoàn thành","XONG",IF(L5="Đã hủy","HỦY",IF(N5<0,"QUÁ HẠN",IF(N5<=THIET_LAP!$B$7,"SẮP HẠN","TRONG HẠN"))))) | P5: 127/BK-2026 | S5: Tiến độ: Trong hạn | Ngày bắt đầu: 2026-03-13 00:00:00 | Ghi chú: Đợi trao đổi với dịch vụ
A6: BK-HS-0003 | B6: 46094 | C6: Phòng Đo đạc | D6: Hoàn công | E6: Trần Văn Giấy | F6: Tuấn Lộc | H6: Linh Xuân | I6: Lê Văn Xây | J6: Võ Tứ Hợp | L6: Nộp thành công - Chờ kết quả | M6: 46097 | N6: =IF(M6="","",M6-TODAY()) | O6: =IF(A6="","",IF(L6="Hoàn thành","XONG",IF(L6="Đã hủy","HỦY",IF(N6<0,"QUÁ HẠN",IF(N6<=THIET_LAP!$B$7,"SẮP HẠN","TRONG HẠN"))))) | P6: 126/BK-2026 | S6: Tiến độ: Đã nộp | Ngày bắt đầu: 2026-03-13 00:00:00 | Ngày nộp: 2026-03-14 00:00:00
A7: BK-HS-0004 | B7: 46094 | C7: Phòng Đo đạc | D7: Cấp đổi | E7: Nguyễn Văn Học | F7: Công Ty | G7: 0903075675 | H7: Tăng Nhơn Phú | I7: Tạ Khắc Tập | J7: Võ Tứ Hợp | L7: Nộp thành công - Chờ kết quả | M7: 46097 | N7: =IF(M7="","",M7-TODAY()) | O7: =IF(A7="","",IF(L7="Hoàn thành","XONG",IF(L7="Đã hủy","HỦY",IF(N7<0,"QUÁ HẠN",IF(N7<=THIET_LAP!$B$7,"SẮP HẠN","TRONG HẠN"))))) | P7: 125/BK-2026 | S7: Tiến độ: Đã nộp | Ngày bắt đầu: 2026-03-13 00:00:00 | Ngày nộp: 2026-03-16 00:00:00
A8: BK-HS-0005 | B8: 46094 | C8: Phòng Đo đạc | D8: Cấp đổi | E8: Đặng Khoa Học-Trần Ngọc Thùy Tiên | F8: Tuấn Lộc | H8: Hiệp Bình | I8: Tạ Khắc Tập | J8: Võ Tứ Hợp | L8: Nộp thành công - Chờ kết quả | M8: 46097 | N8: =IF(M8="","",M8-TODAY()) | O8: =IF(A8="","",IF(L8="Hoàn thành","XONG",IF(L8="Đã hủy","HỦY",IF(N8<0,"QUÁ HẠN",IF(N8<=THIET_LAP!$B$7,"SẮP HẠN","TRONG HẠN"))))) | P8: 124/BK-2026 | S8: Tiến độ: Đã nộp | Ngày bắt đầu: 2026-03-13 00:00:00 | Ngày nộp: 2026-03-16 00:00:00
A9: BK-HS-0006 | B9: 46094 | C9: Phòng Đo đạc | D9: Cắm mốc | E9: Đào Minh Quân | F9: Công Ty | H9: Linh Xuân | I9: Tạ Khắc Tập | J9: Võ Tứ Hợp | L9: Hoàn thành | M9: 46097 | N9: =IF(M9="","",M9-TODAY()) | O9: =IF(A9="","",IF(L9="Hoàn thành","XONG",IF(L9="Đã hủy","HỦY",IF(N9<0,"QUÁ HẠN",IF(N9<=THIET_LAP!$B$7,"SẮP HẠN","TRONG HẠN"))))) | P9: 123/BK-2026 | S9: Tiến độ: Hoàn thành | Ngày bắt đầu: 2026-03-13 00:00:00 | Ngày nộp: 2026-03-13 00:00:00 | Ngày HT: 2026-03-13 00:00:00 | Số cọc: 2.0 | Loại cọc: Trụ xi măng
A10: BK-HS-0007 | B10: 46093 | C10: Phòng Đo đạc | D10: Cấp đổi | E10: Trần Thanh Khương | F10: Công Ty | G10: 0987960518 | H10: Linh Xuân | I10: Lê Văn Dựng | J10: Võ Tứ Hợp | L10: QUÁ HẠN | M10: 46096 | N10: =IF(M10="","",M10-TODAY()) | O10: =IF(A10="","",IF(L10="Hoàn thành","XONG",IF(L10="Đã hủy","HỦY",IF(N10<0,"QUÁ HẠN",IF(N10<=THIET_LAP!$B$7,"SẮP HẠN","TRONG HẠN"))))) | P10: 122/BK-2026 | S10: Tiến độ: QUÁ HẠN | Ngày bắt đầu: 2026-03-12 00:00:00 | Ghi chú: hồ sơ lệch ranh chờ pa
A11: BK-HS-0008 | B11: 46093 | C11: Phòng Đo đạc | D11: Hoàn công | E11: Nguyễn Thị Hoa | F11: Anh Chiến KTS | H11: Tăng Nhơn Phú | I11: Lê Văn Dựng | J11: Võ Tứ Hợp | L11: QUÁ HẠN | M11: 46096 | N11: =IF(M11="","",M11-TODAY()) | O11: =IF(A11="","",IF(L11="Hoàn thành","XONG",IF(L11="Đã hủy","HỦY",IF(N11<0,"QUÁ HẠN",IF(N11<=THIET_LAP!$B$7,"SẮP HẠN","TRONG HẠN"))))) | P11: 121/BK-2026 | S11: Tiến độ: QUÁ HẠN | Ngày bắt đầu: 2026-03-12 00:00:00
A12: BK-HS-0009 | B12: 46092 | C12: Phòng Đo đạc | D12: Xác định diện tích | E12: Nguyễn Xuân Hạnh | F12: Công Ty | G12: 0903139386 | H12: An Khánh | I12: Lê Văn Xây | J12: Võ Tứ Hợp | L12: QUÁ HẠN | M12: 46095 | N12: =IF(M12="","",M12-TODAY()) | O12: =IF(A12="","",IF(L12="Hoàn thành","XONG",IF(L12="Đã hủy","HỦY",IF(N12<0,"QUÁ HẠN",IF(N12<=THIET_LAP!$B$7,"SẮP HẠN","TRONG HẠN"))))) | P12: 120/BK-2026 | S12: Tiến độ: QUÁ HẠN | Ngày bắt đầu: 2026-03-11 00:00:00
A13: BK-HS-0010 | B13: 46092 | C13: Phòng Đo đạc | D13: Hoàn công | E13: Đặng Quang Huy | F13: Cô Hoa | H13: Linh Xuân | I13: Lê Văn Xây | J13: Võ Tứ Hợp | L13: QUÁ HẠN | M13: 46095 | N13: =IF(M13="","",M13-TODAY()) | O13: =IF(A13="","",IF(L13="Hoàn thành","XONG",IF(L13="Đã hủy","HỦY",IF(N13<0,"QUÁ HẠN",IF(N13<=THIET_LAP!$B$7,"SẮP HẠN","TRONG HẠN"))))) | P13: 119/BK-2026 | S13: Tiến độ: QUÁ HẠN | Ngày bắt đầu: 2026-03-11 00:00:00
A14: BK-HS-0011 | B14: 46092 | C14: Phòng Đo đạc | D14: Cấp đổi | E14: Đào Minh Quân | F14: Công Ty | G14: 0399409272 | H14: Linh Xuân | I14: Trương Tấn Quốc | J14: Võ Tứ Hợp | L14: Nộp thành công - Chờ kết quả | M14: 46095 | N14: =IF(M14="","",M14-TODAY()) | O14: =IF(A14="","",IF(L14="Hoàn thành","XONG",IF(L14="Đã hủy","HỦY",IF(N14<0,"QUÁ HẠN",IF(N14<=THIET_LAP!$B$7,"SẮP HẠN","TRONG HẠN"))))) | P14: 117/BK-2026 | S14: Tiến độ: Đã nộp | Ngày bắt đầu: 2026-03-11 00:00:00 | Ngày nộp: 2026-03-13 00:00:00 | Ghi chú: Cần cắm mốc | Giải trình: Đợi trích lục
A15: BK-HS-0012 | B15: 46091 | C15: Phòng Đo đạc | D15: Cắm mốc | E15: Trần Phước Vân | F15: Chinh Đen | H15: Cát Lái | I15: Tạ Khắc Tập | J15: Không cần | L15: Hoàn thành | M15: 46094 | N15: =IF(M15="","",M15-TODAY()) | O15: =IF(A15="","",IF(L15="Hoàn thành","XONG",IF(L15="Đã hủy","HỦY",IF(N15<0,"QUÁ HẠN",IF(N15<=THIET_LAP!$B$7,"SẮP HẠN","TRONG HẠN"))))) | P15: 116/BK-2026 | S15: Tiến độ: Hoàn thành | Ngày bắt đầu: 2026-03-10 00:00:00 | Ngày nộp: 2026-03-10 00:00:00 | Ngày HT: 2026-03-10 00:00:00 | Số cọc: 5.0 | Loại cọc: Cọc sắt
A16: BK-HS-0013 | B16: 46091 | C16: Phòng Đo đạc | D16: Chuyển mục đích | E16: Nguyễn Đức Mẫn | F16: Công Ty | G16: 0938270838 | H16: Hiệp Bình | I16: Lê Văn Xây | J16: Không cần | L16: QUÁ HẠN | M16: 46094 | N16: =IF(M16="","",M16-TODAY()) | O16: =IF(A16="","",IF(L16="Hoàn thành","XONG",IF(L16="Đã hủy","HỦY",IF(N16<0,"QUÁ HẠN",IF(N16<=THIET_LAP!$B$7,"SẮP HẠN","TRONG HẠN"))))) | P16: 115/BK-2026 | S16: Tiến độ: QUÁ HẠN | Ngày bắt đầu: 2026-03-10 00:00:00
A17: BK-HS-0014 | B17: 46091 | C17: Phòng Đo đạc | D17: Cắm mốc | E17: Lê Quang Khoa | F17: Đạt Việt Phát Land | H17: Thủ Đức | I17: Tạ Khắc Tập | J17: Võ Tứ Hợp | L17: Hoàn thành | M17: 46094 | N17: =IF(M17="","",M17-TODAY()) | O17: =IF(A17="","",IF(L17="Hoàn thành","XONG",IF(L17="Đã hủy","HỦY",IF(N17<0,"QUÁ HẠN",IF(N17<=THIET_LAP!$B$7,"SẮP HẠN","TRONG HẠN"))))) | P17: 114/BK-2026 | S17: Tiến độ: Hoàn thành | Ngày bắt đầu: 2026-03-10 00:00:00 | Ngày nộp: 2026-03-10 00:00:00 | Ngày HT: 2026-03-10 00:00:00 | Số cọc: 7.0 | Loại cọc: Cọc sắt
A18: BK-HS-0015 | B18: 46091 | C18: Phòng Đo đạc | D18: Xác định diện tích | E18: Đỗ Thị Trang | F18: Công Ty | G18: zalo Victoria | H18: Tam Bình | I18: Lê Văn Dựng | J18: Võ Tứ Hợp | L18: Hoàn thành | M18: 46094 | N18: =IF(M18="","",M18-TODAY()) | O18: =IF(A18="","",IF(L18="Hoàn thành","XONG",IF(L18="Đã hủy","HỦY",IF(N18<0,"QUÁ HẠN",IF(N18<=THIET_LAP!$B$7,"SẮP HẠN","TRONG HẠN"))))) | P18: 113/BK-2026 | S18: Tiến độ: Hoàn thành | Ngày bắt đầu: 2026-03-10 00:00:00 | Ngày nộp: 2026-03-10 00:00:00 | Ngày HT: 2026-03-10 00:00:00 | Lần nộp: 0.0
A19: BK-HS-0016 | B19: 46091 | C19: Phòng Đo đạc | D19: Xác định diện tích | E19: Đỗ Thị Trang | F19: Công Ty | G19: zalo Victoria | H19: Tam Bình | I19: Lê Văn Dựng | J19: Không cần | L19: Hoàn thành | M19: 46094 | N19: =IF(M19="","",M19-TODAY()) | O19: =IF(A19="","",IF(L19="Hoàn thành","XONG",IF(L19="Đã hủy","HỦY",IF(N19<0,"QUÁ HẠN",IF(N19<=THIET_LAP!$B$7,"SẮP HẠN","TRONG HẠN"))))) | P19: 112/BK-2026 | S19: Tiến độ: Hoàn thành | Ngày bắt đầu: 2026-03-10 00:00:00 | Ngày nộp: 2026-03-10 00:00:00 | Ngày HT: 2026-03-10 00:00:00 | Lần nộp: 0.0
A20: BK-HS-0017 | B20: 46090 | C20: Phòng Đo đạc | D20: Đo GPS | E20: Nguyễn Doãn Tuấn | F20: Công Ty | H20: Long Phước | I20: Lê Văn Dựng | J20: Không cần | L20: Hoàn thành | M20: 46093 | N20: =IF(M20="","",M20-TODAY()) | O20: =IF(A20="","",IF(L20="Hoàn thành","XONG",IF(L20="Đã hủy","HỦY",IF(N20<0,"QUÁ HẠN",IF(N20<=THIET_LAP!$B$7,"SẮP HẠN","TRONG HẠN"))))) | P20: 111/BK-2026 | S20: Tiến độ: Hoàn thành | Ngày bắt đầu: 2026-03-09 00:00:00 | Ngày nộp: 2026-03-10 00:00:00 | Ngày HT: 2026-03-10 00:00:00 | Lần nộp: 1.0
A21: BK-HS-0018 | B21: 46090 | C21: Phòng Đo đạc | D21: Cấp sổ lần đầu | E21: Nguyễn Doãn Tuấn | F21: Công Ty | G21: 0979676897 | H21: Long Phước | I21: Tạ Khắc Tập | J21: Võ Tứ Hợp | L21: Hoàn thành | M21: 46093 | N21: =IF(M21="","",M21-TODAY()) | O21: =IF(A21="","",IF(L21="Hoàn thành","XONG",IF(L21="Đã hủy","HỦY",IF(N21<0,"QUÁ HẠN",IF(N21<=THIET_LAP!$B$7,"SẮP HẠN","TRONG HẠN"))))) | P21: 110/BK-2026 | S21: Tiến độ: Hoàn thành | Ngày bắt đầu: 2026-03-09 00:00:00 | Ngày nộp: 2026-03-11 00:00:00 | Ngày HT: 2026-03-11 00:00:00 | Lần nộp: 1.0 | Ghi chú: BAO CAO GPS
A22: BK-HS-0019 | B22: 46090 | C22: Phòng Đo đạc | D22: Đo GPS | E22: Đỗ Bình Trọng | F22: Anh Hoàng nhà đầu tư | H22: Long Trường | I22: Lê Văn Dựng | J22: Không cần | L22: Hoàn thành | M22: 46093 | N22: =IF(M22="","",M22-TODAY()) | O22: =IF(A22="","",IF(L22="Hoàn thành","XONG",IF(L22="Đã hủy","HỦY",IF(N22<0,"QUÁ HẠN",IF(N22<=THIET_LAP!$B$7,"SẮP HẠN","TRONG HẠN"))))) | P22: 109/BK-2026 | S22: Tiến độ: Hoàn thành | Ngày bắt đầu: 2026-03-09 00:00:00 | Ngày nộp: 2026-03-09 00:00:00 | Ngày HT: 2026-03-09 00:00:00 | Lần nộp: 1.0
A23: BK-HS-0020 | B23: 46090 | C23: Phòng Đo đạc | D23: Cấp đổi | E23: Đỗ Bình Trọng | F23: Anh Hoàng Nhà Đầu Tư | H23: Long Trường | I23: Lê Văn Dựng | J23: Không cần | K23: Cao | L23: Nộp thành công - Chờ kết quả | M23: 46091 | N23: =IF(M23="","",M23-TODAY()) | O23: =IF(A23="","",IF(L23="Hoàn thành","XONG",IF(L23="Đã hủy","HỦY",IF(N23<0,"QUÁ HẠN",IF(N23<=THIET_LAP!$B$7,"SẮP HẠN","TRONG HẠN"))))) | P23: 108/BK-2026 | S23: Tiến độ: Đã nộp | Ngày bắt đầu: 2026-03-09 00:00:00 | Ngày nộp: 2026-03-10 00:00:00 | Lần nộp: 1.0
A24: BK-HS-0021 | B24: 46088 | C24: Phòng Đo đạc | D24: Xin phép xây dựng | E24: Bùi Đình Khánh | F24: Công Ty | G24: 0988737070 | H24: Tăng Nhơn Phú | I24: Võ Tứ Hợp | J24: Không cần | L24: Hủy | M24: 46091 | N24: =IF(M24="","",M24-TODAY()) | O24: =IF(A24="","",IF(L24="Hoàn thành","XONG",IF(L24="Đã hủy","HỦY",IF(N24<0,"QUÁ HẠN",IF(N24<=THIET_LAP!$B$7,"SẮP HẠN","TRONG HẠN"))))) | P24: 107/BK-2026 | S24: Tiến độ: ĐÃ HỦY | Ngày bắt đầu: 2026-03-07 00:00:00 | Ngày nộp: 2026-03-07 00:00:00 | Lần nộp: 0.0
A25: BK-HS-0022 | B25: 46087 | C25: Phòng Đo đạc | D25: Hoàn công | E25: Trần Phi Long | F25: Công Ty | G25: 0908449238 | H25: Tam Bình | I25: Lê Văn Xây | J25: Võ Tứ Hợp | L25: Nộp thành công - Chờ kết quả | M25: 46090 | N25: =IF(M25="","",M25-TODAY()) | O25: =IF(A25="","",IF(L25="Hoàn thành","XONG",IF(L25="Đã hủy","HỦY",IF(N25<0,"QUÁ HẠN",IF(N25<=THIET_LAP!$B$7,"SẮP HẠN","TRONG HẠN"))))) | P25: 106/BK-2026 | S25: Tiến độ: Đã nộp | Ngày bắt đầu: 2026-03-06 00:00:00 | Ngày nộp: 2026-03-12 00:00:00 | Lần nộp: 0.0
A26: BK-HS-0023 | B26: 46086 | C26: Phòng Đo đạc | D26: Cắm mốc | E26: Phạm Thị Giao Linh | F26: Tùng Huế DV | H26: Bình Trưng | I26: Lê Văn Dựng | J26: Võ Tứ Hợp | L26: Hoàn thành | M26: 46089 | N26: =IF(M26="","",M26-TODAY()) | O26: =IF(A26="","",IF(L26="Hoàn thành","XONG",IF(L26="Đã hủy","HỦY",IF(N26<0,"QUÁ HẠN",IF(N26<=THIET_LAP!$B$7,"SẮP HẠN","TRONG HẠN"))))) | P26: 105/BK-2026 | S26: Tiến độ: Hoàn thành | Ngày bắt đầu: 2026-03-05 00:00:00 | Ngày nộp: 2026-03-05 00:00:00 | Ngày HT: 2026-03-05 00:00:00 | Lần nộp: 0.0 | Số cọc: 6.0 | Loại cọc: Trụ xi măng
A27: BK-HS-0024 | B27: 46085 | C27: Phòng Đo đạc | D27: Cấp sổ lần đầu | E27: Trương Quế Phương | F27: Công Ty | G27: 0903880063 | H27: Hiệp Bình | I27: Trương Tấn Quốc | J27: Võ Tứ Hợp | L27: Hoàn thành | M27: 46088 | N27: =IF(M27="","",M27-TODAY()) | O27: =IF(A27="","",IF(L27="Hoàn thành","XONG",IF(L27="Đã hủy","HỦY",IF(N27<0,"QUÁ HẠN",IF(N27<=THIET_LAP!$B$7,"SẮP HẠN","TRONG HẠN"))))) | P27: 104/BK-2026 | S27: Tiến độ: Hoàn thành | Ngày bắt đầu: 2026-03-04 00:00:00 | Ngày nộp: 2026-03-05 00:00:00 | Ngày HT: 2026-03-05 00:00:00 | Lần nộp: 0.0 | Ghi chú: Lúc trước đã hủy, giờ vẽ nộp phường
A28: BK-HS-0025 | B28: 46085 | C28: Phòng Đo đạc | D28: Cắm mốc | E28: Đỗ Thị Trang | F28: Công Ty | G28: 0977633333 | H28: Tam Bình | I28: Lê Văn Dựng | J28: Võ Tứ Hợp | L28: Hoàn thành | M28: 46088 | N28: =IF(M28="","",M28-TODAY()) | O28: =IF(A28="","",IF(L28="Hoàn thành","XONG",IF(L28="Đã hủy","HỦY",IF(N28<0,"QUÁ HẠN",IF(N28<=THIET_LAP!$B$7,"SẮP HẠN","TRONG HẠN"))))) | P28: 103/BK-2026 | S28: Tiến độ: Hoàn thành | Ngày bắt đầu: 2026-03-04 00:00:00 | Ngày nộp: 2026-03-05 00:00:00 | Ngày HT: 2026-03-05 00:00:00 | Lần nộp: 1.0
A29: BK-HS-0026 | B29: 46085 | C29: Phòng Đo đạc | D29: Xác định diện tích | E29: Bùi Đình Khánh-Nguyễn Thị Kim Quyên | F29: Công Ty | G29: 0988737070 | H29: Tăng Nhơn Phú | I29: Trương Tấn Quốc | J29: Không cần | L29: Hoàn thành | M29: 46088 | N29: =IF(M29="","",M29-TODAY()) | O29: =IF(A29="","",IF(L29="Hoàn thành","XONG",IF(L29="Đã hủy","HỦY",IF(N29<0,"QUÁ HẠN",IF(N29<=THIET_LAP!$B$7,"SẮP HẠN","TRONG HẠN"))))) | P29: 102/BK-2026 | S29: Tiến độ: Hoàn thành | Ngày bắt đầu: 2026-03-04 00:00:00 | Ngày nộp: 2026-03-04 00:00:00 | Ngày HT: 2026-03-04 00:00:00 | Lần nộp: 1.0
A30: BK-HS-0027 | B30: 46085 | C30: Phòng Đo đạc | D30: Xác định diện tích | E30: Lê Quang Thạnh | F30: Công Ty | G30: 0989698007 | H30: Bình Trưng | I30: Lê Văn Dựng | J30: Không cần | L30: Hoàn thành | M30: 46088 | N30: =IF(M30="","",M30-TODAY()) | O30: =IF(A30="","",IF(L30="Hoàn thành","XONG",IF(L30="Đã hủy","HỦY",IF(N30<0,"QUÁ HẠN",IF(N30<=THIET_LAP!$B$7,"SẮP HẠN","TRONG HẠN"))))) | P30: 101/BK-2026 | S30: Tiến độ: Hoàn thành | Ngày bắt đầu: 2026-03-04 00:00:00 | Ngày nộp: 2026-03-05 00:00:00 | Ngày HT: 2026-03-05 00:00:00 | Lần nộp: 0.0 | Ghi chú: hồ sơ cấp đổi lấn thửa chủ nhà yêu cầu vẽ XDDT để đưa lên phường trình bày
A31: BK-HS-0028 | B31: 46085 | C31: Phòng Đo đạc | D31: Hoàn công | E31: Tô Thị MỸ Nương | F31: Tuấn Lộc | H31: Cát Lái | I31: Tạ Khắc Tập | J31: Võ Tứ Hợp | L31: Nộp thành công - Chờ kết quả | M31: 46088 | N31: =IF(M31="","",M31-TODAY()) | O31: =IF(A31="","",IF(L31="Hoàn thành","XONG",IF(L31="Đã hủy","HỦY",IF(N31<0,"QUÁ HẠN",IF(N31<=THIET_LAP!$B$7,"SẮP HẠN","TRONG HẠN"))))) | P31: 100/BK-2026 | S31: Tiến độ: Đã nộp | Ngày bắt đầu: 2026-03-04 00:00:00 | Ngày nộp: 2026-03-07 00:00:00 | Lần nộp: 1.0 | Giải trình: GIAM DT+ VE THEO GPXD
A32: BK-HS-0029 | B32: 46085 | C32: Phòng Đo đạc | D32: Hoàn công | E32: Phan Trong Quang | F32: Công Ty | H32: Long Phước | I32: Tạ Khắc Tập | J32: Võ Tứ Hợp | L32: QUÁ HẠN | M32: 46088 | N32: =IF(M32="","",M32-TODAY()) | O32: =IF(A32="","",IF(L32="Hoàn thành","XONG",IF(L32="Đã hủy","HỦY",IF(N32<0,"QUÁ HẠN",IF(N32<=THIET_LAP!$B$7,"SẮP HẠN","TRONG HẠN"))))) | P32: 099/BK-2026 | S32: Tiến độ: QUÁ HẠN | Ngày bắt đầu: 2026-03-04 00:00:00 | Lần nộp: 1.0 | Giải trình: SAI HIEN TRANG+ GIAY PHEP XD KO ĐÚNG BVXP CHỜ CHU NHÀ RA PHUONG DDIEU CHINH GPXD
A33: BK-HS-0030 | B33: 46085 | C33: Phòng Đo đạc | D33: Cắm mốc | E33: Nguyễn Thị Cẩm Vân | F33: Công Ty | H33: Long Phước | I33: Lê Văn Dựng | J33: Không cần | L33: Hoàn thành | M33: 46088 | N33: =IF(M33="","",M33-TODAY()) | O33: =IF(A33="","",IF(L33="Hoàn thành","XONG",IF(L33="Đã hủy","HỦY",IF(N33<0,"QUÁ HẠN",IF(N33<=THIET_LAP!$B$7,"SẮP HẠN","TRONG HẠN"))))) | P33: 098/BK-2026 | S33: Tiến độ: Hoàn thành | Ngày bắt đầu: 2026-03-04 00:00:00 | Ngày nộp: 2026-03-04 00:00:00 | Ngày HT: 2026-03-04 00:00:00 | Lần nộp: 1.0
A34: BK-HS-0031 | B34: 46084 | C34: Phòng Đo đạc | D34: Hoàn công | E34: Nguyễn Thị Ngọc Thuận | F34: Tuấn Lộc | H34: Long Trường | I34: Lê Văn Xây | J34: Võ Tứ Hợp | L34: QUÁ HẠN | M34: 46087 | N34: =IF(M34="","",M34-TODAY()) | O34: =IF(A34="","",IF(L34="Hoàn thành","XONG",IF(L34="Đã hủy","HỦY",IF(N34<0,"QUÁ HẠN",IF(N34<=THIET_LAP!$B$7,"SẮP HẠN","TRONG HẠN"))))) | P34: 097/BK-2026 | S34: Tiến độ: QUÁ HẠN | Ngày bắt đầu: 2026-03-03 00:00:00 | Lần nộp: 1.0
A35: BK-HS-0032 | B35: 46084 | C35: Phòng Đo đạc | D35: Cấp đổi | E35: Nguyễn Quốc Chiến-Trần Thị Thu Hương | F35: Công Ty | G35: 0989035122 | H35: An Khánh | I35: Trương Tấn Quốc | J35: Võ Tứ Hợp | L35: Nộp thành công - Chờ kết quả | M35: 46087 | N35: =IF(M35="","",M35-TODAY()) | O35: =IF(A35="","",IF(L35="Hoàn thành","XONG",IF(L35="Đã hủy","HỦY",IF(N35<0,"QUÁ HẠN",IF(N35<=THIET_LAP!$B$7,"SẮP HẠN","TRONG HẠN"))))) | P35: 096/BK-2026 | S35: Tiến độ: Đã nộp | Ngày bắt đầu: 2026-03-03 00:00:00 | Ngày nộp: 2026-03-06 00:00:00 | Lần nộp: 1.0
A36: BK-HS-0033 | B36: 46083 | C36: Phòng Đo đạc | D36: Cấp sổ lần đầu | E36: Nguyễn Hoàng Tấn | F36: Nguyễn Tâm DV | H36: Hiệp Bình | I36: Tạ Khắc Tập | J36: Lê Tấn Đạt | L36: Hoàn thành | M36: 46086 | N36: =IF(M36="","",M36-TODAY()) | O36: =IF(A36="","",IF(L36="Hoàn thành","XONG",IF(L36="Đã hủy","HỦY",IF(N36<0,"QUÁ HẠN",IF(N36<=THIET_LAP!$B$7,"SẮP HẠN","TRONG HẠN"))))) | P36: 095/BK-2026 | S36: Tiến độ: Hoàn thành | Ngày bắt đầu: 2026-03-02 00:00:00 | Ngày nộp: 2026-03-04 00:00:00 | Ngày HT: 2026-03-04 00:00:00 | Lần nộp: 1.0
A37: BK-HS-0034 | B37: 46080 | C37: Phòng Đo đạc | D37: Cấp đổi | E37: Lê Quang Thạnh | F37: Công Ty | G37: 0918393071 | H37: Bình Trưng | I37: Lê Văn Dựng | J37: Võ Tứ Hợp | L37: QUÁ HẠN | M37: 46083 | N37: =IF(M37="","",M37-TODAY()) | O37: =IF(A37="","",IF(L37="Hoàn thành","XONG",IF(L37="Đã hủy","HỦY",IF(N37<0,"QUÁ HẠN",IF(N37<=THIET_LAP!$B$7,"SẮP HẠN","TRONG HẠN"))))) | P37: 094/BK-2026 | S37: Tiến độ: QUÁ HẠN | Ngày bắt đầu: 2026-02-27 00:00:00 | Lần nộp: 1.0 | Ghi chú: Đợi chủ nhà đập hàng rào
A38: BK-HS-0035 | B38: 46080 | C38: Phòng Đo đạc | D38: Cắm mốc | E38: Thái Thị Bích Vân | F38: Anh Duẩn DV | H38: Hiệp Bình | I38: Lê Văn Dựng | J38: Võ Tứ Hợp | L38: Hoàn thành | M38: 46083 | N38: =IF(M38="","",M38-TODAY()) | O38: =IF(A38="","",IF(L38="Hoàn thành","XONG",IF(L38="Đã hủy","HỦY",IF(N38<0,"QUÁ HẠN",IF(N38<=THIET_LAP!$B$7,"SẮP HẠN","TRONG HẠN"))))) | P38: 093/BK-2026 | S38: Tiến độ: Hoàn thành | Ngày bắt đầu: 2026-02-27 00:00:00 | Ngày nộp: 2026-02-28 00:00:00 | Ngày HT: 2026-02-28 00:00:00 | Lần nộp: 1.0 | Chi kỹ thuật: Đã thanh toán | Loại cọc: Cọc sắt
A39: BK-HS-0036 | B39: 46080 | C39: Phòng Đo đạc | D39: Điều chỉnh bản vẽ | E39: Phạm Thị Giao Linh | F39: Tùng Huế DV | H39: Bình Trưng | I39: Trương Tấn Quốc | J39: Không cần | L39: Nộp thành công - Chờ kết quả | M39: 46083 | N39: =IF(M39="","",M39-TODAY()) | O39: =IF(A39="","",IF(L39="Hoàn thành","XONG",IF(L39="Đã hủy","HỦY",IF(N39<0,"QUÁ HẠN",IF(N39<=THIET_LAP!$B$7,"SẮP HẠN","TRONG HẠN"))))) | P39: 092/BK-2026 | S39: Tiến độ: Đã nộp | Ngày bắt đầu: 2026-02-27 00:00:00 | Ngày nộp: 2026-03-16 00:00:00 | Lần nộp: 1.0 | Ghi chú: Cần cắm lại trụ
A40: BK-HS-0037 | B40: 46080 | C40: Phòng Đo đạc | D40: Điều chỉnh bản vẽ | E40: Tôn Phượng Nga | F40: Công Ty | G40: 0909256563 | H40: Long Phước | I40: Trương Tấn Quốc | J40: Không cần | L40: QUÁ HẠN | M40: 46083 | N40: =IF(M40="","",M40-TODAY()) | O40: =IF(A40="","",IF(L40="Hoàn thành","XONG",IF(L40="Đã hủy","HỦY",IF(N40<0,"QUÁ HẠN",IF(N40<=THIET_LAP!$B$7,"SẮP HẠN","TRONG HẠN"))))) | P40: 091/BK-2026 | S40: Tiến độ: QUÁ HẠN | Ngày bắt đầu: 2026-02-27 00:00:00 | Lần nộp: 1.0 | Ghi chú: Cần cắm lại trụ | Giải trình: Đợi làm việc với phường
A41: BK-HS-0038 | B41: 46062 | C41: Phòng Đo đạc | D41: Xin phép xây dựng | E41: Ngô Thị Việt Hà - Nguyễn Văn Hoàng | F41: Công Ty | G41: zalo MP Xin Phép- Nhà chị Hà | H41: Cát Lái | I41: Võ Thành Minh | J41: Không cần | L41: Nộp thành công - Chờ kết quả | M41: 46065 | N41: =IF(M41="","",M41-TODAY()) | O41: =IF(A41="","",IF(L41="Hoàn thành","XONG",IF(L41="Đã hủy","HỦY",IF(N41<0,"QUÁ HẠN",IF(N41<=THIET_LAP!$B$7,"SẮP HẠN","TRONG HẠN"))))) | P41: 090/BK-2026 | S41: Tiến độ: Đã nộp | Ngày bắt đầu: 2026-02-09 00:00:00 | Ngày nộp: 2026-03-03 00:00:00 | Lần nộp: 1.0 | Ghi chú: Đợi chủ nhà trích lục bản vẽ sơ đồ vị trí
A42: BK-HS-0039 | B42: 46060 | C42: Phòng Đo đạc | D42: Hoàn công | E42: Phan Xuân Phước-Nguyễn Thị Bích Thủy | F42: Công Ty | G42: 096 8080819 | H42: Thủ Đức | I42: Trương Tấn Quốc | J42: Võ Tứ Hợp | L42: Hoàn thành | M42: 46063 | N42: =IF(M42="","",M42-TODAY()) | O42: =IF(A42="","",IF(L42="Hoàn thành","XONG",IF(L42="Đã hủy","HỦY",IF(N42<0,"QUÁ HẠN",IF(N42<=THIET_LAP!$B$7,"SẮP HẠN","TRONG HẠN"))))) | P42: 089/BK-2026 | S42: Tiến độ: Hoàn thành | Ngày bắt đầu: 2026-02-07 00:00:00 | Ngày nộp: 2026-03-16 00:00:00 | Ngày HT: 2026-03-16 00:00:00 | Lần nộp: 1.0 | Chi kỹ thuật: Đã thanh toán
A43: BK-HS-0040 | B43: 46059 | C43: Phòng Đo đạc | D43: Cắm mốc | E43: Nguyễn Quỳnh Lê- Nguyễn Thảo Linh | F43: Công Ty | H43: Cát Lái | I43: Tạ Khắc Tập | J43: Võ Tứ Hợp | L43: Hoàn thành | M43: 46062 | N43: =IF(M43="","",M43-TODAY()) | O43: =IF(A43="","",IF(L43="Hoàn thành","XONG",IF(L43="Đã hủy","HỦY",IF(N43<0,"QUÁ HẠN",IF(N43<=THIET_LAP!$B$7,"SẮP HẠN","TRONG HẠN"))))) | P43: 088/BK-2026 | S43: Tiến độ: Hoàn thành | Ngày bắt đầu: 2026-02-06 00:00:00 | Ngày nộp: 2026-02-07 00:00:00 | Ngày HT: 2026-02-07 00:00:00 | Lần nộp: 1.0 | Chi kỹ thuật: Đã thanh toán | Số cọc: 5.0 | Loại cọc: Trụ xi măng | Ghi chú: ( Xây+Tâp)-Hơp
A44: BK-HS-0041 | B44: 46059 | C44: Phòng Đo đạc | D44: Cắm mốc | E44: Đỗ Thị Trang | F44: Công Ty | G44: 0977633333 | H44: Tam Bình | I44: Tạ Khắc Tập | J44: Võ Tứ Hợp | L44: Hoàn thành | M44: 46062 | N44: =IF(M44="","",M44-TODAY()) | O44: =IF(A44="","",IF(L44="Hoàn thành","XONG",IF(L44="Đã hủy","HỦY",IF(N44<0,"QUÁ HẠN",IF(N44<=THIET_LAP!$B$7,"SẮP HẠN","TRONG HẠN"))))) | P44: 087/BK-2026 | S44: Tiến độ: Hoàn thành | Ngày bắt đầu: 2026-02-06 00:00:00 | Ngày nộp: 2026-02-07 00:00:00 | Ngày HT: 2026-02-07 00:00:00 | Lần nộp: 1.0 | Chi kỹ thuật: Đã thanh toán | Số cọc: 4.0 | Loại cọc: Trụ xi măng
A45: BK-HS-0042 | B45: 46059 | C45: Phòng Đo đạc | D45: Cắm mốc | E45: Đỗ Thị Trang | F45: Công Ty | H45: Tam Bình | I45: Tạ Khắc Tập | J45: Võ Tứ Hợp | L45: Hoàn thành | M45: 46062 | N45: =IF(M45="","",M45-TODAY()) | O45: =IF(A45="","",IF(L45="Hoàn thành","XONG",IF(L45="Đã hủy","HỦY",IF(N45<0,"QUÁ HẠN",IF(N45<=THIET_LAP!$B$7,"SẮP HẠN","TRONG HẠN"))))) | P45: 086/BK-2026 | S45: Tiến độ: Hoàn thành | Ngày bắt đầu: 2026-02-06 00:00:00 | Ngày nộp: 2026-02-07 00:00:00 | Ngày HT: 2026-02-07 00:00:00 | Lần nộp: 1.0 | Chi kỹ thuật: Đã thanh toán | Số cọc: 5.0 | Loại cọc: Trụ xi măng
A46: BK-HS-0043 | B46: 46058 | C46: Phòng Đo đạc | D46: Xác định diện tích | E46: Lê Tiến Nhật Minh | F46: Công Ty | H46: Hiệp Bình | I46: Trương Tấn Quốc | J46: Không cần | L46: Hoàn thành | M46: 46061 | N46: =IF(M46="","",M46-TODAY()) | O46: =IF(A46="","",IF(L46="Hoàn thành","XONG",IF(L46="Đã hủy","HỦY",IF(N46<0,"QUÁ HẠN",IF(N46<=THIET_LAP!$B$7,"SẮP HẠN","TRONG HẠN"))))) | P46: 085/BK-2026 | S46: Tiến độ: Hoàn thành | Ngày bắt đầu: 2026-02-05 00:00:00 | Ngày nộp: 2026-02-07 00:00:00 | Ngày HT: 2026-02-07 00:00:00 | Lần nộp: 0.0 | Chi kỹ thuật: Đã thanh toán | Ghi chú: Đã hoàn thành
A47: BK-HS-0044 | B47: 46057 | C47: Phòng Đo đạc | D47: Xin phép xây dựng | E47: Đinh Văn Hòa | F47: Anh Tùng Bất Động Sản | H47: Cát Lái | I47: Võ Thành Minh | J47: Không cần | L47: Hủy | M47: 46060 | N47: =IF(M47="","",M47-TODAY()) | O47: =IF(A47="","",IF(L47="Hoàn thành","XONG",IF(L47="Đã hủy","HỦY",IF(N47<0,"QUÁ HẠN",IF(N47<=THIET_LAP!$B$7,"SẮP HẠN","TRONG HẠN"))))) | P47: 084/BK-2026 | S47: Tiến độ: ĐÃ HỦY | Ngày bắt đầu: 2026-02-04 00:00:00 | Ngày nộp: 2026-03-03 00:00:00 | Lần nộp: 1.0 | Chi kỹ thuật: Đã thanh toán
A48: BK-HS-0045 | B48: 46057 | C48: Phòng Đo đạc | D48: Cấp đổi | E48: Vũ Thị Thùy Trang | F48: Công Ty | G48: 0909204125 | H48: Hiệp Bình | I48: Tạ Khắc Tập | J48: Võ Tứ Hợp | L48: Hủy | M48: 46060 | N48: =IF(M48="","",M48-TODAY()) | O48: =IF(A48="","",IF(L48="Hoàn thành","XONG",IF(L48="Đã hủy","HỦY",IF(N48<0,"QUÁ HẠN",IF(N48<=THIET_LAP!$B$7,"SẮP HẠN","TRONG HẠN"))))) | P48: 083/BK-2026 | S48: Tiến độ: ĐÃ HỦY | Ngày bắt đầu: 2026-02-04 00:00:00 | Ngày nộp: 2026-02-06 00:00:00 | Lần nộp: 0.0 | Chi kỹ thuật: Đã thanh toán
A49: BK-HS-0046 | B49: 46057 | C49: Phòng Đo đạc | D49: Cấp đổi | E49: Nguyễn Thị Hồng Trâm | F49: Cô Hoa | H49: Hiệp Bình | I49: Tạ Khắc Tập | J49: Võ Tứ Hợp | L49: Nộp thành công - Chờ kết quả | M49: 46060 | N49: =IF(M49="","",M49-TODAY()) | O49: =IF(A49="","",IF(L49="Hoàn thành","XONG",IF(L49="Đã hủy","HỦY",IF(N49<0,"QUÁ HẠN",IF(N49<=THIET_LAP!$B$7,"SẮP HẠN","TRONG HẠN"))))) | P49: 082/BK-2026 | S49: Tiến độ: Đã nộp | Ngày bắt đầu: 2026-02-04 00:00:00 | Ngày nộp: 2026-02-09 00:00:00 | Lần nộp: 2.0 | Chi kỹ thuật: Đã thanh toán
A50: BK-HS-0047 | B50: 46057 | C50: Phòng Đo đạc | D50: Cắm mốc | E50: La Thị Thanh Duyên | F50: Công Ty | H50: Tam Bình | I50: Tạ Khắc Tập | J50: Võ Tứ Hợp | L50: Hoàn thành | M50: 46060 | N50: =IF(M50="","",M50-TODAY()) | O50: =IF(A50="","",IF(L50="Hoàn thành","XONG",IF(L50="Đã hủy","HỦY",IF(N50<0,"QUÁ HẠN",IF(N50<=THIET_LAP!$B$7,"SẮP HẠN","TRONG HẠN"))))) | P50: 081/BK-2026 | S50: Tiến độ: Hoàn thành | Ngày bắt đầu: 2026-02-04 00:00:00 | Ngày nộp: 2026-02-05 00:00:00 | Ngày HT: 2026-02-05 00:00:00 | Lần nộp: 1.0 | Chi kỹ thuật: Đã thanh toán | Số cọc: 3.0 | Loại cọc: Trụ xi măng
A51: BK-HS-0048 | B51: 46057 | C51: Phòng Đo đạc | D51: Cắm mốc | E51: Nguyễn Thị Ngọc Thảo | F51: Đạt Việt Phát Land | H51: Phước Long | I51: Tạ Khắc Tập | J51: Không cần | L51: Hoàn thành | M51: 46060 | N51: =IF(M51="","",M51-TODAY()) | O51: =IF(A51="","",IF(L51="Hoàn thành","XONG",IF(L51="Đã hủy","HỦY",IF(N51<0,"QUÁ HẠN",IF(N51<=THIET_LAP!$B$7,"SẮP HẠN","TRONG HẠN"))))) | P51: 080/BK-2026 | S51: Tiến độ: Hoàn thành | Ngày bắt đầu: 2026-02-04 00:00:00 | Ngày nộp: 2026-02-05 00:00:00 | Ngày HT: 2026-02-05 00:00:00 | Lần nộp: 0.0 | Chi kỹ thuật: Đã thanh toán | Số cọc: 2.0 | Loại cọc: Trụ xi măng
A52: BK-HS-0049 | B52: 46057 | C52: Phòng Đo đạc | D52: Cấp đổi | E52: Nguyễn Quỳnh Lê | F52: Công Ty | G52: 0778860211 | H52: Cát Lái | I52: Lê Văn Xây | J52: Võ Tứ Hợp | L52: Hoàn thành | M52: 46060 | N52: =IF(M52="","",M52-TODAY()) | O52: =IF(A52="","",IF(L52="Hoàn thành","XONG",IF(L52="Đã hủy","HỦY",IF(N52<0,"QUÁ HẠN",IF(N52<=THIET_LAP!$B$7,"SẮP HẠN","TRONG HẠN"))))) | P52: 079/BK-2026 | S52: Tiến độ: Hoàn thành | Ngày bắt đầu: 2026-02-04 00:00:00 | Ngày nộp: 2026-02-26 00:00:00 | Ngày HT: 2026-02-26 00:00:00 | Lần nộp: 1.0 | Chi kỹ thuật: Đã thanh toán
A53: BK-HS-0050 | B53: 46057 | C53: Phòng Đo đạc | D53: Cấp đổi | E53: Lê Minh Thạnh | F53: Công Ty | G53: 0704115165 | H53: Tam Bình | I53: Lê Văn Xây | J53: Võ Tứ Hợp | L53: Hoàn thành | M53: 46060 | N53: =IF(M53="","",M53-TODAY()) | O53: =IF(A53="","",IF(L53="Hoàn thành","XONG",IF(L53="Đã hủy","HỦY",IF(N53<0,"QUÁ HẠN",IF(N53<=THIET_LAP!$B$7,"SẮP HẠN","TRONG HẠN"))))) | P53: 078/BK-2026 | S53: Tiến độ: Hoàn thành | Ngày bắt đầu: 2026-02-04 00:00:00 | Ngày nộp: 2026-03-09 00:00:00 | Ngày HT: 2026-03-09 00:00:00 | Lần nộp: 2.0 | Chi kỹ thuật: Đã thanh toán
A54: BK-HS-0051 | B54: 46056 | C54: Phòng Đo đạc | D54: Xác định diện tích | E54: Nguyễn Phạm Hoài Vy | F54: Anh Long PCT | H54: Hiệp Bình | I54: Lê Văn Dựng | J54: Không cần | L54: Hoàn thành | M54: 46059 | N54: =IF(M54="","",M54-TODAY()) | O54: =IF(A54="","",IF(L54="Hoàn thành","XONG",IF(L54="Đã hủy","HỦY",IF(N54<0,"QUÁ HẠN",IF(N54<=THIET_LAP!$B$7,"SẮP HẠN","TRONG HẠN"))))) | P54: 077/BK-2026 | S54: Tiến độ: Hoàn thành | Ngày bắt đầu: 2026-02-03 00:00:00 | Ngày nộp: 2026-02-03 00:00:00 | Ngày HT: 2026-02-03 00:00:00 | Lần nộp: 0.0 | Chi kỹ thuật: Đã thanh toán
A55: BK-HS-0052 | B55: 46056 | C55: Phòng Đo đạc | D55: Xác định diện tích | E55: Phan Thị Tố Như | F55: Anh Long PCT | H55: Hiệp Bình | I55: Lê Văn Dựng | J55: Không cần | L55: Hoàn thành | M55: 46059 | N55: =IF(M55="","",M55-TODAY()) | O55: =IF(A55="","",IF(L55="Hoàn thành","XONG",IF(L55="Đã hủy","HỦY",IF(N55<0,"QUÁ HẠN",IF(N55<=THIET_LAP!$B$7,"SẮP HẠN","TRONG HẠN"))))) | P55: 076/BK-2026 | S55: Tiến độ: Hoàn thành | Ngày bắt đầu: 2026-02-03 00:00:00 | Ngày nộp: 2026-02-03 00:00:00 | Ngày HT: 2026-02-03 00:00:00 | Lần nộp: 1.0 | Chi kỹ thuật: Đã thanh toán
A56: BK-HS-0053 | B56: 46056 | C56: Phòng Đo đạc | D56: Điều chỉnh bản vẽ | E56: Hoàng Thị Cúc | F56: Công Ty | G56: 0937183239 | H56: Phước Long | I56: Trương Tấn Quốc | J56: Không cần | L56: Nộp thành công - Chờ kết quả | M56: 46059 | N56: =IF(M56="","",M56-TODAY()) | O56: =IF(A56="","",IF(L56="Hoàn thành","XONG",IF(L56="Đã hủy","HỦY",IF(N56<0,"QUÁ HẠN",IF(N56<=THIET_LAP!$B$7,"SẮP HẠN","TRONG HẠN"))))) | P56: 075/BK-2026 | S56: Tiến độ: Đã nộp | Ngày bắt đầu: 2026-02-03 00:00:00 | Ngày nộp: 2026-03-09 00:00:00 | Lần nộp: 4.0 | Chi kỹ thuật: Đã thanh toán | Ghi chú: Chưa bổ sung bản vẽ xin phép
A57: BK-HS-0054 | B57: 46055 | C57: Phòng Đo đạc | D57: Xác định diện tích | E57: Nguyễn Hoàng Phong | F57: Đạt Việt Phát Land | H57: Thủ Đức | I57: Lê Văn Xây | J57: Võ Tứ Hợp | L57: Hoàn thành | M57: 46058 | N57: =IF(M57="","",M57-TODAY()) | O57: =IF(A57="","",IF(L57="Hoàn thành","XONG",IF(L57="Đã hủy","HỦY",IF(N57<0,"QUÁ HẠN",IF(N57<=THIET_LAP!$B$7,"SẮP HẠN","TRONG HẠN"))))) | P57: 074/BK-2026 | S57: Tiến độ: Hoàn thành | Ngày bắt đầu: 2026-02-02 00:00:00 | Ngày nộp: 2026-02-06 00:00:00 | Ngày HT: 2026-02-06 00:00:00 | Lần nộp: 1.0 | Chi kỹ thuật: Đã thanh toán
A58: BK-HS-0055 | B58: 46055 | C58: Phòng Đo đạc | D58: Cấp đổi | E58: Đào Thị Hòa | F58: Chị Xuân DV | H58: Thủ Đức | I58: Lê Văn Xây | J58: Võ Tứ Hợp | L58: Hoàn thành | M58: 46058 | N58: =IF(M58="","",M58-TODAY()) | O58: =IF(A58="","",IF(L58="Hoàn thành","XONG",IF(L58="Đã hủy","HỦY",IF(N58<0,"QUÁ HẠN",IF(N58<=THIET_LAP!$B$7,"SẮP HẠN","TRONG HẠN"))))) | P58: 073/BK-2026 | S58: Tiến độ: Hoàn thành | Ngày bắt đầu: 2026-02-02 00:00:00 | Ngày nộp: 2026-03-16 00:00:00 | Ngày HT: 2026-03-16 00:00:00 | Lần nộp: 1.0
A59: BK-HS-0056 | B59: 46053 | C59: Phòng Đo đạc | D59: Tách Thửa | E59: Nguyễn Đình Phan- Nguyễn Thị Sa | F59: Công Ty | G59: 0333609405 | H59: Tam Bình | I59: Tạ Khắc Tập | J59: Võ Tứ Hợp | L59: QUÁ HẠN | M59: 46056 | N59: =IF(M59="","",M59-TODAY()) | O59: =IF(A59="","",IF(L59="Hoàn thành","XONG",IF(L59="Đã hủy","HỦY",IF(N59<0,"QUÁ HẠN",IF(N59<=THIET_LAP!$B$7,"SẮP HẠN","TRONG HẠN"))))) | P59: 072/BK-2026 | S59: Tiến độ: QUÁ HẠN | Ngày bắt đầu: 2026-01-31 00:00:00 | Lần nộp: 1.0 | Giải trình: sai hiện trạng+ lấn thửa+ giảm diện tích
A60: BK-HS-0057 | B60: 46052 | C60: Phòng Đo đạc | D60: Xin phép xây dựng | E60: Nguyễn Kim Chi | F60: Công Ty | H60: An Khánh | I60: Võ Thành Minh | J60: Không cần | L60: Nộp thành công - Chờ kết quả | M60: 46055 | N60: =IF(M60="","",M60-TODAY()) | O60: =IF(A60="","",IF(L60="Hoàn thành","XONG",IF(L60="Đã hủy","HỦY",IF(N60<0,"QUÁ HẠN",IF(N60<=THIET_LAP!$B$7,"SẮP HẠN","TRONG HẠN"))))) | P60: 071/BK-2026 | S60: Tiến độ: Đã nộp | Ngày bắt đầu: 2026-01-30 00:00:00 | Ngày nộp: 2026-03-13 00:00:00 | Lần nộp: 1.0 | Chi kỹ thuật: Đã thanh toán
A61: BK-HS-0058 | B61: 46052 | C61: Phòng Đo đạc | D61: Xin phép xây dựng | E61: Đinh Gia Trí | F61: Công Ty | H61: Bình Trưng | I61: Võ Thành Minh | J61: Không cần | L61: Nộp thành công - Chờ kết quả | M61: 46055 | N61: =IF(M61="","",M61-TODAY()) | O61: =IF(A61="","",IF(L61="Hoàn thành","XONG",IF(L61="Đã hủy","HỦY",IF(N61<0,"QUÁ HẠN",IF(N61<=THIET_LAP!$B$7,"SẮP HẠN","TRONG HẠN"))))) | P61: 070/BK-2026 | S61: Tiến độ: Đã nộp | Ngày bắt đầu: 2026-01-30 00:00:00 | Ngày nộp: 2026-01-30 00:00:00 | Lần nộp: 2.0 | Chi kỹ thuật: Đã thanh toán
A62: BK-HS-0059 | B62: 46052 | C62: Phòng Đo đạc | D62: Đo GPS | E62: Nguyễn Hữu Cường | F62: Công Ty | G62: 0903323431 | H62: An Khánh | I62: Lê Văn Dựng | J62: Không cần | L62: Hoàn thành | M62: 46055 | N62: =IF(M62="","",M62-TODAY()) | O62: =IF(A62="","",IF(L62="Hoàn thành","XONG",IF(L62="Đã hủy","HỦY",IF(N62<0,"QUÁ HẠN",IF(N62<=THIET_LAP!$B$7,"SẮP HẠN","TRONG HẠN"))))) | P62: 069/BK-2026 | S62: Tiến độ: Hoàn thành | Ngày bắt đầu: 2026-01-30 00:00:00 | Ngày nộp: 2026-01-30 00:00:00 | Ngày HT: 2026-01-30 00:00:00 | Lần nộp: 1.0 | Chi kỹ thuật: Đã thanh toán
A63: BK-HS-0060 | B63: 46052 | C63: Phòng Đo đạc | D63: Cắm mốc | E63: Đặng Văn Lẹ | F63: Anh Long PCT | H63: Long Phước | I63: Tạ Khắc Tập | J63: Võ Tứ Hợp | L63: Hoàn thành | M63: 46055 | N63: =IF(M63="","",M63-TODAY()) | O63: =IF(A63="","",IF(L63="Hoàn thành","XONG",IF(L63="Đã hủy","HỦY",IF(N63<0,"QUÁ HẠN",IF(N63<=THIET_LAP!$B$7,"SẮP HẠN","TRONG HẠN"))))) | P63: 068/BK-2026 | S63: Tiến độ: Hoàn thành | Ngày bắt đầu: 2026-01-30 00:00:00 | Ngày nộp: 2026-01-30 00:00:00 | Ngày HT: 2026-01-30 00:00:00 | Lần nộp: 1.0 | Chi kỹ thuật: Đã thanh toán | Số cọc: 22.0 | Loại cọc: Cọc sắt
A64: BK-HS-0061 | B64: 46052 | C64: Phòng Đo đạc | D64: Đo GPS | E64: Đặng Văn Lẹ | F64: Anh Long PCT | H64: Long Phước | I64: Lê Văn Dựng | J64: Không cần | L64: Hoàn thành | M64: 46055 | N64: =IF(M64="","",M64-TODAY()) | O64: =IF(A64="","",IF(L64="Hoàn thành","XONG",IF(L64="Đã hủy","HỦY",IF(N64<0,"QUÁ HẠN",IF(N64<=THIET_LAP!$B$7,"SẮP HẠN","TRONG HẠN"))))) | P64: 067/BK-2026 | S64: Tiến độ: Hoàn thành | Ngày bắt đầu: 2026-01-30 00:00:00 | Ngày nộp: 2026-01-30 00:00:00 | Ngày HT: 2026-01-30 00:00:00 | Lần nộp: 1.0 | Chi kỹ thuật: Đã thanh toán
A65: BK-HS-0062 | B65: 46051 | C65: Phòng Đo đạc | D65: Cấp sổ lần đầu | E65: Trần Thị Phước | F65: Chị Phấn DV | H65: Hiệp Bình | I65: Tạ Khắc Tập | J65: Võ Tứ Hợp | L65: Hoàn thành | M65: 46054 | N65: =IF(M65="","",M65-TODAY()) | O65: =IF(A65="","",IF(L65="Hoàn thành","XONG",IF(L65="Đã hủy","HỦY",IF(N65<0,"QUÁ HẠN",IF(N65<=THIET_LAP!$B$7,"SẮP HẠN","TRONG HẠN"))))) | P65: 066/BK-2026 | S65: Tiến độ: Hoàn thành | Ngày bắt đầu: 2026-01-29 00:00:00 | Ngày nộp: 2026-03-06 00:00:00 | Ngày HT: 2026-03-06 00:00:00 | Lần nộp: 1.0
A66: BK-HS-0063 | B66: 46051 | C66: Phòng Đo đạc | D66: Cắm mốc | E66: Phạm Thị Ngọc Điệp | F66: Công Ty | G66: 0934998539 | H66: Ngoài Thủ Đức | I66: Tạ Khắc Tập | J66: Võ Tứ Hợp | K66: Cao | L66: Hoàn thành | M66: 46052 | N66: =IF(M66="","",M66-TODAY()) | O66: =IF(A66="","",IF(L66="Hoàn thành","XONG",IF(L66="Đã hủy","HỦY",IF(N66<0,"QUÁ HẠN",IF(N66<=THIET_LAP!$B$7,"SẮP HẠN","TRONG HẠN"))))) | P66: 065/BK-2026 | S66: Tiến độ: Hoàn thành | Ngày bắt đầu: 2026-01-29 00:00:00 | Ngày nộp: 2026-01-30 00:00:00 | Ngày HT: 2026-01-30 00:00:00 | Lần nộp: 2.0 | Chi kỹ thuật: Đã thanh toán | Số cọc: 10.0 | Loại cọc: Cọc sắt
A67: BK-HS-0064 | B67: 46050 | C67: Phòng Đo đạc | D67: Cấp sổ lần đầu | E67: Lê Xuân Hưng - Nguyễn Thị Kim Yến | F67: Công Ty | G67: 0938206063 | H67: Bình Trưng | I67: Trương Tấn Quốc | J67: Không cần | L67: Hoàn thành | M67: 46053 | N67: =IF(M67="","",M67-TODAY()) | O67: =IF(A67="","",IF(L67="Hoàn thành","XONG",IF(L67="Đã hủy","HỦY",IF(N67<0,"QUÁ HẠN",IF(N67<=THIET_LAP!$B$7,"SẮP HẠN","TRONG HẠN"))))) | P67: 064/BK-2026 | S67: Tiến độ: Hoàn thành | Ngày bắt đầu: 2026-01-28 00:00:00 | Ngày nộp: 2026-02-06 00:00:00 | Ngày HT: 2026-02-06 00:00:00 | Lần nộp: 3.0 | Chi kỹ thuật: Đã thanh toán
A68: BK-HS-0065 | B68: 46050 | C68: Phòng Đo đạc | D68: Tách Thửa | E68: Dương Ngọc Sinh | F68: Anh Trường LS | H68: Tam Bình | I68: Lê Văn Xây | J68: Võ Tứ Hợp | L68: Hủy | M68: 46053 | N68: =IF(M68="","",M68-TODAY()) | O68: =IF(A68="","",IF(L68="Hoàn thành","XONG",IF(L68="Đã hủy","HỦY",IF(N68<0,"QUÁ HẠN",IF(N68<=THIET_LAP!$B$7,"SẮP HẠN","TRONG HẠN"))))) | P68: 063/BK-2026 | S68: Tiến độ: ĐÃ HỦY | Ngày bắt đầu: 2026-01-28 00:00:00 | Ngày nộp: 2026-01-29 00:00:00 | Lần nộp: 1.0 | Chi kỹ thuật: Đã thanh toán
A69: BK-HS-0066 | B69: 46050 | C69: Phòng Đo đạc | D69: Hoàn công | E69: Nguyễn Thị Hương | F69: Công Ty | H69: Linh Xuân | I69: Tạ Khắc Tập | J69: Võ Thành Minh | L69: Nộp thành công - Chờ kết quả | M69: 46053 | N69: =IF(M69="","",M69-TODAY()) | O69: =IF(A69="","",IF(L69="Hoàn thành","XONG",IF(L69="Đã hủy","HỦY",IF(N69<0,"QUÁ HẠN",IF(N69<=THIET_LAP!$B$7,"SẮP HẠN","TRONG HẠN"))))) | P69: 062/BK-2026 | S69: Tiến độ: Đã nộp | Ngày bắt đầu: 2026-01-28 00:00:00 | Ngày nộp: 2026-03-02 00:00:00 | Lần nộp: 1.0 | Chi kỹ thuật: Đã thanh toán
A70: BK-HS-0067 | B70: 46049 | C70: Phòng Đo đạc | D70: Tách Thửa | E70: Bùi Đình Khánh | F70: Công Ty | G70: 0988737070 | H70: Tăng Nhơn Phú | I70: Lê Văn Xây | J70: Không cần | L70: Nộp thành công - Chờ kết quả | M70: 46052 | N70: =IF(M70="","",M70-TODAY()) | O70: =IF(A70="","",IF(L70="Hoàn thành","XONG",IF(L70="Đã hủy","HỦY",IF(N70<0,"QUÁ HẠN",IF(N70<=THIET_LAP!$B$7,"SẮP HẠN","TRONG HẠN"))))) | P70: 061-2/BK-2026 | S70: Tiến độ: Đã nộp | Ngày bắt đầu: 2026-01-27 00:00:00 | Ngày nộp: 2026-01-28 00:00:00 | Lần nộp: 3.0 | Chi kỹ thuật: Đã thanh toán
A71: BK-HS-0068 | B71: 46049 | C71: Phòng Đo đạc | D71: Tách Thửa | E71: Bùi Đình Khánh | F71: Công Ty | G71: 0988737070 | H71: Tăng Nhơn Phú | I71: Lê Văn Xây | J71: Võ Tứ Hợp | L71: Nộp thành công - Chờ kết quả | M71: 46052 | N71: =IF(M71="","",M71-TODAY()) | O71: =IF(A71="","",IF(L71="Hoàn thành","XONG",IF(L71="Đã hủy","HỦY",IF(N71<0,"QUÁ HẠN",IF(N71<=THIET_LAP!$B$7,"SẮP HẠN","TRONG HẠN"))))) | P71: 061-1/BK-2026 | S71: Tiến độ: Đã nộp | Ngày bắt đầu: 2026-01-27 00:00:00 | Ngày nộp: 2026-01-28 00:00:00 | Lần nộp: 1.0 | Chi kỹ thuật: Đã thanh toán
A72: BK-HS-0069 | B72: 46049 | C72: Phòng Đo đạc | D72: Chuyển mục đích | E72: Đặng Văn Lẹ | F72: Anh Long PCT | H72: Long Phước | I72: Tạ Khắc Tập | J72: Võ Tứ Hợp | L72: Nộp thành công - Chờ kết quả | M72: 46052 | N72: =IF(M72="","",M72-TODAY()) | O72: =IF(A72="","",IF(L72="Hoàn thành","XONG",IF(L72="Đã hủy","HỦY",IF(N72<0,"QUÁ HẠN",IF(N72<=THIET_LAP!$B$7,"SẮP HẠN","TRONG HẠN"))))) | P72: 060/BK-2026 | S72: Tiến độ: Đã nộp | Ngày bắt đầu: 2026-01-27 00:00:00 | Ngày nộp: 2026-02-03 00:00:00 | Lần nộp: 2.0 | Chi kỹ thuật: Đã thanh toán
A73: BK-HS-0070 | B73: 46049 | C73: Phòng Đo đạc | D73: Cắm mốc | E73: Đặng Văn Lẹ | F73: Anh Long PCT | H73: Long Phước | I73: Tạ Khắc Tập | J73: Võ Tứ Hợp | L73: Hoàn thành | M73: 46052 | N73: =IF(M73="","",M73-TODAY()) | O73: =IF(A73="","",IF(L73="Hoàn thành","XONG",IF(L73="Đã hủy","HỦY",IF(N73<0,"QUÁ HẠN",IF(N73<=THIET_LAP!$B$7,"SẮP HẠN","TRONG HẠN"))))) | P73: 059/BK-2026 | S73: Tiến độ: Hoàn thành | Ngày bắt đầu: 2026-01-27 00:00:00 | Ngày nộp: 2026-01-27 00:00:00 | Ngày HT: 2026-01-27 00:00:00 | Lần nộp: 0.0 | Chi kỹ thuật: Đã thanh toán | Số cọc: 5.0 | Loại cọc: Cọc sắt
A74: BK-HS-0071 | B74: 46048 | C74: Phòng Đo đạc | D74: Xin phép xây dựng | E74: Lưu Sanh Đạt | F74: Đạt Việt Phát Land | H74: Tăng Nhơn Phú | I74: Võ Thành Minh | J74: Không cần | L74: Hoàn thành | M74: 46051 | N74: =IF(M74="","",M74-TODAY()) | O74: =IF(A74="","",IF(L74="Hoàn thành","XONG",IF(L74="Đã hủy","HỦY",IF(N74<0,"QUÁ HẠN",IF(N74<=THIET_LAP!$B$7,"SẮP HẠN","TRONG HẠN"))))) | P74: 058/BK-2026 | S74: Tiến độ: Hoàn thành | Ngày bắt đầu: 2026-01-26 00:00:00 | Ngày nộp: 2026-03-03 00:00:00 | Ngày HT: 2026-03-03 00:00:00 | Lần nộp: 2.0 | Chi kỹ thuật: Đã thanh toán
A75: BK-HS-0072 | B75: 46048 | C75: Phòng Đo đạc | D75: Xin phép xây dựng | E75: Lê Thị Thu Hiền | F75: Công Ty | H75: Thủ Đức | I75: Võ Thành Minh | J75: Không cần | L75: Nộp thành công - Chờ kết quả | M75: 46051 | N75: =IF(M75="","",M75-TODAY()) | O75: =IF(A75="","",IF(L75="Hoàn thành","XONG",IF(L75="Đã hủy","HỦY",IF(N75<0,"QUÁ HẠN",IF(N75<=THIET_LAP!$B$7,"SẮP HẠN","TRONG HẠN"))))) | P75: 052/BK-2026 | S75: Tiến độ: Đã nộp | Ngày bắt đầu: 2026-01-26 00:00:00 | Ngày nộp: 2026-03-03 00:00:00 | Lần nộp: 1.0 | Chi kỹ thuật: Đã thanh toán
A76: BK-HS-0073 | B76: 46048 | C76: Phòng Đo đạc | D76: Xin phép xây dựng | E76: Đào Thị Huyền Nhung | F76: Đạt Việt Phát Land | H76: Hiệp Bình | I76: Võ Thành Minh | J76: Không cần | L76: Hoàn thành | M76: 46051 | N76: =IF(M76="","",M76-TODAY()) | O76: =IF(A76="","",IF(L76="Hoàn thành","XONG",IF(L76="Đã hủy","HỦY",IF(N76<0,"QUÁ HẠN",IF(N76<=THIET_LAP!$B$7,"SẮP HẠN","TRONG HẠN"))))) | P76: 056/BK-2026 | S76: Tiến độ: Hoàn thành | Ngày bắt đầu: 2026-01-26 00:00:00 | Ngày nộp: 2026-03-03 00:00:00 | Ngày HT: 2026-03-03 00:00:00 | Lần nộp: 1.0 | Chi kỹ thuật: Đã thanh toán
A77: BK-HS-0074 | B77: 46046 | C77: Phòng Đo đạc | D77: Điều chỉnh bản vẽ | E77: Đỗ Hoàng Sang | F77: Công Ty | G77: Zalo Lam Mai | H77: Hiệp Bình | I77: Trương Tấn Quốc | J77: Không cần | L77: Nộp thành công - Chờ kết quả | M77: 46049 | N77: =IF(M77="","",M77-TODAY()) | O77: =IF(A77="","",IF(L77="Hoàn thành","XONG",IF(L77="Đã hủy","HỦY",IF(N77<0,"QUÁ HẠN",IF(N77<=THIET_LAP!$B$7,"SẮP HẠN","TRONG HẠN"))))) | P77: 055/BK-2026 | S77: Tiến độ: Đã nộp | Ngày bắt đầu: 2026-01-24 00:00:00 | Ngày nộp: 2026-02-03 00:00:00 | Lần nộp: 1.0 | Chi kỹ thuật: Đã thanh toán
A78: BK-HS-0075 | B78: 46046 | C78: Phòng Đo đạc | D78: Cấp đổi | E78: Trần Thị Ngọc Minh | F78: Anh Tùng Bất Động Sản | H78: Long Phước | I78: Trương Tấn Quốc | J78: Võ Tứ Hợp | L78: Hủy | M78: 46049 | N78: =IF(M78="","",M78-TODAY()) | O78: =IF(A78="","",IF(L78="Hoàn thành","XONG",IF(L78="Đã hủy","HỦY",IF(N78<0,"QUÁ HẠN",IF(N78<=THIET_LAP!$B$7,"SẮP HẠN","TRONG HẠN"))))) | P78: 054/BK-2026 | S78: Tiến độ: ĐÃ HỦY | Ngày bắt đầu: 2026-01-24 00:00:00 | Ngày nộp: 2026-02-06 00:00:00 | Lần nộp: 1.0 | Chi kỹ thuật: Đã thanh toán | Ghi chú: Đợi trao đổi phương án vs dịch vụ | Giải trình: Dịch vụ báo tạm ngưng
A79: BK-HS-0076 | B79: 46045 | C79: Phòng Đo đạc | D79: Cấp đổi | E79: Nguyễn Hữu Cường | F79: Công Ty | G79: 0903323431 | H79: An Khánh | I79: Lê Văn Dựng | J79: Không cần | L79: Nộp thành công - Chờ kết quả | M79: 46048 | N79: =IF(M79="","",M79-TODAY()) | O79: =IF(A79="","",IF(L79="Hoàn thành","XONG",IF(L79="Đã hủy","HỦY",IF(N79<0,"QUÁ HẠN",IF(N79<=THIET_LAP!$B$7,"SẮP HẠN","TRONG HẠN"))))) | P79: 053/BK-2026 | S79: Tiến độ: Đã nộp | Ngày bắt đầu: 2026-01-23 00:00:00 | Ngày nộp: 2026-02-03 00:00:00 | Lần nộp: 1.0 | Chi kỹ thuật: Đã thanh toán | Ghi chú: hồ sơ chưa xử lý được do khu đất có ao sâu không thể chôn trụ xi măng được,chờ khách hàng san lấp
A80: BK-HS-0077 | B80: 46045 | C80: Phòng Đo đạc | D80: Điều chỉnh bản vẽ | E80: Nguyễn Thị Phượng | F80: Chị Phấn DV | H80: Thủ Đức | I80: Tạ Khắc Tập | J80: Không cần | L80: Hoàn thành | M80: 46048 | N80: =IF(M80="","",M80-TODAY()) | O80: =IF(A80="","",IF(L80="Hoàn thành","XONG",IF(L80="Đã hủy","HỦY",IF(N80<0,"QUÁ HẠN",IF(N80<=THIET_LAP!$B$7,"SẮP HẠN","TRONG HẠN"))))) | P80: 057/BK-2026 | S80: Tiến độ: Hoàn thành | Ngày bắt đầu: 2026-01-23 00:00:00 | Ngày nộp: 2026-03-09 00:00:00 | Ngày HT: 2026-03-09 00:00:00 | Lần nộp: 1.0 | Chi kỹ thuật: Đã thanh toán
A81: BK-HS-0078 | B81: 46045 | C81: Phòng Đo đạc | D81: Cắm mốc | E81: Đinh Văn Hòa | F81: Anh Tùng Bất Động Sản | H81: Cát Lái | I81: Tạ Khắc Tập | J81: Võ Tứ Hợp | L81: Hoàn thành | M81: 46048 | N81: =IF(M81="","",M81-TODAY()) | O81: =IF(A81="","",IF(L81="Hoàn thành","XONG",IF(L81="Đã hủy","HỦY",IF(N81<0,"QUÁ HẠN",IF(N81<=THIET_LAP!$B$7,"SẮP HẠN","TRONG HẠN"))))) | P81: 051/BK-2026 | S81: Tiến độ: Hoàn thành | Ngày bắt đầu: 2026-01-23 00:00:00 | Ngày nộp: 2026-01-24 00:00:00 | Ngày HT: 2026-01-24 00:00:00 | Lần nộp: 2.0 | Chi kỹ thuật: Đã thanh toán | Số cọc: 4.0 | Loại cọc: Trụ xi măng
A82: BK-HS-0079 | B82: 46044 | C82: Phòng Đo đạc | D82: Cấp đổi | E82: Đinh Văn Hòa | F82: Anh Tùng Bất Động Sản | H82: Cát Lái | I82: Trương Tấn Quốc | J82: Võ Tứ Hợp | L82: Hoàn thành | M82: 46047 | N82: =IF(M82="","",M82-TODAY()) | O82: =IF(A82="","",IF(L82="Hoàn thành","XONG",IF(L82="Đã hủy","HỦY",IF(N82<0,"QUÁ HẠN",IF(N82<=THIET_LAP!$B$7,"SẮP HẠN","TRONG HẠN"))))) | P82: 050/BK-2026 | S82: Tiến độ: Hoàn thành | Ngày bắt đầu: 2026-01-22 00:00:00 | Ngày nộp: 2026-02-02 00:00:00 | Ngày HT: 2026-02-02 00:00:00 | Lần nộp: 1.0 | Chi kỹ thuật: Đã thanh toán | Ghi chú: Chưa cắm trụ (4 trụ)
A83: BK-HS-0080 | B83: 46043 | C83: Phòng Đo đạc | D83: Hoàn công | E83: Tống Thị Mỹ Trang | F83: Đạt Việt Phát Land | H83: Long Trường | I83: Lê Văn Xây | J83: Võ Tứ Hợp | L83: Nộp thành công - Chờ kết quả | M83: 46046 | N83: =IF(M83="","",M83-TODAY()) | O83: =IF(A83="","",IF(L83="Hoàn thành","XONG",IF(L83="Đã hủy","HỦY",IF(N83<0,"QUÁ HẠN",IF(N83<=THIET_LAP!$B$7,"SẮP HẠN","TRONG HẠN"))))) | P83: 049/BK-2026 | S83: Tiến độ: Đã nộp | Ngày bắt đầu: 2026-01-21 00:00:00 | Ngày nộp: 2026-01-23 00:00:00 | Lần nộp: 2.0 | Chi kỹ thuật: Đã thanh toán
A84: BK-HS-0081 | B84: 46043 | C84: Phòng Đo đạc | D84: Cắm mốc | E84: Phạm Thị Giao Linh | F84: Tùng Huế DV | H84: Phước Long | I84: Tạ Khắc Tập | J84: Không cần | L84: Hoàn thành | M84: 46046 | N84: =IF(M84="","",M84-TODAY()) | O84: =IF(A84="","",IF(L84="Hoàn thành","XONG",IF(L84="Đã hủy","HỦY",IF(N84<0,"QUÁ HẠN",IF(N84<=THIET_LAP!$B$7,"SẮP HẠN","TRONG HẠN"))))) | P84: 048/BK-2026 | S84: Tiến độ: Hoàn thành | Ngày bắt đầu: 2026-01-21 00:00:00 | Ngày nộp: 2026-01-22 00:00:00 | Ngày HT: 2026-01-22 00:00:00 | Lần nộp: 1.0 | Chi kỹ thuật: Đã thanh toán | Số cọc: 2.0 | Loại cọc: Trụ xi măng
A85: BK-HS-0082 | B85: 46043 | C85: Phòng Đo đạc | D85: Cấp đổi | E85: Đặng Thị Kim Thiện | F85: Chị Phấn DV | H85: Phước Long | I85: Tạ Khắc Tập | J85: Không cần | L85: Hoàn thành | M85: 46046 | N85: =IF(M85="","",M85-TODAY()) | O85: =IF(A85="","",IF(L85="Hoàn thành","XONG",IF(L85="Đã hủy","HỦY",IF(N85<0,"QUÁ HẠN",IF(N85<=THIET_LAP!$B$7,"SẮP HẠN","TRONG HẠN"))))) | P85: 047/BK-2026 | S85: Tiến độ: Hoàn thành | Ngày bắt đầu: 2026-01-21 00:00:00 | Ngày nộp: 2026-01-31 00:00:00 | Ngày HT: 2026-01-31 00:00:00 | Lần nộp: 1.0 | Chi kỹ thuật: Đã thanh toán
A86: BK-HS-0083 | B86: 46042 | C86: Phòng Đo đạc | D86: Cấp đổi | E86: Nguyễn Tiến Quân | F86: Hoàng Cương BĐS | H86: Linh Xuân | I86: Tạ Khắc Tập | J86: Võ Tứ Hợp | L86: QUÁ HẠN | M86: 46045 | N86: =IF(M86="","",M86-TODAY()) | O86: =IF(A86="","",IF(L86="Hoàn thành","XONG",IF(L86="Đã hủy","HỦY",IF(N86<0,"QUÁ HẠN",IF(N86<=THIET_LAP!$B$7,"SẮP HẠN","TRONG HẠN"))))) | P86: 046/BK-2026 | S86: Tiến độ: QUÁ HẠN | Ngày bắt đầu: 2026-01-20 00:00:00 | Lần nộp: 1.0 | Giải trình: sai hiện trạng chơ phuong an
A87: BK-HS-0084 | B87: 46042 | C87: Phòng Đo đạc | D87: Xác định diện tích | E87: Phan Thanh Phong | F87: Anh Long PCT | H87: Hiệp Bình | I87: Tạ Khắc Tập | J87: Võ Tứ Hợp | L87: Hoàn thành | M87: 46045 | N87: =IF(M87="","",M87-TODAY()) | O87: =IF(A87="","",IF(L87="Hoàn thành","XONG",IF(L87="Đã hủy","HỦY",IF(N87<0,"QUÁ HẠN",IF(N87<=THIET_LAP!$B$7,"SẮP HẠN","TRONG HẠN"))))) | P87: 045/BK-2026 | S87: Tiến độ: Hoàn thành | Ngày bắt đầu: 2026-01-20 00:00:00 | Ngày nộp: 2026-01-20 00:00:00 | Ngày HT: 2026-01-20 00:00:00 | Lần nộp: 1.0 | Chi kỹ thuật: Đã thanh toán
A88: BK-HS-0085 | B88: 46041 | C88: Phòng Đo đạc | D88: Hoàn công | E88: Lê Quang Đạo | F88: Chị Phấn DV | H88: Cát Lái | I88: Trương Tấn Quốc | J88: Không cần | L88: Nộp thành công - Chờ kết quả | M88: 46044 | N88: =IF(M88="","",M88-TODAY()) | O88: =IF(A88="","",IF(L88="Hoàn thành","XONG",IF(L88="Đã hủy","HỦY",IF(N88<0,"QUÁ HẠN",IF(N88<=THIET_LAP!$B$7,"SẮP HẠN","TRONG HẠN"))))) | P88: 044/BK-2026 | S88: Tiến độ: Đã nộp | Ngày bắt đầu: 2026-01-19 00:00:00 | Ngày nộp: 2026-01-21 00:00:00 | Lần nộp: 2.0 | Chi kỹ thuật: Đã thanh toán
A89: BK-HS-0086 | B89: 46041 | C89: Phòng Đo đạc | D89: Xác định diện tích | E89: Võ Văn Hoa | F89: Công Ty | H89: Hiệp Bình | I89: Trương Tấn Quốc | J89: Không cần | L89: Hoàn thành | M89: 46044 | N89: =IF(M89="","",M89-TODAY()) | O89: =IF(A89="","",IF(L89="Hoàn thành","XONG",IF(L89="Đã hủy","HỦY",IF(N89<0,"QUÁ HẠN",IF(N89<=THIET_LAP!$B$7,"SẮP HẠN","TRONG HẠN"))))) | P89: 043/BK-2026 | S89: Tiến độ: Hoàn thành | Ngày bắt đầu: 2026-01-19 00:00:00 | Ngày nộp: 2026-01-19 00:00:00 | Ngày HT: 2026-01-19 00:00:00 | Lần nộp: 2.0 | Chi kỹ thuật: Đã thanh toán | Ghi chú: Vẽ mẫu CMĐ gửi phường
A90: BK-HS-0087 | B90: 46041 | C90: Phòng Đo đạc | D90: Xác định diện tích | E90: Lê Thị Nguyệt | F90: Đạt Việt Phát Land | H90: Tăng Nhơn Phú | I90: Lê Văn Xây | J90: Không cần | L90: Hoàn thành | M90: 46044 | N90: =IF(M90="","",M90-TODAY()) | O90: =IF(A90="","",IF(L90="Hoàn thành","XONG",IF(L90="Đã hủy","HỦY",IF(N90<0,"QUÁ HẠN",IF(N90<=THIET_LAP!$B$7,"SẮP HẠN","TRONG HẠN"))))) | P90: 042/BK-2026 | S90: Tiến độ: Hoàn thành | Ngày bắt đầu: 2026-01-19 00:00:00 | Ngày nộp: 2026-01-19 00:00:00 | Ngày HT: 2026-01-19 00:00:00 | Lần nộp: 2.0 | Chi kỹ thuật: Đã thanh toán
A91: BK-HS-0088 | B91: 46041 | C91: Phòng Đo đạc | D91: Hoàn công | E91: Đinh Văn Long | F91: Đạt Việt Phát Land | H91: Thủ Đức | I91: Lê Văn Xây | J91: Võ Tứ Hợp | L91: Nộp thành công - Chờ kết quả | M91: 46044 | N91: =IF(M91="","",M91-TODAY()) | O91: =IF(A91="","",IF(L91="Hoàn thành","XONG",IF(L91="Đã hủy","HỦY",IF(N91<0,"QUÁ HẠN",IF(N91<=THIET_LAP!$B$7,"SẮP HẠN","TRONG HẠN"))))) | P91: 041/BK-2026 | S91: Tiến độ: Đã nộp | Ngày bắt đầu: 2026-01-19 00:00:00 | Ngày nộp: 2026-01-21 00:00:00 | Lần nộp: 2.0 | Chi kỹ thuật: Đã thanh toán
A92: BK-HS-0089 | B92: 46040 | C92: Phòng Đo đạc | D92: Cắm mốc | E92: Cắm mốc Tuấn BK | F92: Tuấn Lộc | H92: Phước Long | I92: Lê Văn Dựng | J92: Võ Tứ Hợp | L92: Hoàn thành | M92: 46043 | N92: =IF(M92="","",M92-TODAY()) | O92: =IF(A92="","",IF(L92="Hoàn thành","XONG",IF(L92="Đã hủy","HỦY",IF(N92<0,"QUÁ HẠN",IF(N92<=THIET_LAP!$B$7,"SẮP HẠN","TRONG HẠN"))))) | P92: 040/BK-2026 | S92: Tiến độ: Hoàn thành | Ngày bắt đầu: 2026-01-18 00:00:00 | Ngày nộp: 2026-01-18 00:00:00 | Ngày HT: 2026-01-18 00:00:00 | Lần nộp: 1.0 | Chi kỹ thuật: Đã thanh toán | Số cọc: 1.0 | Loại cọc: Trụ xi măng | Ghi chú: Cắm mốc,Chôn trụ xi măng đã chốt khách hàng 4 triệu (chưa thanh toán)
A93: BK-HS-0090 | B93: 46039 | C93: Phòng Đo đạc | D93: Cắm mốc | E93: Trương Thị Ngọc Mai | F93: Công Ty | G93: 0344276226 | H93: Tam Bình | I93: Lê Văn Xây | J93: Võ Tứ Hợp | L93: Hoàn thành | M93: 46042 | N93: =IF(M93="","",M93-TODAY()) | O93: =IF(A93="","",IF(L93="Hoàn thành","XONG",IF(L93="Đã hủy","HỦY",IF(N93<0,"QUÁ HẠN",IF(N93<=THIET_LAP!$B$7,"SẮP HẠN","TRONG HẠN"))))) | P93: 039/BK-2026 | S93: Tiến độ: Hoàn thành | Ngày bắt đầu: 2026-01-17 00:00:00 | Ngày nộp: 2026-01-17 00:00:00 | Ngày HT: 2026-01-17 00:00:00 | Lần nộp: 1.0 | Chi kỹ thuật: Đã thanh toán | Số cọc: 4.0 | Loại cọc: Cọc sắt
A94: BK-HS-0091 | B94: 46039 | C94: Phòng Đo đạc | D94: Cấp đổi | E94: Nguyễn Thị Cẩm Vân | F94: Công Ty | G94: 0902922367 | H94: Long Phước | I94: Lê Văn Dựng | J94: Không cần | L94: QUÁ HẠN | M94: 46042 | N94: =IF(M94="","",M94-TODAY()) | O94: =IF(A94="","",IF(L94="Hoàn thành","XONG",IF(L94="Đã hủy","HỦY",IF(N94<0,"QUÁ HẠN",IF(N94<=THIET_LAP!$B$7,"SẮP HẠN","TRONG HẠN"))))) | P94: 038/BK-2026 | S94: Tiến độ: QUÁ HẠN | Ngày bắt đầu: 2026-01-17 00:00:00 | Lần nộp: 3.0 | Ghi chú: Đã đo chờ trao đổi với khách hàng do giảm diện tích
A95: BK-HS-0092 | B95: 46037 | C95: Phòng Đo đạc | D95: Hoàn công | E95: Nguyễn Thị An | F95: Công Ty | G95: 0918096934 | H95: Bình Trưng | I95: Lê Văn Dựng | J95: Võ Tứ Hợp | L95: Nộp thành công - Chờ kết quả | M95: 46040 | N95: =IF(M95="","",M95-TODAY()) | O95: =IF(A95="","",IF(L95="Hoàn thành","XONG",IF(L95="Đã hủy","HỦY",IF(N95<0,"QUÁ HẠN",IF(N95<=THIET_LAP!$B$7,"SẮP HẠN","TRONG HẠN"))))) | P95: 037/BK-2026 | S95: Tiến độ: Đã nộp | Ngày bắt đầu: 2026-01-15 00:00:00 | Ngày nộp: 2026-01-19 00:00:00 | Lần nộp: 1.0 | Chi kỹ thuật: Đã thanh toán
A96: BK-HS-0093 | B96: 46037 | C96: Phòng Đo đạc | D96: Đo GPS | E96: Phạm Thị Trang | F96: Cô Hoa | H96: Tam Bình | I96: Lê Văn Dựng | J96: Không cần | L96: Hoàn thành | M96: 46040 | N96: =IF(M96="","",M96-TODAY()) | O96: =IF(A96="","",IF(L96="Hoàn thành","XONG",IF(L96="Đã hủy","HỦY",IF(N96<0,"QUÁ HẠN",IF(N96<=THIET_LAP!$B$7,"SẮP HẠN","TRONG HẠN"))))) | P96: 036/BK-2026 | S96: Tiến độ: Hoàn thành | Ngày bắt đầu: 2026-01-15 00:00:00 | Ngày nộp: 2026-01-16 00:00:00 | Ngày HT: 2026-01-16 00:00:00 | Lần nộp: 2.0 | Chi kỹ thuật: Đã thanh toán
A97: BK-HS-0094 | B97: 46037 | C97: Phòng Đo đạc | D97: Cấp đổi | E97: Nguyễn Thị Trúc Thanh-Hoàng Phi Hải | F97: Nguyễn Hương DV | H97: Thủ Đức | I97: Trương Tấn Quốc | J97: Võ Tứ Hợp | L97: Nộp thành công - Chờ kết quả | M97: 46040 | N97: =IF(M97="","",M97-TODAY()) | O97: =IF(A97="","",IF(L97="Hoàn thành","XONG",IF(L97="Đã hủy","HỦY",IF(N97<0,"QUÁ HẠN",IF(N97<=THIET_LAP!$B$7,"SẮP HẠN","TRONG HẠN"))))) | P97: 035/BK-2026 | S97: Tiến độ: Đã nộp | Ngày bắt đầu: 2026-01-15 00:00:00 | Ngày nộp: 2026-01-19 00:00:00 | Lần nộp: 1.0 | Chi kỹ thuật: Đã thanh toán
A98: BK-HS-0095 | B98: 46037 | C98: Phòng Đo đạc | D98: Điều chỉnh bản vẽ | E98: Đỗ Thị Mười | F98: Công Ty | G98: 0915165138 | H98: Hiệp Bình | I98: Trương Tấn Quốc | J98: Không cần | L98: Hoàn thành | M98: 46040 | N98: =IF(M98="","",M98-TODAY()) | O98: =IF(A98="","",IF(L98="Hoàn thành","XONG",IF(L98="Đã hủy","HỦY",IF(N98<0,"QUÁ HẠN",IF(N98<=THIET_LAP!$B$7,"SẮP HẠN","TRONG HẠN"))))) | P98: 034/BK-2026 | S98: Tiến độ: Hoàn thành | Ngày bắt đầu: 2026-01-15 00:00:00 | Ngày nộp: 2026-02-11 00:00:00 | Ngày HT: 2026-02-11 00:00:00 | Lần nộp: 1.0 | Chi kỹ thuật: Đã thanh toán | Giải trình: Đợt dịch vụ chốt
A99: BK-HS-0096 | B99: 46037 | C99: Phòng Đo đạc | D99: Điều chỉnh bản vẽ | E99: Lê Văn Mạnh | F99: Công Ty | G99: 0915165138 | H99: Hiệp Bình | I99: Trương Tấn Quốc | J99: Không cần | L99: Hoàn thành | M99: 46040 | N99: =IF(M99="","",M99-TODAY()) | O99: =IF(A99="","",IF(L99="Hoàn thành","XONG",IF(L99="Đã hủy","HỦY",IF(N99<0,"QUÁ HẠN",IF(N99<=THIET_LAP!$B$7,"SẮP HẠN","TRONG HẠN"))))) | P99: 033/BK-2026 | S99: Tiến độ: Hoàn thành | Ngày bắt đầu: 2026-01-15 00:00:00 | Ngày nộp: 2026-02-11 00:00:00 | Ngày HT: 2026-02-11 00:00:00 | Lần nộp: 2.0 | Chi kỹ thuật: Đã thanh toán | Giải trình: Đợi dịch vụ chốt
A100: BK-HS-0097 | B100: 46037 | C100: Phòng Đo đạc | D100: Hoàn công | E100: Nguyễn Khắc Thọ-Nguyễn Thị Hồng | F100: Tạ Khắc Tập | G100: A Tập | H100: An Khánh | I100: Trương Tấn Quốc | J100: Võ Tứ Hợp | L100: Hoàn thành | M100: 46040 | N100: =IF(M100="","",M100-TODAY()) | O100: =IF(A100="","",IF(L100="Hoàn thành","XONG",IF(L100="Đã hủy","HỦY",IF(N100<0,"QUÁ HẠN",IF(N100<=THIET_LAP!$B$7,"SẮP HẠN","TRONG HẠN"))))) | P100: 032/BK-2026 | S100: Tiến độ: Hoàn thành | Ngày bắt đầu: 2026-01-15 00:00:00 | Ngày nộp: 2026-02-06 00:00:00 | Ngày HT: 2026-02-06 00:00:00 | Lần nộp: 0.0 | Chi kỹ thuật: Đã thanh toán | Ghi chú: Đợi sửa chửa đúng hiện trạng | Giải trình: Đã xử lý, đợi hoàn thành công trình
...

Sheet DATABASE_TASK
A1: DATABASE TASK
A2: Bảng giao việc liên phòng. Mỗi task là 1 đầu việc.
A3: Mã task | B3: Mã hồ sơ | C3: Phòng ban | D3: Tên công việc | E3: Người giao | F3: Người nhận | G3: Ngày giao | H3: Deadline | I3: Ưu tiên | J3: Trạng thái | K3: Kết quả | L3: Quá hạn? | M3: Ngày hoàn thành | N3: Ghi chú
A4: BK-TSK-0001 | B4: BK-HS-0001 | C4: Phòng Đo đạc | D4: Xin phép xây dựng | E4: Giám đốc | F4: Võ Thành Minh | G4: 46097 | H4: 46100 | J4: Trong hạn | K4: Trong hạn | L4: =IF(OR(H4="",J4="Hoàn thành",J4="Đã hủy"),"",IF(H4<TODAY(),"QUÁ HẠN",IF(H4-TODAY()<=THIET_LAP!$B$8,"SẮP HẠN","TRONG HẠN")))
A5: BK-TSK-0002 | B5: BK-HS-0002 | C5: Phòng Đo đạc | D5: Cấp đổi | E5: Giám đốc | F5: Trương Tấn Quốc | G5: 46094 | H5: 46097 | J5: Trong hạn | K5: Trong hạn | L5: =IF(OR(H5="",J5="Hoàn thành",J5="Đã hủy"),"",IF(H5<TODAY(),"QUÁ HẠN",IF(H5-TODAY()<=THIET_LAP!$B$8,"SẮP HẠN","TRONG HẠN"))) | N5: Đợi trao đổi với dịch vụ
A6: BK-TSK-0003 | B6: BK-HS-0003 | C6: Phòng Đo đạc | D6: Hoàn công | E6: Giám đốc | F6: Lê Văn Xây | G6: 46094 | H6: 46097 | J6: Nộp thành công - Chờ kết quả | K6: Đã nộp | L6: =IF(OR(H6="",J6="Hoàn thành",J6="Đã hủy"),"",IF(H6<TODAY(),"QUÁ HẠN",IF(H6-TODAY()<=THIET_LAP!$B$8,"SẮP HẠN","TRONG HẠN")))
A7: BK-TSK-0004 | B7: BK-HS-0004 | C7: Phòng Đo đạc | D7: Cấp đổi | E7: Giám đốc | F7: Tạ Khắc Tập | G7: 46094 | H7: 46097 | J7: Nộp thành công - Chờ kết quả | K7: Đã nộp | L7: =IF(OR(H7="",J7="Hoàn thành",J7="Đã hủy"),"",IF(H7<TODAY(),"QUÁ HẠN",IF(H7-TODAY()<=THIET_LAP!$B$8,"SẮP HẠN","TRONG HẠN")))
A8: BK-TSK-0005 | B8: BK-HS-0005 | C8: Phòng Đo đạc | D8: Cấp đổi | E8: Giám đốc | F8: Tạ Khắc Tập | G8: 46094 | H8: 46097 | J8: Nộp thành công - Chờ kết quả | K8: Đã nộp | L8: =IF(OR(H8="",J8="Hoàn thành",J8="Đã hủy"),"",IF(H8<TODAY(),"QUÁ HẠN",IF(H8-TODAY()<=THIET_LAP!$B$8,"SẮP HẠN","TRONG HẠN")))
A9: BK-TSK-0006 | B9: BK-HS-0006 | C9: Phòng Đo đạc | D9: Cắm mốc | E9: Giám đốc | F9: Tạ Khắc Tập | G9: 46094 | H9: 46097 | J9: Hoàn thành | K9: Hoàn thành | L9: =IF(OR(H9="",J9="Hoàn thành",J9="Đã hủy"),"",IF(H9<TODAY(),"QUÁ HẠN",IF(H9-TODAY()<=THIET_LAP!$B$8,"SẮP HẠN","TRONG HẠN"))) | M9: 46094
A10: BK-TSK-0007 | B10: BK-HS-0007 | C10: Phòng Đo đạc | D10: Cấp đổi | E10: Giám đốc | F10: Lê Văn Dựng | G10: 46093 | H10: 46096 | J10: QUÁ HẠN | K10: QUÁ HẠN | L10: =IF(OR(H10="",J10="Hoàn thành",J10="Đã hủy"),"",IF(H10<TODAY(),"QUÁ HẠN",IF(H10-TODAY()<=THIET_LAP!$B$8,"SẮP HẠN","TRONG HẠN"))) | N10: hồ sơ lệch ranh chờ pa
A11: BK-TSK-0008 | B11: BK-HS-0008 | C11: Phòng Đo đạc | D11: Hoàn công | E11: Giám đốc | F11: Lê Văn Dựng | G11: 46093 | H11: 46096 | J11: QUÁ HẠN | K11: QUÁ HẠN | L11: =IF(OR(H11="",J11="Hoàn thành",J11="Đã hủy"),"",IF(H11<TODAY(),"QUÁ HẠN",IF(H11-TODAY()<=THIET_LAP!$B$8,"SẮP HẠN","TRONG HẠN")))
A12: BK-TSK-0009 | B12: BK-HS-0009 | C12: Phòng Đo đạc | D12: Xác định diện tích | E12: Giám đốc | F12: Lê Văn Xây | G12: 46092 | H12: 46095 | J12: QUÁ HẠN | K12: QUÁ HẠN | L12: =IF(OR(H12="",J12="Hoàn thành",J12="Đã hủy"),"",IF(H12<TODAY(),"QUÁ HẠN",IF(H12-TODAY()<=THIET_LAP!$B$8,"SẮP HẠN","TRONG HẠN")))
A13: BK-TSK-0010 | B13: BK-HS-0010 | C13: Phòng Đo đạc | D13: Hoàn công | E13: Giám đốc | F13: Lê Văn Xây | G13: 46092 | H13: 46095 | J13: QUÁ HẠN | K13: QUÁ HẠN | L13: =IF(OR(H13="",J13="Hoàn thành",J13="Đã hủy"),"",IF(H13<TODAY(),"QUÁ HẠN",IF(H13-TODAY()<=THIET_LAP!$B$8,"SẮP HẠN","TRONG HẠN")))
A14: BK-TSK-0011 | B14: BK-HS-0011 | C14: Phòng Đo đạc | D14: Cấp đổi | E14: Giám đốc | F14: Trương Tấn Quốc | G14: 46092 | H14: 46095 | J14: Nộp thành công - Chờ kết quả | K14: Đã nộp | L14: =IF(OR(H14="",J14="Hoàn thành",J14="Đã hủy"),"",IF(H14<TODAY(),"QUÁ HẠN",IF(H14-TODAY()<=THIET_LAP!$B$8,"SẮP HẠN","TRONG HẠN"))) | N14: Cần cắm mốc | Đợi trích lục
A15: BK-TSK-0012 | B15: BK-HS-0012 | C15: Phòng Đo đạc | D15: Cắm mốc | E15: Giám đốc | F15: Tạ Khắc Tập | G15: 46091 | H15: 46094 | J15: Hoàn thành | K15: Hoàn thành | L15: =IF(OR(H15="",J15="Hoàn thành",J15="Đã hủy"),"",IF(H15<TODAY(),"QUÁ HẠN",IF(H15-TODAY()<=THIET_LAP!$B$8,"SẮP HẠN","TRONG HẠN"))) | M15: 46091
A16: BK-TSK-0013 | B16: BK-HS-0013 | C16: Phòng Đo đạc | D16: Chuyển mục đích | E16: Giám đốc | F16: Lê Văn Xây | G16: 46091 | H16: 46094 | J16: QUÁ HẠN | K16: QUÁ HẠN | L16: =IF(OR(H16="",J16="Hoàn thành",J16="Đã hủy"),"",IF(H16<TODAY(),"QUÁ HẠN",IF(H16-TODAY()<=THIET_LAP!$B$8,"SẮP HẠN","TRONG HẠN")))
A17: BK-TSK-0014 | B17: BK-HS-0014 | C17: Phòng Đo đạc | D17: Cắm mốc | E17: Giám đốc | F17: Tạ Khắc Tập | G17: 46091 | H17: 46094 | J17: Hoàn thành | K17: Hoàn thành | L17: =IF(OR(H17="",J17="Hoàn thành",J17="Đã hủy"),"",IF(H17<TODAY(),"QUÁ HẠN",IF(H17-TODAY()<=THIET_LAP!$B$8,"SẮP HẠN","TRONG HẠN"))) | M17: 46091
A18: BK-TSK-0015 | B18: BK-HS-0015 | C18: Phòng Đo đạc | D18: Xác định diện tích | E18: Giám đốc | F18: Lê Văn Dựng | G18: 46091 | H18: 46094 | J18: Hoàn thành | K18: Hoàn thành | L18: =IF(OR(H18="",J18="Hoàn thành",J18="Đã hủy"),"",IF(H18<TODAY(),"QUÁ HẠN",IF(H18-TODAY()<=THIET_LAP!$B$8,"SẮP HẠN","TRONG HẠN"))) | M18: 46091
A19: BK-TSK-0016 | B19: BK-HS-0016 | C19: Phòng Đo đạc | D19: Xác định diện tích | E19: Giám đốc | F19: Lê Văn Dựng | G19: 46091 | H19: 46094 | J19: Hoàn thành | K19: Hoàn thành | L19: =IF(OR(H19="",J19="Hoàn thành",J19="Đã hủy"),"",IF(H19<TODAY(),"QUÁ HẠN",IF(H19-TODAY()<=THIET_LAP!$B$8,"SẮP HẠN","TRONG HẠN"))) | M19: 46091
A20: BK-TSK-0017 | B20: BK-HS-0017 | C20: Phòng Đo đạc | D20: Đo GPS | E20: Giám đốc | F20: Lê Văn Dựng | G20: 46090 | H20: 46093 | J20: Hoàn thành | K20: Hoàn thành | L20: =IF(OR(H20="",J20="Hoàn thành",J20="Đã hủy"),"",IF(H20<TODAY(),"QUÁ HẠN",IF(H20-TODAY()<=THIET_LAP!$B$8,"SẮP HẠN","TRONG HẠN"))) | M20: 46091
A21: BK-TSK-0018 | B21: BK-HS-0018 | C21: Phòng Đo đạc | D21: Cấp sổ lần đầu | E21: Giám đốc | F21: Tạ Khắc Tập | G21: 46090 | H21: 46093 | J21: Hoàn thành | K21: Hoàn thành | L21: =IF(OR(H21="",J21="Hoàn thành",J21="Đã hủy"),"",IF(H21<TODAY(),"QUÁ HẠN",IF(H21-TODAY()<=THIET_LAP!$B$8,"SẮP HẠN","TRONG HẠN"))) | M21: 46092 | N21: BAO CAO GPS
A22: BK-TSK-0019 | B22: BK-HS-0019 | C22: Phòng Đo đạc | D22: Đo GPS | E22: Giám đốc | F22: Lê Văn Dựng | G22: 46090 | H22: 46093 | J22: Hoàn thành | K22: Hoàn thành | L22: =IF(OR(H22="",J22="Hoàn thành",J22="Đã hủy"),"",IF(H22<TODAY(),"QUÁ HẠN",IF(H22-TODAY()<=THIET_LAP!$B$8,"SẮP HẠN","TRONG HẠN"))) | M22: 46090
A23: BK-TSK-0020 | B23: BK-HS-0020 | C23: Phòng Đo đạc | D23: Cấp đổi | E23: Giám đốc | F23: Lê Văn Dựng | G23: 46090 | H23: 46091 | I23: Cao | J23: Nộp thành công - Chờ kết quả | K23: Đã nộp | L23: =IF(OR(H23="",J23="Hoàn thành",J23="Đã hủy"),"",IF(H23<TODAY(),"QUÁ HẠN",IF(H23-TODAY()<=THIET_LAP!$B$8,"SẮP HẠN","TRONG HẠN")))
A24: BK-TSK-0021 | B24: BK-HS-0021 | C24: Phòng Đo đạc | D24: Xin phép xây dựng | E24: Giám đốc | F24: Võ Tứ Hợp | G24: 46088 | H24: 46091 | J24: Hủy | K24: ĐÃ HỦY | L24: =IF(OR(H24="",J24="Hoàn thành",J24="Đã hủy"),"",IF(H24<TODAY(),"QUÁ HẠN",IF(H24-TODAY()<=THIET_LAP!$B$8,"SẮP HẠN","TRONG HẠN")))
A25: BK-TSK-0022 | B25: BK-HS-0022 | C25: Phòng Đo đạc | D25: Hoàn công | E25: Giám đốc | F25: Lê Văn Xây | G25: 46087 | H25: 46090 | J25: Nộp thành công - Chờ kết quả | K25: Đã nộp | L25: =IF(OR(H25="",J25="Hoàn thành",J25="Đã hủy"),"",IF(H25<TODAY(),"QUÁ HẠN",IF(H25-TODAY()<=THIET_LAP!$B$8,"SẮP HẠN","TRONG HẠN")))
A26: BK-TSK-0023 | B26: BK-HS-0023 | C26: Phòng Đo đạc | D26: Cắm mốc | E26: Giám đốc | F26: Lê Văn Dựng | G26: 46086 | H26: 46089 | J26: Hoàn thành | K26: Hoàn thành | L26: =IF(OR(H26="",J26="Hoàn thành",J26="Đã hủy"),"",IF(H26<TODAY(),"QUÁ HẠN",IF(H26-TODAY()<=THIET_LAP!$B$8,"SẮP HẠN","TRONG HẠN"))) | M26: 46086
A27: BK-TSK-0024 | B27: BK-HS-0024 | C27: Phòng Đo đạc | D27: Cấp sổ lần đầu | E27: Giám đốc | F27: Trương Tấn Quốc | G27: 46085 | H27: 46088 | J27: Hoàn thành | K27: Hoàn thành | L27: =IF(OR(H27="",J27="Hoàn thành",J27="Đã hủy"),"",IF(H27<TODAY(),"QUÁ HẠN",IF(H27-TODAY()<=THIET_LAP!$B$8,"SẮP HẠN","TRONG HẠN"))) | M27: 46086 | N27: Lúc trước đã hủy, giờ vẽ nộp phường
A28: BK-TSK-0025 | B28: BK-HS-0025 | C28: Phòng Đo đạc | D28: Cắm mốc | E28: Giám đốc | F28: Lê Văn Dựng | G28: 46085 | H28: 46088 | J28: Hoàn thành | K28: Hoàn thành | L28: =IF(OR(H28="",J28="Hoàn thành",J28="Đã hủy"),"",IF(H28<TODAY(),"QUÁ HẠN",IF(H28-TODAY()<=THIET_LAP!$B$8,"SẮP HẠN","TRONG HẠN"))) | M28: 46086
A29: BK-TSK-0026 | B29: BK-HS-0026 | C29: Phòng Đo đạc | D29: Xác định diện tích | E29: Giám đốc | F29: Trương Tấn Quốc | G29: 46085 | H29: 46088 | J29: Hoàn thành | K29: Hoàn thành | L29: =IF(OR(H29="",J29="Hoàn thành",J29="Đã hủy"),"",IF(H29<TODAY(),"QUÁ HẠN",IF(H29-TODAY()<=THIET_LAP!$B$8,"SẮP HẠN","TRONG HẠN"))) | M29: 46085
A30: BK-TSK-0027 | B30: BK-HS-0027 | C30: Phòng Đo đạc | D30: Xác định diện tích | E30: Giám đốc | F30: Lê Văn Dựng | G30: 46085 | H30: 46088 | J30: Hoàn thành | K30: Hoàn thành | L30: =IF(OR(H30="",J30="Hoàn thành",J30="Đã hủy"),"",IF(H30<TODAY(),"QUÁ HẠN",IF(H30-TODAY()<=THIET_LAP!$B$8,"SẮP HẠN","TRONG HẠN"))) | M30: 46086 | N30: hồ sơ cấp đổi lấn thửa chủ nhà yêu cầu vẽ XDDT để đưa lên phường trình bày
A31: BK-TSK-0028 | B31: BK-HS-0028 | C31: Phòng Đo đạc | D31: Hoàn công | E31: Giám đốc | F31: Tạ Khắc Tập | G31: 46085 | H31: 46088 | J31: Nộp thành công - Chờ kết quả | K31: Đã nộp | L31: =IF(OR(H31="",J31="Hoàn thành",J31="Đã hủy"),"",IF(H31<TODAY(),"QUÁ HẠN",IF(H31-TODAY()<=THIET_LAP!$B$8,"SẮP HẠN","TRONG HẠN"))) | N31: GIAM DT+ VE THEO GPXD
A32: BK-TSK-0029 | B32: BK-HS-0029 | C32: Phòng Đo đạc | D32: Hoàn công | E32: Giám đốc | F32: Tạ Khắc Tập | G32: 46085 | H32: 46088 | J32: QUÁ HẠN | K32: QUÁ HẠN | L32: =IF(OR(H32="",J32="Hoàn thành",J32="Đã hủy"),"",IF(H32<TODAY(),"QUÁ HẠN",IF(H32-TODAY()<=THIET_LAP!$B$8,"SẮP HẠN","TRONG HẠN"))) | N32: SAI HIEN TRANG+ GIAY PHEP XD KO ĐÚNG BVXP CHỜ CHU NHÀ RA PHUONG DDIEU CHINH GPXD
A33: BK-TSK-0030 | B33: BK-HS-0030 | C33: Phòng Đo đạc | D33: Cắm mốc | E33: Giám đốc | F33: Lê Văn Dựng | G33: 46085 | H33: 46088 | J33: Hoàn thành | K33: Hoàn thành | L33: =IF(OR(H33="",J33="Hoàn thành",J33="Đã hủy"),"",IF(H33<TODAY(),"QUÁ HẠN",IF(H33-TODAY()<=THIET_LAP!$B$8,"SẮP HẠN","TRONG HẠN"))) | M33: 46085
A34: BK-TSK-0031 | B34: BK-HS-0031 | C34: Phòng Đo đạc | D34: Hoàn công | E34: Giám đốc | F34: Lê Văn Xây | G34: 46084 | H34: 46087 | J34: QUÁ HẠN | K34: QUÁ HẠN | L34: =IF(OR(H34="",J34="Hoàn thành",J34="Đã hủy"),"",IF(H34<TODAY(),"QUÁ HẠN",IF(H34-TODAY()<=THIET_LAP!$B$8,"SẮP HẠN","TRONG HẠN")))
A35: BK-TSK-0032 | B35: BK-HS-0032 | C35: Phòng Đo đạc | D35: Cấp đổi | E35: Giám đốc | F35: Trương Tấn Quốc | G35: 46084 | H35: 46087 | J35: Nộp thành công - Chờ kết quả | K35: Đã nộp | L35: =IF(OR(H35="",J35="Hoàn thành",J35="Đã hủy"),"",IF(H35<TODAY(),"QUÁ HẠN",IF(H35-TODAY()<=THIET_LAP!$B$8,"SẮP HẠN","TRONG HẠN")))
A36: BK-TSK-0033 | B36: BK-HS-0033 | C36: Phòng Đo đạc | D36: Cấp sổ lần đầu | E36: Giám đốc | F36: Tạ Khắc Tập | G36: 46083 | H36: 46086 | J36: Hoàn thành | K36: Hoàn thành | L36: =IF(OR(H36="",J36="Hoàn thành",J36="Đã hủy"),"",IF(H36<TODAY(),"QUÁ HẠN",IF(H36-TODAY()<=THIET_LAP!$B$8,"SẮP HẠN","TRONG HẠN"))) | M36: 46085
A37: BK-TSK-0034 | B37: BK-HS-0034 | C37: Phòng Đo đạc | D37: Cấp đổi | E37: Giám đốc | F37: Lê Văn Dựng | G37: 46080 | H37: 46083 | J37: QUÁ HẠN | K37: QUÁ HẠN | L37: =IF(OR(H37="",J37="Hoàn thành",J37="Đã hủy"),"",IF(H37<TODAY(),"QUÁ HẠN",IF(H37-TODAY()<=THIET_LAP!$B$8,"SẮP HẠN","TRONG HẠN"))) | N37: Đợi chủ nhà đập hàng rào
A38: BK-TSK-0035 | B38: BK-HS-0035 | C38: Phòng Đo đạc | D38: Cắm mốc | E38: Giám đốc | F38: Lê Văn Dựng | G38: 46080 | H38: 46083 | J38: Hoàn thành | K38: Hoàn thành | L38: =IF(OR(H38="",J38="Hoàn thành",J38="Đã hủy"),"",IF(H38<TODAY(),"QUÁ HẠN",IF(H38-TODAY()<=THIET_LAP!$B$8,"SẮP HẠN","TRONG HẠN"))) | M38: 46081
A39: BK-TSK-0036 | B39: BK-HS-0036 | C39: Phòng Đo đạc | D39: Điều chỉnh bản vẽ | E39: Giám đốc | F39: Trương Tấn Quốc | G39: 46080 | H39: 46083 | J39: Nộp thành công - Chờ kết quả | K39: Đã nộp | L39: =IF(OR(H39="",J39="Hoàn thành",J39="Đã hủy"),"",IF(H39<TODAY(),"QUÁ HẠN",IF(H39-TODAY()<=THIET_LAP!$B$8,"SẮP HẠN","TRONG HẠN"))) | N39: Cần cắm lại trụ
A40: BK-TSK-0037 | B40: BK-HS-0037 | C40: Phòng Đo đạc | D40: Điều chỉnh bản vẽ | E40: Giám đốc | F40: Trương Tấn Quốc | G40: 46080 | H40: 46083 | J40: QUÁ HẠN | K40: QUÁ HẠN | L40: =IF(OR(H40="",J40="Hoàn thành",J40="Đã hủy"),"",IF(H40<TODAY(),"QUÁ HẠN",IF(H40-TODAY()<=THIET_LAP!$B$8,"SẮP HẠN","TRONG HẠN"))) | N40: Cần cắm lại trụ | Đợi làm việc với phường
A41: BK-TSK-0038 | B41: BK-HS-0038 | C41: Phòng Đo đạc | D41: Xin phép xây dựng | E41: Giám đốc | F41: Võ Thành Minh | G41: 46062 | H41: 46065 | J41: Nộp thành công - Chờ kết quả | K41: Đã nộp | L41: =IF(OR(H41="",J41="Hoàn thành",J41="Đã hủy"),"",IF(H41<TODAY(),"QUÁ HẠN",IF(H41-TODAY()<=THIET_LAP!$B$8,"SẮP HẠN","TRONG HẠN"))) | N41: Đợi chủ nhà trích lục bản vẽ sơ đồ vị trí
A42: BK-TSK-0039 | B42: BK-HS-0039 | C42: Phòng Đo đạc | D42: Hoàn công | E42: Giám đốc | F42: Trương Tấn Quốc | G42: 46060 | H42: 46063 | J42: Hoàn thành | K42: Hoàn thành | L42: =IF(OR(H42="",J42="Hoàn thành",J42="Đã hủy"),"",IF(H42<TODAY(),"QUÁ HẠN",IF(H42-TODAY()<=THIET_LAP!$B$8,"SẮP HẠN","TRONG HẠN"))) | M42: 46097
A43: BK-TSK-0040 | B43: BK-HS-0040 | C43: Phòng Đo đạc | D43: Cắm mốc | E43: Giám đốc | F43: Tạ Khắc Tập | G43: 46059 | H43: 46062 | J43: Hoàn thành | K43: Hoàn thành | L43: =IF(OR(H43="",J43="Hoàn thành",J43="Đã hủy"),"",IF(H43<TODAY(),"QUÁ HẠN",IF(H43-TODAY()<=THIET_LAP!$B$8,"SẮP HẠN","TRONG HẠN"))) | M43: 46060 | N43: ( Xây+Tâp)-Hơp
A44: BK-TSK-0041 | B44: BK-HS-0041 | C44: Phòng Đo đạc | D44: Cắm mốc | E44: Giám đốc | F44: Tạ Khắc Tập | G44: 46059 | H44: 46062 | J44: Hoàn thành | K44: Hoàn thành | L44: =IF(OR(H44="",J44="Hoàn thành",J44="Đã hủy"),"",IF(H44<TODAY(),"QUÁ HẠN",IF(H44-TODAY()<=THIET_LAP!$B$8,"SẮP HẠN","TRONG HẠN"))) | M44: 46060
A45: BK-TSK-0042 | B45: BK-HS-0042 | C45: Phòng Đo đạc | D45: Cắm mốc | E45: Giám đốc | F45: Tạ Khắc Tập | G45: 46059 | H45: 46062 | J45: Hoàn thành | K45: Hoàn thành | L45: =IF(OR(H45="",J45="Hoàn thành",J45="Đã hủy"),"",IF(H45<TODAY(),"QUÁ HẠN",IF(H45-TODAY()<=THIET_LAP!$B$8,"SẮP HẠN","TRONG HẠN"))) | M45: 46060
A46: BK-TSK-0043 | B46: BK-HS-0043 | C46: Phòng Đo đạc | D46: Xác định diện tích | E46: Giám đốc | F46: Trương Tấn Quốc | G46: 46058 | H46: 46061 | J46: Hoàn thành | K46: Hoàn thành | L46: =IF(OR(H46="",J46="Hoàn thành",J46="Đã hủy"),"",IF(H46<TODAY(),"QUÁ HẠN",IF(H46-TODAY()<=THIET_LAP!$B$8,"SẮP HẠN","TRONG HẠN"))) | M46: 46060 | N46: Đã hoàn thành
A47: BK-TSK-0044 | B47: BK-HS-0044 | C47: Phòng Đo đạc | D47: Xin phép xây dựng | E47: Giám đốc | F47: Võ Thành Minh | G47: 46057 | H47: 46060 | J47: Hủy | K47: ĐÃ HỦY | L47: =IF(OR(H47="",J47="Hoàn thành",J47="Đã hủy"),"",IF(H47<TODAY(),"QUÁ HẠN",IF(H47-TODAY()<=THIET_LAP!$B$8,"SẮP HẠN","TRONG HẠN")))
A48: BK-TSK-0045 | B48: BK-HS-0045 | C48: Phòng Đo đạc | D48: Cấp đổi | E48: Giám đốc | F48: Tạ Khắc Tập | G48: 46057 | H48: 46060 | J48: Hủy | K48: ĐÃ HỦY | L48: =IF(OR(H48="",J48="Hoàn thành",J48="Đã hủy"),"",IF(H48<TODAY(),"QUÁ HẠN",IF(H48-TODAY()<=THIET_LAP!$B$8,"SẮP HẠN","TRONG HẠN")))
A49: BK-TSK-0046 | B49: BK-HS-0046 | C49: Phòng Đo đạc | D49: Cấp đổi | E49: Giám đốc | F49: Tạ Khắc Tập | G49: 46057 | H49: 46060 | J49: Nộp thành công - Chờ kết quả | K49: Đã nộp | L49: =IF(OR(H49="",J49="Hoàn thành",J49="Đã hủy"),"",IF(H49<TODAY(),"QUÁ HẠN",IF(H49-TODAY()<=THIET_LAP!$B$8,"SẮP HẠN","TRONG HẠN")))
A50: BK-TSK-0047 | B50: BK-HS-0047 | C50: Phòng Đo đạc | D50: Cắm mốc | E50: Giám đốc | F50: Tạ Khắc Tập | G50: 46057 | H50: 46060 | J50: Hoàn thành | K50: Hoàn thành | L50: =IF(OR(H50="",J50="Hoàn thành",J50="Đã hủy"),"",IF(H50<TODAY(),"QUÁ HẠN",IF(H50-TODAY()<=THIET_LAP!$B$8,"SẮP HẠN","TRONG HẠN"))) | M50: 46058
A51: BK-TSK-0048 | B51: BK-HS-0048 | C51: Phòng Đo đạc | D51: Cắm mốc | E51: Giám đốc | F51: Tạ Khắc Tập | G51: 46057 | H51: 46060 | J51: Hoàn thành | K51: Hoàn thành | L51: =IF(OR(H51="",J51="Hoàn thành",J51="Đã hủy"),"",IF(H51<TODAY(),"QUÁ HẠN",IF(H51-TODAY()<=THIET_LAP!$B$8,"SẮP HẠN","TRONG HẠN"))) | M51: 46058
A52: BK-TSK-0049 | B52: BK-HS-0049 | C52: Phòng Đo đạc | D52: Cấp đổi | E52: Giám đốc | F52: Lê Văn Xây | G52: 46057 | H52: 46060 | J52: Hoàn thành | K52: Hoàn thành | L52: =IF(OR(H52="",J52="Hoàn thành",J52="Đã hủy"),"",IF(H52<TODAY(),"QUÁ HẠN",IF(H52-TODAY()<=THIET_LAP!$B$8,"SẮP HẠN","TRONG HẠN"))) | M52: 46079
A53: BK-TSK-0050 | B53: BK-HS-0050 | C53: Phòng Đo đạc | D53: Cấp đổi | E53: Giám đốc | F53: Lê Văn Xây | G53: 46057 | H53: 46060 | J53: Hoàn thành | K53: Hoàn thành | L53: =IF(OR(H53="",J53="Hoàn thành",J53="Đã hủy"),"",IF(H53<TODAY(),"QUÁ HẠN",IF(H53-TODAY()<=THIET_LAP!$B$8,"SẮP HẠN","TRONG HẠN"))) | M53: 46090
A54: BK-TSK-0051 | B54: BK-HS-0051 | C54: Phòng Đo đạc | D54: Xác định diện tích | E54: Giám đốc | F54: Lê Văn Dựng | G54: 46056 | H54: 46059 | J54: Hoàn thành | K54: Hoàn thành | L54: =IF(OR(H54="",J54="Hoàn thành",J54="Đã hủy"),"",IF(H54<TODAY(),"QUÁ HẠN",IF(H54-TODAY()<=THIET_LAP!$B$8,"SẮP HẠN","TRONG HẠN"))) | M54: 46056
A55: BK-TSK-0052 | B55: BK-HS-0052 | C55: Phòng Đo đạc | D55: Xác định diện tích | E55: Giám đốc | F55: Lê Văn Dựng | G55: 46056 | H55: 46059 | J55: Hoàn thành | K55: Hoàn thành | L55: =IF(OR(H55="",J55="Hoàn thành",J55="Đã hủy"),"",IF(H55<TODAY(),"QUÁ HẠN",IF(H55-TODAY()<=THIET_LAP!$B$8,"SẮP HẠN","TRONG HẠN"))) | M55: 46056
A56: BK-TSK-0053 | B56: BK-HS-0053 | C56: Phòng Đo đạc | D56: Điều chỉnh bản vẽ | E56: Giám đốc | F56: Trương Tấn Quốc | G56: 46056 | H56: 46059 | J56: Nộp thành công - Chờ kết quả | K56: Đã nộp | L56: =IF(OR(H56="",J56="Hoàn thành",J56="Đã hủy"),"",IF(H56<TODAY(),"QUÁ HẠN",IF(H56-TODAY()<=THIET_LAP!$B$8,"SẮP HẠN","TRONG HẠN"))) | N56: Chưa bổ sung bản vẽ xin phép
A57: BK-TSK-0054 | B57: BK-HS-0054 | C57: Phòng Đo đạc | D57: Xác định diện tích | E57: Giám đốc | F57: Lê Văn Xây | G57: 46055 | H57: 46058 | J57: Hoàn thành | K57: Hoàn thành | L57: =IF(OR(H57="",J57="Hoàn thành",J57="Đã hủy"),"",IF(H57<TODAY(),"QUÁ HẠN",IF(H57-TODAY()<=THIET_LAP!$B$8,"SẮP HẠN","TRONG HẠN"))) | M57: 46059
A58: BK-TSK-0055 | B58: BK-HS-0055 | C58: Phòng Đo đạc | D58: Cấp đổi | E58: Giám đốc | F58: Lê Văn Xây | G58: 46055 | H58: 46058 | J58: Hoàn thành | K58: Hoàn thành | L58: =IF(OR(H58="",J58="Hoàn thành",J58="Đã hủy"),"",IF(H58<TODAY(),"QUÁ HẠN",IF(H58-TODAY()<=THIET_LAP!$B$8,"SẮP HẠN","TRONG HẠN"))) | M58: 46097
A59: BK-TSK-0056 | B59: BK-HS-0056 | C59: Phòng Đo đạc | D59: Tách Thửa | E59: Giám đốc | F59: Tạ Khắc Tập | G59: 46053 | H59: 46056 | J59: QUÁ HẠN | K59: QUÁ HẠN | L59: =IF(OR(H59="",J59="Hoàn thành",J59="Đã hủy"),"",IF(H59<TODAY(),"QUÁ HẠN",IF(H59-TODAY()<=THIET_LAP!$B$8,"SẮP HẠN","TRONG HẠN"))) | N59: sai hiện trạng+ lấn thửa+ giảm diện tích
A60: BK-TSK-0057 | B60: BK-HS-0057 | C60: Phòng Đo đạc | D60: Xin phép xây dựng | E60: Giám đốc | F60: Võ Thành Minh | G60: 46052 | H60: 46055 | J60: Nộp thành công - Chờ kết quả | K60: Đã nộp | L60: =IF(OR(H60="",J60="Hoàn thành",J60="Đã hủy"),"",IF(H60<TODAY(),"QUÁ HẠN",IF(H60-TODAY()<=THIET_LAP!$B$8,"SẮP HẠN","TRONG HẠN")))
A61: BK-TSK-0058 | B61: BK-HS-0058 | C61: Phòng Đo đạc | D61: Xin phép xây dựng | E61: Giám đốc | F61: Võ Thành Minh | G61: 46052 | H61: 46055 | J61: Nộp thành công - Chờ kết quả | K61: Đã nộp | L61: =IF(OR(H61="",J61="Hoàn thành",J61="Đã hủy"),"",IF(H61<TODAY(),"QUÁ HẠN",IF(H61-TODAY()<=THIET_LAP!$B$8,"SẮP HẠN","TRONG HẠN")))
A62: BK-TSK-0059 | B62: BK-HS-0059 | C62: Phòng Đo đạc | D62: Đo GPS | E62: Giám đốc | F62: Lê Văn Dựng | G62: 46052 | H62: 46055 | J62: Hoàn thành | K62: Hoàn thành | L62: =IF(OR(H62="",J62="Hoàn thành",J62="Đã hủy"),"",IF(H62<TODAY(),"QUÁ HẠN",IF(H62-TODAY()<=THIET_LAP!$B$8,"SẮP HẠN","TRONG HẠN"))) | M62: 46052
A63: BK-TSK-0060 | B63: BK-HS-0060 | C63: Phòng Đo đạc | D63: Cắm mốc | E63: Giám đốc | F63: Tạ Khắc Tập | G63: 46052 | H63: 46055 | J63: Hoàn thành | K63: Hoàn thành | L63: =IF(OR(H63="",J63="Hoàn thành",J63="Đã hủy"),"",IF(H63<TODAY(),"QUÁ HẠN",IF(H63-TODAY()<=THIET_LAP!$B$8,"SẮP HẠN","TRONG HẠN"))) | M63: 46052
A64: BK-TSK-0061 | B64: BK-HS-0061 | C64: Phòng Đo đạc | D64: Đo GPS | E64: Giám đốc | F64: Lê Văn Dựng | G64: 46052 | H64: 46055 | J64: Hoàn thành | K64: Hoàn thành | L64: =IF(OR(H64="",J64="Hoàn thành",J64="Đã hủy"),"",IF(H64<TODAY(),"QUÁ HẠN",IF(H64-TODAY()<=THIET_LAP!$B$8,"SẮP HẠN","TRONG HẠN"))) | M64: 46052
A65: BK-TSK-0062 | B65: BK-HS-0062 | C65: Phòng Đo đạc | D65: Cấp sổ lần đầu | E65: Giám đốc | F65: Tạ Khắc Tập | G65: 46051 | H65: 46054 | J65: Hoàn thành | K65: Hoàn thành | L65: =IF(OR(H65="",J65="Hoàn thành",J65="Đã hủy"),"",IF(H65<TODAY(),"QUÁ HẠN",IF(H65-TODAY()<=THIET_LAP!$B$8,"SẮP HẠN","TRONG HẠN"))) | M65: 46087
A66: BK-TSK-0063 | B66: BK-HS-0063 | C66: Phòng Đo đạc | D66: Cắm mốc | E66: Giám đốc | F66: Tạ Khắc Tập | G66: 46051 | H66: 46052 | I66: Cao | J66: Hoàn thành | K66: Hoàn thành | L66: =IF(OR(H66="",J66="Hoàn thành",J66="Đã hủy"),"",IF(H66<TODAY(),"QUÁ HẠN",IF(H66-TODAY()<=THIET_LAP!$B$8,"SẮP HẠN","TRONG HẠN"))) | M66: 46052
A67: BK-TSK-0064 | B67: BK-HS-0064 | C67: Phòng Đo đạc | D67: Cấp sổ lần đầu | E67: Giám đốc | F67: Trương Tấn Quốc | G67: 46050 | H67: 46053 | J67: Hoàn thành | K67: Hoàn thành | L67: =IF(OR(H67="",J67="Hoàn thành",J67="Đã hủy"),"",IF(H67<TODAY(),"QUÁ HẠN",IF(H67-TODAY()<=THIET_LAP!$B$8,"SẮP HẠN","TRONG HẠN"))) | M67: 46059
A68: BK-TSK-0065 | B68: BK-HS-0065 | C68: Phòng Đo đạc | D68: Tách Thửa | E68: Giám đốc | F68: Lê Văn Xây | G68: 46050 | H68: 46053 | J68: Hủy | K68: ĐÃ HỦY | L68: =IF(OR(H68="",J68="Hoàn thành",J68="Đã hủy"),"",IF(H68<TODAY(),"QUÁ HẠN",IF(H68-TODAY()<=THIET_LAP!$B$8,"SẮP HẠN","TRONG HẠN")))
A69: BK-TSK-0066 | B69: BK-HS-0066 | C69: Phòng Đo đạc | D69: Hoàn công | E69: Giám đốc | F69: Tạ Khắc Tập | G69: 46050 | H69: 46053 | J69: Nộp thành công - Chờ kết quả | K69: Đã nộp | L69: =IF(OR(H69="",J69="Hoàn thành",J69="Đã hủy"),"",IF(H69<TODAY(),"QUÁ HẠN",IF(H69-TODAY()<=THIET_LAP!$B$8,"SẮP HẠN","TRONG HẠN")))
A70: BK-TSK-0067 | B70: BK-HS-0067 | C70: Phòng Đo đạc | D70: Tách Thửa | E70: Giám đốc | F70: Lê Văn Xây | G70: 46049 | H70: 46052 | J70: Nộp thành công - Chờ kết quả | K70: Đã nộp | L70: =IF(OR(H70="",J70="Hoàn thành",J70="Đã hủy"),"",IF(H70<TODAY(),"QUÁ HẠN",IF(H70-TODAY()<=THIET_LAP!$B$8,"SẮP HẠN","TRONG HẠN")))
A71: BK-TSK-0068 | B71: BK-HS-0068 | C71: Phòng Đo đạc | D71: Tách Thửa | E71: Giám đốc | F71: Lê Văn Xây | G71: 46049 | H71: 46052 | J71: Nộp thành công - Chờ kết quả | K71: Đã nộp | L71: =IF(OR(H71="",J71="Hoàn thành",J71="Đã hủy"),"",IF(H71<TODAY(),"QUÁ HẠN",IF(H71-TODAY()<=THIET_LAP!$B$8,"SẮP HẠN","TRONG HẠN")))
A72: BK-TSK-0069 | B72: BK-HS-0069 | C72: Phòng Đo đạc | D72: Chuyển mục đích | E72: Giám đốc | F72: Tạ Khắc Tập | G72: 46049 | H72: 46052 | J72: Nộp thành công - Chờ kết quả | K72: Đã nộp | L72: =IF(OR(H72="",J72="Hoàn thành",J72="Đã hủy"),"",IF(H72<TODAY(),"QUÁ HẠN",IF(H72-TODAY()<=THIET_LAP!$B$8,"SẮP HẠN","TRONG HẠN")))
A73: BK-TSK-0070 | B73: BK-HS-0070 | C73: Phòng Đo đạc | D73: Cắm mốc | E73: Giám đốc | F73: Tạ Khắc Tập | G73: 46049 | H73: 46052 | J73: Hoàn thành | K73: Hoàn thành | L73: =IF(OR(H73="",J73="Hoàn thành",J73="Đã hủy"),"",IF(H73<TODAY(),"QUÁ HẠN",IF(H73-TODAY()<=THIET_LAP!$B$8,"SẮP HẠN","TRONG HẠN"))) | M73: 46049
A74: BK-TSK-0071 | B74: BK-HS-0071 | C74: Phòng Đo đạc | D74: Xin phép xây dựng | E74: Giám đốc | F74: Võ Thành Minh | G74: 46048 | H74: 46051 | J74: Hoàn thành | K74: Hoàn thành | L74: =IF(OR(H74="",J74="Hoàn thành",J74="Đã hủy"),"",IF(H74<TODAY(),"QUÁ HẠN",IF(H74-TODAY()<=THIET_LAP!$B$8,"SẮP HẠN","TRONG HẠN"))) | M74: 46084
A75: BK-TSK-0072 | B75: BK-HS-0072 | C75: Phòng Đo đạc | D75: Xin phép xây dựng | E75: Giám đốc | F75: Võ Thành Minh | G75: 46048 | H75: 46051 | J75: Nộp thành công - Chờ kết quả | K75: Đã nộp | L75: =IF(OR(H75="",J75="Hoàn thành",J75="Đã hủy"),"",IF(H75<TODAY(),"QUÁ HẠN",IF(H75-TODAY()<=THIET_LAP!$B$8,"SẮP HẠN","TRONG HẠN")))
A76: BK-TSK-0073 | B76: BK-HS-0073 | C76: Phòng Đo đạc | D76: Xin phép xây dựng | E76: Giám đốc | F76: Võ Thành Minh | G76: 46048 | H76: 46051 | J76: Hoàn thành | K76: Hoàn thành | L76: =IF(OR(H76="",J76="Hoàn thành",J76="Đã hủy"),"",IF(H76<TODAY(),"QUÁ HẠN",IF(H76-TODAY()<=THIET_LAP!$B$8,"SẮP HẠN","TRONG HẠN"))) | M76: 46084
A77: BK-TSK-0074 | B77: BK-HS-0074 | C77: Phòng Đo đạc | D77: Điều chỉnh bản vẽ | E77: Giám đốc | F77: Trương Tấn Quốc | G77: 46046 | H77: 46049 | J77: Nộp thành công - Chờ kết quả | K77: Đã nộp | L77: =IF(OR(H77="",J77="Hoàn thành",J77="Đã hủy"),"",IF(H77<TODAY(),"QUÁ HẠN",IF(H77-TODAY()<=THIET_LAP!$B$8,"SẮP HẠN","TRONG HẠN")))
A78: BK-TSK-0075 | B78: BK-HS-0075 | C78: Phòng Đo đạc | D78: Cấp đổi | E78: Giám đốc | F78: Trương Tấn Quốc | G78: 46046 | H78: 46049 | J78: Hủy | K78: ĐÃ HỦY | L78: =IF(OR(H78="",J78="Hoàn thành",J78="Đã hủy"),"",IF(H78<TODAY(),"QUÁ HẠN",IF(H78-TODAY()<=THIET_LAP!$B$8,"SẮP HẠN","TRONG HẠN"))) | N78: Đợi trao đổi phương án vs dịch vụ | Dịch vụ báo tạm ngưng
A79: BK-TSK-0076 | B79: BK-HS-0076 | C79: Phòng Đo đạc | D79: Cấp đổi | E79: Giám đốc | F79: Lê Văn Dựng | G79: 46045 | H79: 46048 | J79: Nộp thành công - Chờ kết quả | K79: Đã nộp | L79: =IF(OR(H79="",J79="Hoàn thành",J79="Đã hủy"),"",IF(H79<TODAY(),"QUÁ HẠN",IF(H79-TODAY()<=THIET_LAP!$B$8,"SẮP HẠN","TRONG HẠN"))) | N79: hồ sơ chưa xử lý được do khu đất có ao sâu không thể chôn trụ xi măng được,chờ khách hàng san lấp
A80: BK-TSK-0077 | B80: BK-HS-0077 | C80: Phòng Đo đạc | D80: Điều chỉnh bản vẽ | E80: Giám đốc | F80: Tạ Khắc Tập | G80: 46045 | H80: 46048 | J80: Hoàn thành | K80: Hoàn thành | L80: =IF(OR(H80="",J80="Hoàn thành",J80="Đã hủy"),"",IF(H80<TODAY(),"QUÁ HẠN",IF(H80-TODAY()<=THIET_LAP!$B$8,"SẮP HẠN","TRONG HẠN"))) | M80: 46090
A81: BK-TSK-0078 | B81: BK-HS-0078 | C81: Phòng Đo đạc | D81: Cắm mốc | E81: Giám đốc | F81: Tạ Khắc Tập | G81: 46045 | H81: 46048 | J81: Hoàn thành | K81: Hoàn thành | L81: =IF(OR(H81="",J81="Hoàn thành",J81="Đã hủy"),"",IF(H81<TODAY(),"QUÁ HẠN",IF(H81-TODAY()<=THIET_LAP!$B$8,"SẮP HẠN","TRONG HẠN"))) | M81: 46046
A82: BK-TSK-0079 | B82: BK-HS-0079 | C82: Phòng Đo đạc | D82: Cấp đổi | E82: Giám đốc | F82: Trương Tấn Quốc | G82: 46044 | H82: 46047 | J82: Hoàn thành | K82: Hoàn thành | L82: =IF(OR(H82="",J82="Hoàn thành",J82="Đã hủy"),"",IF(H82<TODAY(),"QUÁ HẠN",IF(H82-TODAY()<=THIET_LAP!$B$8,"SẮP HẠN","TRONG HẠN"))) | M82: 46055 | N82: Chưa cắm trụ (4 trụ)
A83: BK-TSK-0080 | B83: BK-HS-0080 | C83: Phòng Đo đạc | D83: Hoàn công | E83: Giám đốc | F83: Lê Văn Xây | G83: 46043 | H83: 46046 | J83: Nộp thành công - Chờ kết quả | K83: Đã nộp | L83: =IF(OR(H83="",J83="Hoàn thành",J83="Đã hủy"),"",IF(H83<TODAY(),"QUÁ HẠN",IF(H83-TODAY()<=THIET_LAP!$B$8,"SẮP HẠN","TRONG HẠN")))
A84: BK-TSK-0081 | B84: BK-HS-0081 | C84: Phòng Đo đạc | D84: Cắm mốc | E84: Giám đốc | F84: Tạ Khắc Tập | G84: 46043 | H84: 46046 | J84: Hoàn thành | K84: Hoàn thành | L84: =IF(OR(H84="",J84="Hoàn thành",J84="Đã hủy"),"",IF(H84<TODAY(),"QUÁ HẠN",IF(H84-TODAY()<=THIET_LAP!$B$8,"SẮP HẠN","TRONG HẠN"))) | M84: 46044
A85: BK-TSK-0082 | B85: BK-HS-0082 | C85: Phòng Đo đạc | D85: Cấp đổi | E85: Giám đốc | F85: Tạ Khắc Tập | G85: 46043 | H85: 46046 | J85: Hoàn thành | K85: Hoàn thành | L85: =IF(OR(H85="",J85="Hoàn thành",J85="Đã hủy"),"",IF(H85<TODAY(),"QUÁ HẠN",IF(H85-TODAY()<=THIET_LAP!$B$8,"SẮP HẠN","TRONG HẠN"))) | M85: 46053
A86: BK-TSK-0083 | B86: BK-HS-0083 | C86: Phòng Đo đạc | D86: Cấp đổi | E86: Giám đốc | F86: Tạ Khắc Tập | G86: 46042 | H86: 46045 | J86: QUÁ HẠN | K86: QUÁ HẠN | L86: =IF(OR(H86="",J86="Hoàn thành",J86="Đã hủy"),"",IF(H86<TODAY(),"QUÁ HẠN",IF(H86-TODAY()<=THIET_LAP!$B$8,"SẮP HẠN","TRONG HẠN"))) | N86: sai hiện trạng chơ phuong an
A87: BK-TSK-0084 | B87: BK-HS-0084 | C87: Phòng Đo đạc | D87: Xác định diện tích | E87: Giám đốc | F87: Tạ Khắc Tập | G87: 46042 | H87: 46045 | J87: Hoàn thành | K87: Hoàn thành | L87: =IF(OR(H87="",J87="Hoàn thành",J87="Đã hủy"),"",IF(H87<TODAY(),"QUÁ HẠN",IF(H87-TODAY()<=THIET_LAP!$B$8,"SẮP HẠN","TRONG HẠN"))) | M87: 46042
A88: BK-TSK-0085 | B88: BK-HS-0085 | C88: Phòng Đo đạc | D88: Hoàn công | E88: Giám đốc | F88: Trương Tấn Quốc | G88: 46041 | H88: 46044 | J88: Nộp thành công - Chờ kết quả | K88: Đã nộp | L88: =IF(OR(H88="",J88="Hoàn thành",J88="Đã hủy"),"",IF(H88<TODAY(),"QUÁ HẠN",IF(H88-TODAY()<=THIET_LAP!$B$8,"SẮP HẠN","TRONG HẠN")))
A89: BK-TSK-0086 | B89: BK-HS-0086 | C89: Phòng Đo đạc | D89: Xác định diện tích | E89: Giám đốc | F89: Trương Tấn Quốc | G89: 46041 | H89: 46044 | J89: Hoàn thành | K89: Hoàn thành | L89: =IF(OR(H89="",J89="Hoàn thành",J89="Đã hủy"),"",IF(H89<TODAY(),"QUÁ HẠN",IF(H89-TODAY()<=THIET_LAP!$B$8,"SẮP HẠN","TRONG HẠN"))) | M89: 46041 | N89: Vẽ mẫu CMĐ gửi phường
A90: BK-TSK-0087 | B90: BK-HS-0087 | C90: Phòng Đo đạc | D90: Xác định diện tích | E90: Giám đốc | F90: Lê Văn Xây | G90: 46041 | H90: 46044 | J90: Hoàn thành | K90: Hoàn thành | L90: =IF(OR(H90="",J90="Hoàn thành",J90="Đã hủy"),"",IF(H90<TODAY(),"QUÁ HẠN",IF(H90-TODAY()<=THIET_LAP!$B$8,"SẮP HẠN","TRONG HẠN"))) | M90: 46041
A91: BK-TSK-0088 | B91: BK-HS-0088 | C91: Phòng Đo đạc | D91: Hoàn công | E91: Giám đốc | F91: Lê Văn Xây | G91: 46041 | H91: 46044 | J91: Nộp thành công - Chờ kết quả | K91: Đã nộp | L91: =IF(OR(H91="",J91="Hoàn thành",J91="Đã hủy"),"",IF(H91<TODAY(),"QUÁ HẠN",IF(H91-TODAY()<=THIET_LAP!$B$8,"SẮP HẠN","TRONG HẠN")))
A92: BK-TSK-0089 | B92: BK-HS-0089 | C92: Phòng Đo đạc | D92: Cắm mốc | E92: Giám đốc | F92: Lê Văn Dựng | G92: 46040 | H92: 46043 | J92: Hoàn thành | K92: Hoàn thành | L92: =IF(OR(H92="",J92="Hoàn thành",J92="Đã hủy"),"",IF(H92<TODAY(),"QUÁ HẠN",IF(H92-TODAY()<=THIET_LAP!$B$8,"SẮP HẠN","TRONG HẠN"))) | M92: 46040 | N92: Cắm mốc,Chôn trụ xi măng đã chốt khách hàng 4 triệu (chưa thanh toán)
A93: BK-TSK-0090 | B93: BK-HS-0090 | C93: Phòng Đo đạc | D93: Cắm mốc | E93: Giám đốc | F93: Lê Văn Xây | G93: 46039 | H93: 46042 | J93: Hoàn thành | K93: Hoàn thành | L93: =IF(OR(H93="",J93="Hoàn thành",J93="Đã hủy"),"",IF(H93<TODAY(),"QUÁ HẠN",IF(H93-TODAY()<=THIET_LAP!$B$8,"SẮP HẠN","TRONG HẠN"))) | M93: 46039
A94: BK-TSK-0091 | B94: BK-HS-0091 | C94: Phòng Đo đạc | D94: Cấp đổi | E94: Giám đốc | F94: Lê Văn Dựng | G94: 46039 | H94: 46042 | J94: QUÁ HẠN | K94: QUÁ HẠN | L94: =IF(OR(H94="",J94="Hoàn thành",J94="Đã hủy"),"",IF(H94<TODAY(),"QUÁ HẠN",IF(H94-TODAY()<=THIET_LAP!$B$8,"SẮP HẠN","TRONG HẠN"))) | N94: Đã đo chờ trao đổi với khách hàng do giảm diện tích
A95: BK-TSK-0092 | B95: BK-HS-0092 | C95: Phòng Đo đạc | D95: Hoàn công | E95: Giám đốc | F95: Lê Văn Dựng | G95: 46037 | H95: 46040 | J95: Nộp thành công - Chờ kết quả | K95: Đã nộp | L95: =IF(OR(H95="",J95="Hoàn thành",J95="Đã hủy"),"",IF(H95<TODAY(),"QUÁ HẠN",IF(H95-TODAY()<=THIET_LAP!$B$8,"SẮP HẠN","TRONG HẠN")))
A96: BK-TSK-0093 | B96: BK-HS-0093 | C96: Phòng Đo đạc | D96: Đo GPS | E96: Giám đốc | F96: Lê Văn Dựng | G96: 46037 | H96: 46040 | J96: Hoàn thành | K96: Hoàn thành | L96: =IF(OR(H96="",J96="Hoàn thành",J96="Đã hủy"),"",IF(H96<TODAY(),"QUÁ HẠN",IF(H96-TODAY()<=THIET_LAP!$B$8,"SẮP HẠN","TRONG HẠN"))) | M96: 46038
A97: BK-TSK-0094 | B97: BK-HS-0094 | C97: Phòng Đo đạc | D97: Cấp đổi | E97: Giám đốc | F97: Trương Tấn Quốc | G97: 46037 | H97: 46040 | J97: Nộp thành công - Chờ kết quả | K97: Đã nộp | L97: =IF(OR(H97="",J97="Hoàn thành",J97="Đã hủy"),"",IF(H97<TODAY(),"QUÁ HẠN",IF(H97-TODAY()<=THIET_LAP!$B$8,"SẮP HẠN","TRONG HẠN")))
A98: BK-TSK-0095 | B98: BK-HS-0095 | C98: Phòng Đo đạc | D98: Điều chỉnh bản vẽ | E98: Giám đốc | F98: Trương Tấn Quốc | G98: 46037 | H98: 46040 | J98: Hoàn thành | K98: Hoàn thành | L98: =IF(OR(H98="",J98="Hoàn thành",J98="Đã hủy"),"",IF(H98<TODAY(),"QUÁ HẠN",IF(H98-TODAY()<=THIET_LAP!$B$8,"SẮP HẠN","TRONG HẠN"))) | M98: 46064 | N98: Đợt dịch vụ chốt
A99: BK-TSK-0096 | B99: BK-HS-0096 | C99: Phòng Đo đạc | D99: Điều chỉnh bản vẽ | E99: Giám đốc | F99: Trương Tấn Quốc | G99: 46037 | H99: 46040 | J99: Hoàn thành | K99: Hoàn thành | L99: =IF(OR(H99="",J99="Hoàn thành",J99="Đã hủy"),"",IF(H99<TODAY(),"QUÁ HẠN",IF(H99-TODAY()<=THIET_LAP!$B$8,"SẮP HẠN","TRONG HẠN"))) | M99: 46064 | N99: Đợi dịch vụ chốt
A100: BK-TSK-0097 | B100: BK-HS-0097 | C100: Phòng Đo đạc | D100: Hoàn công | E100: Giám đốc | F100: Trương Tấn Quốc | G100: 46037 | H100: 46040 | J100: Hoàn thành | K100: Hoàn thành | L100: =IF(OR(H100="",J100="Hoàn thành",J100="Đã hủy"),"",IF(H100<TODAY(),"QUÁ HẠN",IF(H100-TODAY()<=THIET_LAP!$B$8,"SẮP HẠN","TRONG HẠN"))) | M100: 46059 | N100: Đợi sửa chửa đúng hiện trạng | Đã xử lý, đợi hoàn thành công trình
...

Sheet DATABASE_HOP_DONG
A1: DATABASE HỢP ĐỒNG & CÔNG NỢ
A2: Theo dõi hợp đồng, thanh toán và công nợ theo Mã hồ sơ.
A3: Mã hợp đồng | B3: Mã hồ sơ | C3: Tên khách hàng | D3: Phòng ban | E3: Dịch vụ | F3: Ngày ký | G3: Giá trị hợp đồng | H3: Đã thu | I3: Còn nợ | J3: Tình trạng | K3: Sale / nguồn | L3: Ngày đến hạn | M3: Ghi chú
A4: 488-2/BK-2025 | B4: BK-HS-0320 | C4: Nguyễn Hoàng Quân | D4: Phòng Đo đạc | E4: Đo GPS | F4: 45954 | G4: 1 | H4: 1 | I4: =IF(G4="","",G4-H4) | J4: =IF(A4="","",IF(I4<=0,"Đã tất toán",IF(L4<TODAY(),"Quá hạn","Còn nợ"))) | K4: Hoàng Quân
A5: 537/BK-2025 | B5: BK-HS-0319 | C5: Nguyễn Thanh Vũ | D5: Phòng Đo đạc | E5: Cấp đổi | F5: 45954 | G5: 39639491 | H5: 39639491 | I5: =IF(G5="","",G5-H5) | J5: =IF(A5="","",IF(I5<=0,"Đã tất toán",IF(L5<TODAY(),"Quá hạn","Còn nợ"))) | K5: Công Ty
A6: 538/BK-2025 | B6: BK-HS-0318 | C6: TRương Quế Phương | D6: Phòng Đo đạc | E6: Cắm mốc | F6: 45954 | G6: 2500000 | H6: 2500000 | I6: =IF(G6="","",G6-H6) | J6: =IF(A6="","",IF(I6<=0,"Đã tất toán",IF(L6<TODAY(),"Quá hạn","Còn nợ"))) | K6: Anh Chiến KTS
A7: 539/BK-2025 | B7: BK-HS-0317 | C7: Vũ Thị Hương Giang | D7: Phòng Đo đạc | E7: Hoàn công | F7: 45956 | G7: 35000000 | H7: 35000000 | I7: =IF(G7="","",G7-H7) | J7: =IF(A7="","",IF(I7<=0,"Đã tất toán",IF(L7<TODAY(),"Quá hạn","Còn nợ"))) | K7: Công Ty
A8: 541/BK-2025 | B8: BK-HS-0316 | C8: Nguyễn Tấn Thanh | D8: Phòng Đo đạc | E8: Tách Thửa | F8: 45956 | G8: 8000000 | H8: 8000000 | I8: =IF(G8="","",G8-H8) | J8: =IF(A8="","",IF(I8<=0,"Đã tất toán",IF(L8<TODAY(),"Quá hạn","Còn nợ"))) | K8: Chị Xuân DV
A9: 542/BK-2025 | B9: BK-HS-0315 | C9: Nguyễn Tấn Thanh | D9: Phòng Đo đạc | E9: Tách Thửa | F9: 45956 | G9: 8000000 | H9: 8000000 | I9: =IF(G9="","",G9-H9) | J9: =IF(A9="","",IF(I9<=0,"Đã tất toán",IF(L9<TODAY(),"Quá hạn","Còn nợ"))) | K9: Chị Xuân DV
A10: 540/BK-2025 | B10: BK-HS-0314 | C10: Phạm Thị Phương | D10: Phòng Đo đạc | E10: Cấp đổi | F10: 45957 | G10: 10000000 | H10: 10000000 | I10: =IF(G10="","",G10-H10) | J10: =IF(A10="","",IF(I10<=0,"Đã tất toán",IF(L10<TODAY(),"Quá hạn","Còn nợ"))) | K10: Nguyễn Khoa DV
A11: 543/BK-2025 | B11: BK-HS-0313 | C11: Trần Đức Phú | D11: Phòng Đo đạc | E11: Cấp đổi | F11: 45957 | H11: 0 | I11: =IF(G11="","",G11-H11) | J11: =IF(A11="","",IF(I11<=0,"Đã tất toán",IF(L11<TODAY(),"Quá hạn","Còn nợ"))) | K11: Hoàng Quân
A12: 543-1/BK-2025 | B12: BK-HS-0312 | C12: Trần Đức Phú | D12: Phòng Đo đạc | E12: Cắm mốc | F12: 45957 | G12: 3600000 | H12: 3600000 | I12: =IF(G12="","",G12-H12) | J12: =IF(A12="","",IF(I12<=0,"Đã tất toán",IF(L12<TODAY(),"Quá hạn","Còn nợ"))) | K12: Hoàng Quân
A13: 543-2/BK-2025 | B13: BK-HS-0311 | C13: Trần Đức Phú | D13: Phòng Đo đạc | E13: Đo GPS | F13: 45957 | G13: 1 | H13: 1 | I13: =IF(G13="","",G13-H13) | J13: =IF(A13="","",IF(I13<=0,"Đã tất toán",IF(L13<TODAY(),"Quá hạn","Còn nợ"))) | K13: Hoàng Quân
A14: 544/BK-2025 | B14: BK-HS-0310 | C14: Trần Đức Phú | D14: Phòng Đo đạc | E14: Cấp đổi | F14: 45957 | G14: 25000000 | H14: 0 | I14: =IF(G14="","",G14-H14) | J14: =IF(A14="","",IF(I14<=0,"Đã tất toán",IF(L14<TODAY(),"Quá hạn","Còn nợ"))) | K14: Hoàng Quân
A15: 544-1/BK-2025 | B15: BK-HS-0309 | C15: Trần Đức Phú | D15: Phòng Đo đạc | E15: Cắm mốc | F15: 45957 | G15: 3900000 | H15: 3900000 | I15: =IF(G15="","",G15-H15) | J15: =IF(A15="","",IF(I15<=0,"Đã tất toán",IF(L15<TODAY(),"Quá hạn","Còn nợ"))) | K15: Hoàng Quân
A16: 544-2/BK-2025 | B16: BK-HS-0308 | C16: Trần Đức Phú | D16: Phòng Đo đạc | E16: Đo GPS | F16: 45957 | G16: 1 | H16: 1 | I16: =IF(G16="","",G16-H16) | J16: =IF(A16="","",IF(I16<=0,"Đã tất toán",IF(L16<TODAY(),"Quá hạn","Còn nợ"))) | K16: Hoàng Quân
A17: 545/BK-2025 | B17: BK-HS-0307 | C17: Trần Quang Vinh | D17: Phòng Đo đạc | E17: Cắm mốc | F17: 45957 | G17: 3000000 | H17: 3000000 | I17: =IF(G17="","",G17-H17) | J17: =IF(A17="","",IF(I17<=0,"Đã tất toán",IF(L17<TODAY(),"Quá hạn","Còn nợ"))) | K17: Hoàng Quân
A18: 546/BK-2025 | B18: BK-HS-0306 | C18: Trần Quang Vinh | D18: Phòng Đo đạc | E18: Cắm mốc | F18: 45957 | G18: 3000000 | H18: 3000000 | I18: =IF(G18="","",G18-H18) | J18: =IF(A18="","",IF(I18<=0,"Đã tất toán",IF(L18<TODAY(),"Quá hạn","Còn nợ"))) | K18: Hoàng Quân
A19: 547/BK-2025 | B19: BK-HS-0305 | C19: Trần Quang Vinh | D19: Phòng Đo đạc | E19: Cắm mốc | F19: 45957 | G19: 3000000 | H19: 3000000 | I19: =IF(G19="","",G19-H19) | J19: =IF(A19="","",IF(I19<=0,"Đã tất toán",IF(L19<TODAY(),"Quá hạn","Còn nợ"))) | K19: Hoàng Quân
A20: 548/BK-2025 | B20: BK-HS-0304 | C20: Ngô Thanh Quyền | D20: Phòng Đo đạc | E20: Cấp đổi | F20: 45958 | G20: 18000000 | H20: 18000000 | I20: =IF(G20="","",G20-H20) | J20: =IF(A20="","",IF(I20<=0,"Đã tất toán",IF(L20<TODAY(),"Quá hạn","Còn nợ"))) | K20: Nguyễn Hương DV
A21: 548-1/BK-2025 | B21: BK-HS-0303 | C21: Ngô Thanh Quyền | D21: Phòng Đo đạc | E21: Cắm mốc | F21: 45960 | G21: 1 | H21: 1 | I21: =IF(G21="","",G21-H21) | J21: =IF(A21="","",IF(I21<=0,"Đã tất toán",IF(L21<TODAY(),"Quá hạn","Còn nợ"))) | K21: Nguyễn Hương DV
A22: 535-2/BK-2025 | B22: BK-HS-0302 | C22: Võ Văn Ninh | D22: Phòng Đo đạc | E22: Cắm mốc | F22: 45960 | G22: 15000000 | H22: 15000000 | I22: =IF(G22="","",G22-H22) | J22: =IF(A22="","",IF(I22<=0,"Đã tất toán",IF(L22<TODAY(),"Quá hạn","Còn nợ"))) | K22: Công Ty
A23: 549/BK-2025 | B23: BK-HS-0301 | C23: Lý Thị Mỹ Phượng | D23: Phòng Đo đạc | E23: Hoàn công | F23: 45960 | G23: 1 | H23: 1 | I23: =IF(G23="","",G23-H23) | J23: =IF(A23="","",IF(I23<=0,"Đã tất toán",IF(L23<TODAY(),"Quá hạn","Còn nợ"))) | K23: Tấn Hiếu DV
... A40: 558-1/BK-2025 | B40: BK-HS-0284 | C40: Trương Yến Chi | D40: Phòng Đo đạc | E40: Cắm mốc | F40: 45970 | G40: 3000000 | H40: 3000000 | I40: =IF(G40="","",G40-H40) | J40: =IF(A40="","",IF(I40<=0,"Đã tất toán",IF(L40<TODAY(),"Quá hạn","Còn nợ"))) | K40: Công Ty
A41: 564/BK-2025 | B41: BK-HS-0283 | C41: Phạm Gia Minh | D41: Phòng Đo đạc | E41: Hoàn công | F41: 45970 | H41: 0 | I41: =IF(G41="","",G41-H41) | J41: =IF(A41="","",IF(I41<=0,"Đã tất toán",IF(L41<TODAY(),"Quá hạn","Còn nợ"))) | K41: Anh Long PCT
A42: 355-1/BK-2025 | B42: BK-HS-0282 | C42: Nguyễn Thị Vinh | D42: Phòng Đo đạc | E42: Cắm mốc | F42: 45970 | G42: 1 | H42: 1 | I42: =IF(G42="","",G42-H42) | J42: =IF(A42="","",IF(I42<=0,"Đã tất toán",IF(L42<TODAY(),"Quá hạn","Còn nợ"))) | K42: Công Ty
A43: 565/BK-2025 | B43: BK-HS-0281 | C43: Hoàng Anh Tú | D43: Phòng Đo đạc | E43: Chuyển mục đích | F43: 45970 | G43: 20000000 | H43: 20000000 | I43: =IF(G43="","",G43-H43) | J43: =IF(A43="","",IF(I43<=0,"Đã tất toán",IF(L43<TODAY(),"Quá hạn","Còn nợ"))) | K43: Anh Long PCT
A44: 566/BK-2025 | B44: BK-HS-0280 | C44: Nguyễn Văn Phúc | D44: Phòng Đo đạc | E44: Cắm mốc | F44: 45969 | G44: 4000000 | H44: 4000000 | I44: =IF(G44="","",G44-H44) | J44: =IF(A44="","",IF(I44<=0,"Đã tất toán",IF(L44<TODAY(),"Quá hạn","Còn nợ"))) | K44: Công Ty
A45: 285-1/BK-2025 | B45: BK-HS-0279 | C45: Nguyễn Văn Cơ | D45: Phòng Đo đạc | E45: Đo GPS | F45: 45972 | G45: 2 | H45: 2 | I45: =IF(G45="","",G45-H45) | J45: =IF(A45="","",IF(I45<=0,"Đã tất toán",IF(L45<TODAY(),"Quá hạn","Còn nợ"))) | K45: Anh Minh DV HBP
A46: 285-2/BK-2025 | B46: BK-HS-0278 | C46: Nguyễn Văn Cơ | D46: Phòng Đo đạc | E46: Cắm mốc | F46: 45972 | G46: 3000000 | H46: 0 | I46: =IF(G46="","",G46-H46) | J46: =IF(A46="","",IF(I46<=0,"Đã tất toán",IF(L46<TODAY(),"Quá hạn","Còn nợ"))) | K46: Anh Minh DV HBP
A47: 567/BK-2025 | B47: BK-HS-0277 | C47: Nguyễn Thị Kim Cúc | D47: Phòng Đo đạc | E47: Cấp sổ lần đầu | F47: 45974 | G47: 10000000 | H47: 10000000 | I47: =IF(G47="","",G47-H47) | J47: =IF(A47="","",IF(I47<=0,"Đã tất toán",IF(L47<TODAY(),"Quá hạn","Còn nợ"))) | K47: Đạt Việt Phát Land
A48: 568/BK-2025 | B48: BK-HS-0276 | C48: Nguyễn Văn Trường | D48: Phòng Đo đạc | E48: Chuyển mục đích | F48: 45974 | G48: 9000000 | H48: 9000000 | I48: =IF(G48="","",G48-H48) | J48: =IF(A48="","",IF(I48<=0,"Đã tất toán",IF(L48<TODAY(),"Quá hạn","Còn nợ"))) | K48: Công Ty
A49: 570/BK-2025 | B49: BK-HS-0275 | C49: Quang Hào | D49: Phòng Đo đạc | E49: Cắm mốc | F49: 45974 | G49: 3000000 | H49: 3000000 | I49: =IF(G49="","",G49-H49) | J49: =IF(A49="","",IF(I49<=0,"Đã tất toán",IF(L49<TODAY(),"Quá hạn","Còn nợ"))) | K49: Công Ty
A50: 571/BK-2025 | B50: BK-HS-0274 | C50: Trần Đức Phú | D50: Phòng Đo đạc | E50: Xác định diện tích | F50: 45974 | G50: 3000000 | H50: 0 | I50: =IF(G50="","",G50-H50) | J50: =IF(A50="","",IF(I50<=0,"Đã tất toán",IF(L50<TODAY(),"Quá hạn","Còn nợ"))) | K50: Hoàng Quân
A51: 572/BK-2025 | B51: BK-HS-0273 | C51: Trần Quang Vinh | D51: Phòng Đo đạc | E51: Xác định diện tích | F51: 45974 | G51: 3000000 | H51: 0 | I51: =IF(G51="","",G51-H51) | J51: =IF(A51="","",IF(I51<=0,"Đã tất toán",IF(L51<TODAY(),"Quá hạn","Còn nợ"))) | K51: Hoàng Quân
A52: 573/BK-2025 | B52: BK-HS-0272 | C52: Trần Đức Phú | D52: Phòng Đo đạc | E52: Xác định diện tích | F52: 45974 | G52: 3000000 | H52: 0 | I52: =IF(G52="","",G52-H52) | J52: =IF(A52="","",IF(I52<=0,"Đã tất toán",IF(L52<TODAY(),"Quá hạn","Còn nợ"))) | K52: Hoàng Quân
A53: 574/BK-2025 | B53: BK-HS-0271 | C53: Nguyễn Thị Quỳnh Lan | D53: Phòng Đo đạc | E53: Cấp đổi | F53: 45975 | G53: 15000000 | H53: 15000000 | I53: =IF(G53="","",G53-H53) | J53: =IF(A53="","",IF(I53<=0,"Đã tất toán",IF(L53<TODAY(),"Quá hạn","Còn nợ"))) | K53: Công Ty
... A58: 579/BK-2025 | B58: BK-HS-0266 | C58: Bùi Văn Hoàng | D58: Phòng Đo đạc | E58: Cấp đổi | F58: 45978 | G58: 35000000 | H58: 35000000 | I58: =IF(G58="","",G58-H58) | J58: =IF(A58="","",IF(I58<=0,"Đã tất toán",IF(L58<TODAY(),"Quá hạn","Còn nợ"))) | K58: Anh Hoàng Nhà Đầu Tư
A59: 582/BK-2025 | B59: BK-HS-0265 | C59: Nguyễn Trọng Khoa | D59: Phòng Đo đạc | E59: Cấp đổi | F59: 45978 | H59: 0 | I59: =IF(G59="","",G59-H59) | J59: =IF(A59="","",IF(I59<=0,"Đã tất toán",IF(L59<TODAY(),"Quá hạn","Còn nợ"))) | K59: Cô Hoa
A60: 583/BK-2025 | B60: BK-HS-0264 | C60: Trần Tuấn Anh | D60: Phòng Đo đạc | E60: Cấp đổi | F60: 45978 | H60: 0 | I60: =IF(G60="","",G60-H60) | J60: =IF(A60="","",IF(I60<=0,"Đã tất toán",IF(L60<TODAY(),"Quá hạn","Còn nợ"))) | K60: Cô Hoa
A61: 579-1/BK-2025 | B61: BK-HS-0263 | C61: Bùi Văn Hoàng | D61: Phòng Đo đạc | E61: Cắm mốc | F61: 45982 | G61: 3000000 | H61: 3000000 | I61: =IF(G61="","",G61-H61) | J61: =IF(A61="","",IF(I61<=0,"Đã tất toán",IF(L61<TODAY(),"Quá hạn","Còn nợ"))) | K61: Anh Hoàng Nhà Đầu Tư
A62: 580-1/BK-2025 | B62: BK-HS-0262 | C62: Bùi Văn Hoàng | D62: Phòng Đo đạc | E62: Cắm mốc | F62: 45982 | G62: 3000000 | H62: 3000000 | I62: =IF(G62="","",G62-H62) | J62: =IF(A62="","",IF(I62<=0,"Đã tất toán",IF(L62<TODAY(),"Quá hạn","Còn nợ"))) | K62: Anh Hoàng Nhà Đầu Tư
A63: 584/BK-2025 | B63: BK-HS-0261 | C63: Nguyễn Thị Nhàn | D63: Phòng Đo đạc | E63: Cấp sổ lần đầu | F63: 45982 | G63: 12000000 | H63: 12000000 | I63: =IF(G63="","",G63-H63) | J63: =IF(A63="","",IF(I63<=0,"Đã tất toán",IF(L63<TODAY(),"Quá hạn","Còn nợ"))) | K63: Công Ty
A64: 585/BK-2025 | B64: BK-HS-0260 | C64: Nguyễn Thị Chữ | D64: Phòng Đo đạc | E64: Hoàn công | F64: 45982 | H64: 0 | I64: =IF(G64="","",G64-H64) | J64: =IF(A64="","",IF(I64<=0,"Đã tất toán",IF(L64<TODAY(),"Quá hạn","Còn nợ"))) | K64: Công Ty
A65: 565-DC/BK-2025 | B65: BK-HS-0259 | C65: Hoàng Anh Tú | D65: Phòng Đo đạc | E65: Điều chỉnh bản vẽ | F65: 45983 | G65: 3000000 | H65: 3000000 | I65: =IF(G65="","",G65-H65) | J65: =IF(A65="","",IF(I65<=0,"Đã tất toán",IF(L65<TODAY(),"Quá hạn","Còn nợ"))) | K65: Anh Long PCT
A66: 586/BK-2025 | B66: BK-HS-0258 | C66: Thái Hội Hiền | D66: Phòng Đo đạc | E66: Cấp đổi | F66: 45983 | G66: 41000000 | H66: 41000000 | I66: =IF(G66="","",G66-H66) | J66: =IF(A66="","",IF(I66<=0,"Đã tất toán",IF(L66<TODAY(),"Quá hạn","Còn nợ"))) | K66: Công Ty
A67: 587/BK-2025 | B67: BK-HS-0257 | C67: Vũ Xuân Thao | D67: Phòng Đo đạc | E67: Hoàn công | F67: 45983 | G67: 8000000 | H67: 8000000 | I67: =IF(G67="","",G67-H67) | J67: =IF(A67="","",IF(I67<=0,"Đã tất toán",IF(L67<TODAY(),"Quá hạn","Còn nợ"))) | K67: Tuấn Lộc
A68: 588-1/BK-2025 | B68: BK-HS-0256 | C68: Nguyễn Thanh Hải-Nguyễn Thị Bé Năm | D68: Phòng Đo đạc | E68: Tách Thửa | F68: 45984 | G68: 8000000 | H68: 8000000 | I68: =IF(G68="","",G68-H68) | J68: =IF(A68="","",IF(I68<=0,"Đã tất toán",IF(L68<TODAY(),"Quá hạn","Còn nợ"))) | K68: Chị Xuân DV
A69: 588-2/BK-2025 | B69: BK-HS-0255 | C69: Nguyễn Thanh Hải-Nguyễn Thị Bé Năm | D69: Phòng Đo đạc | E69: Tách Thửa | F69: 45984 | G69: 8000000 | H69: 8000000 | I69: =IF(G69="","",G69-H69) | J69: =IF(A69="","",IF(I69<=0,"Đã tất toán",IF(L69<TODAY(),"Quá hạn","Còn nợ"))) | K69: Chị Xuân DV
A70: 588-3/BK-2025 | B70: BK-HS-0254 | C70: Nguyễn Thanh Hải-Nguyễn Thị Bé Năm | D70: Phòng Đo đạc | E70: Tách Thửa | F70: 45984 | G70: 8000000 | H70: 8000000 | I70: =IF(G70="","",G70-H70) | J70: =IF(A70="","",IF(I70<=0,"Đã tất toán",IF(L70<TODAY(),"Quá hạn","Còn nợ"))) | K70: Chị Xuân DV
A71: 589/BK-2025 | B71: BK-HS-0253 | C71: Nguyễn Thị Thanh Tâm | D71: Phòng Đo đạc | E71: Hoàn công | F71: 45984 | G71: 35000000 | H71: 35000000 | I71: =IF(G71="","",G71-H71) | J71: =IF(A71="","",IF(I71<=0,"Đã tất toán",IF(L71<TODAY(),"Quá hạn","Còn nợ"))) | K71: Anh Long PCT
A72: 590/BK-2025 | B72: BK-HS-0252 | C72: Trần Đức Cường | D72: Phòng Đo đạc | E72: Cắm mốc | F72: 45986 | G72: 3000000 | H72: 3000000 | I72: =IF(G72="","",G72-H72) | J72: =IF(A72="","",IF(I72<=0,"Đã tất toán",IF(L72<TODAY(),"Quá hạn","Còn nợ"))) | K72: Anh Chiến KTS
A73: 591/BK-2025 | B73: BK-HS-0251 | C73: Phạm Thị Vân | D73: Phòng Đo đạc | E73: Cấp đổi | F73: 45986 | H73: 0 | I73: =IF(G73="","",G73-H73) | J73: =IF(A73="","",IF(I73<=0,"Đã tất toán",IF(L73<TODAY(),"Quá hạn","Còn nợ"))) | K73: Tùng Huế DV
A74: 592/BK-2025 | B74: BK-HS-0250 | C74: Nguyễn Thị Đẹp | D74: Phòng Đo đạc | E74: Cấp sổ lần đầu | F74: 45989 | G74: 9000000 | H74: 9000000 | I74: =IF(G74="","",G74-H74) | J74: =IF(A74="","",IF(I74<=0,"Đã tất toán",IF(L74<TODAY(),"Quá hạn","Còn nợ"))) | K74: Anh Long PCT
A75: 593/BK-2025 | B75: BK-HS-0249 | C75: Nguyễn Thị À | D75: Phòng Đo đạc | E75: Cấp sổ lần đầu | F75: 45989 | G75: 9000000 | H75: 9000000 | I75: =IF(G75="","",G75-H75) | J75: =IF(A75="","",IF(I75<=0,"Đã tất toán",IF(L75<TODAY(),"Quá hạn","Còn nợ"))) | K75: Anh Long PCT
A76: 594/BK-2025 | B76: BK-HS-0248 | C76: Nguyễn Hồng Xuân | D76: Phòng Đo đạc | E76: Cấp đổi | F76: 45989 | G76: 1 | H76: 0 | I76: =IF(G76="","",G76-H76) | J76: =IF(A76="","",IF(I76<=0,"Đã tất toán",IF(L76<TODAY(),"Quá hạn","Còn nợ"))) | K76: Nguyễn Hương DV
A77: 595/BK-2025 | B77: BK-HS-0247 | C77: Nguyễn Mạnh Hùng-Nguyễn Trần Huyền Trang | D77: Phòng Đo đạc | E77: Cấp đổi | F77: 45990 | G77: 12000000 | H77: 10000000 | I77: =IF(G77="","",G77-H77) | J77: =IF(A77="","",IF(I77<=0,"Đã tất toán",IF(L77<TODAY(),"Quá hạn","Còn nợ"))) | K77: Nguyễn Hương DV
A78: 596/BK-2025 | B78: BK-HS-0246 | C78: Nguyễn Mạnh Hùng-Nguyễn Trần Huyền Trang | D78: Phòng Đo đạc | E78: Cấp đổi | F78: 45990 | G78: 12000000 | H78: 10000000 | I78: =IF(G78="","",G78-H78) | J78: =IF(A78="","",IF(I78<=0,"Đã tất toán",IF(L78<TODAY(),"Quá hạn","Còn nợ"))) | K78: Nguyễn Hương DV
A79: 597/BK-2025 | B79: BK-HS-0245 | C79: Trần Thuỳ Giang | D79: Phòng Đo đạc | E79: Cấp đổi | F79: 45990 | G79: 40000000 | H79: 40000000 | I79: =IF(G79="","",G79-H79) | J79: =IF(A79="","",IF(I79<=0,"Đã tất toán",IF(L79<TODAY(),"Quá hạn","Còn nợ"))) | K79: Công Ty
A80: 598/BK-2025 | B80: BK-HS-0244 | C80: Trần Văn Quang | D80: Phòng Đo đạc | E80: Cắm mốc | F80: 45991 | G80: 2500000 | H80: 2500000 | I80: =IF(G80="","",G80-H80) | J80: =IF(A80="","",IF(I80<=0,"Đã tất toán",IF(L80<TODAY(),"Quá hạn","Còn nợ"))) | K80: Tuấn Lộc
A81: 599/BK-2025 | B81: BK-HS-0243 | C81: Nguyễn Phạm Hoài Vy | D81: Phòng Đo đạc | E81: Xác định diện tích | F81: 45991 | G81: 1 | H81: 1 | I81: =IF(G81="","",G81-H81) | J81: =IF(A81="","",IF(I81<=0,"Đã tất toán",IF(L81<TODAY(),"Quá hạn","Còn nợ"))) | K81: Anh Long PCT
A82: 600/BK-2025 | B82: BK-HS-0242 | C82: Phan Thị Tố Như | D82: Phòng Đo đạc | E82: Xác định diện tích | F82: 45991 | G82: 1 | H82: 1 | I82: =IF(G82="","",G82-H82) | J82: =IF(A82="","",IF(I82<=0,"Đã tất toán",IF(L82<TODAY(),"Quá hạn","Còn nợ"))) | K82: Anh Long PCT
A83: 400-DC-1/BK-2025 | B83: BK-HS-0241 | C83: Nguyễn Nhật Bằng | D83: Phòng Đo đạc | E83: Điều chỉnh bản vẽ | F83: 45991 | G83: 10000000 | H83: 10000000 | I83: =IF(G83="","",G83-H83) | J83: =IF(A83="","",IF(I83<=0,"Đã tất toán",IF(L83<TODAY(),"Quá hạn","Còn nợ"))) | K83: Công Ty
A84: 595-1/BK-2025 | B84: BK-HS-0240 | C84: Nguyễn Mạnh Hùng-Nguyễn Trần Huyền Trang | D84: Phòng Đo đạc | E84: Cắm mốc | F84: 45991 | G84: 3000000 | H84: 0 | I84: =IF(G84="","",G84-H84) | J84: =IF(A84="","",IF(I84<=0,"Đã tất toán",IF(L84<TODAY(),"Quá hạn","Còn nợ"))) | K84: Nguyễn Hương DV
A85: 601/BK-2025 | B85: BK-HS-0239 | C85: Vương Thị Minh | D85: Phòng Đo đạc | E85: Cấp đổi | F85: 45991 | G85: 85000000 | H85: 20000000 | I85: =IF(G85="","",G85-H85) | J85: =IF(A85="","",IF(I85<=0,"Đã tất toán",IF(L85<TODAY(),"Quá hạn","Còn nợ"))) | K85: Công Ty
... A90: 603-1/BK-2025 | B90: BK-HS-0234 | C90: Trần Đức Phú | D90: Phòng Đo đạc | E90: Cắm mốc | F90: 45992 | G90: 3000000 | H90: 0 | I90: =IF(G90="","",G90-H90) | J90: =IF(A90="","",IF(I90<=0,"Đã tất toán",IF(L90<TODAY(),"Quá hạn","Còn nợ"))) | K90: Hoàng Quân
A91: 603-2/BK-2025 | B91: BK-HS-0233 | C91: Trần Đức Phú | D91: Phòng Đo đạc | E91: Đo GPS | F91: 45992 | H91: 0 | I91: =IF(G91="","",G91-H91) | J91: =IF(A91="","",IF(I91<=0,"Đã tất toán",IF(L91<TODAY(),"Quá hạn","Còn nợ"))) | K91: Hoàng Quân
A92: 504-DC/BK-2025 | B92: BK-HS-0232 | C92: Trần Thị Ngọc Dung | D92: Phòng Đo đạc | E92: Điều chỉnh bản vẽ | F92: 45992 | G92: 1 | H92: 1 | I92: =IF(G92="","",G92-H92) | J92: =IF(A92="","",IF(I92<=0,"Đã tất toán",IF(L92<TODAY(),"Quá hạn","Còn nợ"))) | K92: Cô Hoa
A93: 604/BK-2025 | B93: BK-HS-0231 | C93: Anh Lộc | D93: Phòng Đo đạc | E93: Kiểm tra hiện trạng | F93: 45992 | G93: 1 | H93: 1 | I93: =IF(G93="","",G93-H93) | J93: =IF(A93="","",IF(I93<=0,"Đã tất toán",IF(L93<TODAY(),"Quá hạn","Còn nợ"))) | K93: Đạt Việt Phát Land
A94: 526-1/BK-2025 | B94: BK-HS-0230 | C94: Nguyễn Khánh Lộc | D94: Phòng Đo đạc | E94: Cắm mốc | F94: 45992 | G94: 3000000 | H94: 0 | I94: =IF(G94="","",G94-H94) | J94: =IF(A94="","",IF(I94<=0,"Đã tất toán",IF(L94<TODAY(),"Quá hạn","Còn nợ"))) | K94: Nguyễn Tâm DV
A95: 605/BK-2025 | B95: BK-HS-0229 | C95: Trần Lâm | D95: Phòng Đo đạc | E95: Hoàn công | F95: 45992 | H95: 0 | I95: =IF(G95="","",G95-H95) | J95: =IF(A95="","",IF(I95<=0,"Đã tất toán",IF(L95<TODAY(),"Quá hạn","Còn nợ"))) | K95: Công Ty
A96: 607/BK-2025 | B96: BK-HS-0228 | C96: Phan Văn Truyền-Nguyễn Thị Quy | D96: Phòng Đo đạc | E96: Hoàn công | F96: 45993 | G96: 1 | H96: 1 | I96: =IF(G96="","",G96-H96) | J96: =IF(A96="","",IF(I96<=0,"Đã tất toán",IF(L96<TODAY(),"Quá hạn","Còn nợ"))) | K96: Đạt Việt Phát Land
A97: 608/BK-2025 | B97: BK-HS-0227 | C97: Trần Quang Vinh | D97: Phòng Đo đạc | E97: Cấp đổi | F97: 45993 | G97: 15000000 | H97: 0 | I97: =IF(G97="","",G97-H97) | J97: =IF(A97="","",IF(I97<=0,"Đã tất toán",IF(L97<TODAY(),"Quá hạn","Còn nợ"))) | K97: Hoàng Quân
A98: 608-1/BK-2025 | B98: BK-HS-0226 | C98: Trần Quang Vinh | D98: Phòng Đo đạc | E98: Cắm mốc | F98: 45993 | G98: 4500000 | H98: 0 | I98: =IF(G98="","",G98-H98) | J98: =IF(A98="","",IF(I98<=0,"Đã tất toán",IF(L98<TODAY(),"Quá hạn","Còn nợ"))) | K98: Hoàng Quân
A99: 608-2/BK-2025 | B99: BK-HS-0225 | C99: Trần Quang Vinh | D99: Phòng Đo đạc | E99: Đo GPS | F99: 45993 | H99: 0 | I99: =IF(G99="","",G99-H99) | J99: =IF(A99="","",IF(I99<=0,"Đã tất toán",IF(L99<TODAY(),"Quá hạn","Còn nợ"))) | K99: Hoàng Quân
A100: 609/BK-2025 | B100: BK-HS-0224 | C100: Trần Quang Vinh | D100: Phòng Đo đạc | E100: Cấp đổi | F100: 45993 | H100: 0 | I100: =IF(G100="","",G100-H100) | J100: =IF(A100="","",IF(I100<=0,"Đã tất toán",IF(L100<TODAY(),"Quá hạn","Còn nợ"))) | K100: Hoàng Quân
A101: 609-1/BK-2025 | B101: BK-HS-0223 | C101: Trần Quang Vinh | D101: Phòng Đo đạc | E101: Cắm mốc | F101: 45993 | G101: 3000000 | H101: 0 | I101: =IF(G101="","",G101-H101) | J101: =IF(A101="","",IF(I101<=0,"Đã tất toán",IF(L101<TODAY(),"Quá hạn","Còn nợ"))) | K101: Hoàng Quân
A102: 609-2/BK-2025 | B102: BK-HS-0222 | C102: Trần Quang Vinh | D102: Phòng Đo đạc | E102: Đo GPS | F102: 45993 | H102: 0 | I102: =IF(G102="","",G102-H102) | J102: =IF(A102="","",IF(I102<=0,"Đã tất toán",IF(L102<TODAY(),"Quá hạn","Còn nợ"))) | K102: Hoàng Quân
A103: 610/BK-2025 | B103: BK-HS-0221 | C103: Trần Đức Phú | D103: Phòng Đo đạc | E103: Cấp đổi | F103: 45993 | G103: 25000000 | H103: 0 | I103: =IF(G103="","",G103-H103) | J103: =IF(A103="","",IF(I103<=0,"Đã tất toán",IF(L103<TODAY(),"Quá hạn","Còn nợ"))) | K103: Hoàng Quân
A104: 610-1/BK-2025 | B104: BK-HS-0220 | C104: Trần Đức Phú | D104: Phòng Đo đạc | E104: Cắm mốc | F104: 45993 | G104: 12000000 | H104: 0 | I104: =IF(G104="","",G104-H104) | J104: =IF(A104="","",IF(I104<=0,"Đã tất toán",IF(L104<TODAY(),"Quá hạn","Còn nợ"))) | K104: Hoàng Quân
A105: 610-2/BK-2025 | B105: BK-HS-0219 | C105: Trần Đức Phú | D105: Phòng Đo đạc | E105: Đo GPS | F105: 45993 | H105: 0 | I105: =IF(G105="","",G105-H105) | J105: =IF(A105="","",IF(I105<=0,"Đã tất toán",IF(L105<TODAY(),"Quá hạn","Còn nợ"))) | K105: Hoàng Quân
A106: 611/BK-2025 | B106: BK-HS-0218 | C106: Trần Đức Phú | D106: Phòng Đo đạc | E106: Cắm mốc | F106: 45995 | G106: 3000000 | H106: 0 | I106: =IF(G106="","",G106-H106) | J106: =IF(A106="","",IF(I106<=0,"Đã tất toán",IF(L106<TODAY(),"Quá hạn","Còn nợ"))) | K106: Hoàng Quân
A107: 612/BK-2025 | B107: BK-HS-0217 | C107: Lê Thị Nguyệt | D107: Phòng Đo đạc | E107: Đo GPS | F107: 45995 | G107: 1 | H107: 0 | I107: =IF(G107="","",G107-H107) | J107: =IF(A107="","",IF(I107<=0,"Đã tất toán",IF(L107<TODAY(),"Quá hạn","Còn nợ"))) | K107: Công Ty
A108: 613/BK-2025 | B108: BK-HS-0216 | C108: Nguyễn Trọng Nghĩa | D108: Phòng Đo đạc | E108: Hoàn công | F108: 45996 | G108: 20000000 | H108: 10000000 | I108: =IF(G108="","",G108-H108) | J108: =IF(A108="","",IF(I108<=0,"Đã tất toán",IF(L108<TODAY(),"Quá hạn","Còn nợ"))) | K108: Đạt Việt Phát Land
A109: 614/BK-2025 | B109: BK-HS-0215 | C109: Dương Hồng Cẩm | D109: Phòng Đo đạc | E109: Hoàn công | F109: 45996 | G109: 170000000 | H109: 170000000 | I109: =IF(G109="","",G109-H109) | J109: =IF(A109="","",IF(I109<=0,"Đã tất toán",IF(L109<TODAY(),"Quá hạn","Còn nợ"))) | K109: Công Ty
A110: 615/BK-2025 | B110: BK-HS-0214 | C110: Đoàn Ngọc Hải | D110: Phòng Đo đạc | E110: Xác định diện tích | F110: 45996 | G110: 1500000 | H110: 1000000 | I110: =IF(G110="","",G110-H110) | J110: =IF(A110="","",IF(I110<=0,"Đã tất toán",IF(L110<TODAY(),"Quá hạn","Còn nợ"))) | K110: Cô Hải Dịch Vụ
A111: 616/BK-2025 | B111: BK-HS-0213 | C111: Vũ Thị Phương | D111: Phòng Đo đạc | E111: Xác định diện tích | F111: 45996 | G111: 1500000 | H111: 1000000 | I111: =IF(G111="","",G111-H111) | J111: =IF(A111="","",IF(I111<=0,"Đã tất toán",IF(L111<TODAY(),"Quá hạn","Còn nợ"))) | K111: Cô Hải Dịch Vụ
A112: 617/BK-2025 | B112: BK-HS-0212 | C112: Hàn Ngọc Pho | D112: Phòng Đo đạc | E112: Xin phép xây dựng | F112: 45996 | G112: 11000000 | H112: 11000000 | I112: =IF(G112="","",G112-H112) | J112: =IF(A112="","",IF(I112<=0,"Đã tất toán",IF(L112<TODAY(),"Quá hạn","Còn nợ"))) | K112: Đạt Việt Phát Land
A113: 618/BK-2025 | B113: BK-HS-0211 | C113: Đinh Thị Hằng | D113: Phòng Đo đạc | E113: Xin phép xây dựng | F113: 45996 | G113: 25000000 | H113: 25000000 | I113: =IF(G113="","",G113-H113) | J113: =IF(A113="","",IF(I113<=0,"Đã tất toán",IF(L113<TODAY(),"Quá hạn","Còn nợ"))) | K113: Công Ty
A114: 619/BK-2025 | B114: BK-HS-0210 | C114: Đinh Gia Trí | D114: Phòng Đo đạc | E114: Xin phép xây dựng | F114: 45996 | G114: 15000000 | H114: 15000000 | I114: =IF(G114="","",G114-H114) | J114: =IF(A114="","",IF(I114<=0,"Đã tất toán",IF(L114<TODAY(),"Quá hạn","Còn nợ"))) | K114: Công Ty
A115: 620/BK-2025 | B115: BK-HS-0209 | C115: Lê Thị Nguyệt | D115: Phòng Đo đạc | E115: Cấp đổi | F115: 45997 | G115: 15 | H115: 0 | I115: =IF(G115="","",G115-H115) | J115: =IF(A115="","",IF(I115<=0,"Đã tất toán",IF(L115<TODAY(),"Quá hạn","Còn nợ"))) | K115: Đạt Việt Phát Land
A116: ĐC 116/BK-2025 | B116: BK-HS-0208 | C116: Lại Quốc Huy | D116: Phòng Đo đạc | E116: Điều chỉnh bản vẽ | F116: 45997 | G116: 180000000 | H116: 100000000 | I116: =IF(G116="","",G116-H116) | J116: =IF(A116="","",IF(I116<=0,"Đã tất toán",IF(L116<TODAY(),"Quá hạn","Còn nợ"))) | K116: Công Ty
A117: 622/BK-2025 | B117: BK-HS-0207 | C117: Nguyễn Thị Mến | D117: Phòng Đo đạc | E117: Hoàn công | F117: 45998 | G117: 34000000 | H117: 0 | I117: =IF(G117="","",G117-H117) | J117: =IF(A117="","",IF(I117<=0,"Đã tất toán",IF(L117<TODAY(),"Quá hạn","Còn nợ"))) | K117: Cô Hoa
A118: 623/BK-2025 | B118: BK-HS-0206 | C118: Nguyễn Văn Quỳnh | D118: Phòng Đo đạc | E118: Hoàn công | F118: 45998 | H118: 0 | I118: =IF(G118="","",G118-H118) | J118: =IF(A118="","",IF(I118<=0,"Đã tất toán",IF(L118<TODAY(),"Quá hạn","Còn nợ"))) | K118: Cô Hoa
A119: 624/BK-2025 | B119: BK-HS-0205 | C119: Lô Bằng Giang | D119: Phòng Đo đạc | E119: Xác định diện tích | F119: 45996 | G119: 1 | H119: 1 | I119: =IF(G119="","",G119-H119) | J119: =IF(A119="","",IF(I119<=0,"Đã tất toán",IF(L119<TODAY(),"Quá hạn","Còn nợ"))) | K119: Công Ty
A120: 625/BK-2025 | B120: BK-HS-0204 | C120: Lô Bằng Giang | D120: Phòng Đo đạc | E120: Xác định diện tích | F120: 45996 | G120: 1 | H120: 1 | I120: =IF(G120="","",G120-H120) | J120: =IF(A120="","",IF(I120<=0,"Đã tất toán",IF(L120<TODAY(),"Quá hạn","Còn nợ"))) | K120: Công Ty
A121: 353-1/BK-2025 | B121: BK-HS-0203 | C121: Đặng Đức Ý | D121: Phòng Đo đạc | E121: Cấp đổi | F121: 45999 | H121: 0 | I121: =IF(G121="","",G121-H121) | J121: =IF(A121="","",IF(I121<=0,"Đã tất toán",IF(L121<TODAY(),"Quá hạn","Còn nợ"))) | K121: Đạt Việt Phát Land
A122: 626/BK-2025 | B122: BK-HS-0202 | C122: Bùi Nam Giang | D122: Phòng Đo đạc | E122: Xác định diện tích | F122: 45999 | G122: 5000000 | H122: 5000000 | I122: =IF(G122="","",G122-H122) | J122: =IF(A122="","",IF(I122<=0,"Đã tất toán",IF(L122<TODAY(),"Quá hạn","Còn nợ"))) | K122: Công Ty
A123: 627/BK-2025 | B123: BK-HS-0201 | C123: Trần Thị Hạnh | D123: Phòng Đo đạc | E123: Cấp đổi | F123: 45999 | G123: 10000000 | H123: 10000000 | I123: =IF(G123="","",G123-H123) | J123: =IF(A123="","",IF(I123<=0,"Đã tất toán",IF(L123<TODAY(),"Quá hạn","Còn nợ"))) | K123: Nguyễn Khoa DV
A124: 628/BK-2025 | B124: BK-HS-0200 | C124: Lô Bằng Giang | D124: Phòng Đo đạc | E124: Chuyển mục đích | F124: 45999 | G124: 15000000 | H124: 15000000 | I124: =IF(G124="","",G124-H124) | J124: =IF(A124="","",IF(I124<=0,"Đã tất toán",IF(L124<TODAY(),"Quá hạn","Còn nợ"))) | K124: Công Ty
...

Sheet DATABASE_THU_CHI
A1: DATABASE THU CHI
A2: Mọi thu/chi nên gắn Mã hồ sơ hoặc Mã hợp đồng khi có liên quan.
A3: Ngày | B3: Mã phiếu | C3: Loại Thu/Chi | D3: Mã hồ sơ | E3: Mã hợp đồng | F3: Diễn giải | G3: Phòng ban | H3: Người nhận/Nộp | I3: Hình thức | J3: Số tiền | K3: Thu (+) | L3: Chi (-) | M3: Ghi chú
A4: 46097 | B4: PC-03/2026-085 | C4: Chi | F4: Gửi bv bv Hoàng Thị Cúc - Chi bảo vệ | G4: Phòng Kế toán | H4: bảo vệ | I4: Tiền mặt | J4: 50000 | K4: =IF(C4="Thu",J4,0) | L4: =IF(C4="Chi",J4,0) | M4: =K4-L4
A5: 46097 | B5: PC-03/2026-086 | C5: Chi | F5: thanh toán trích lục Lê Văn Hoàng - Lấy trích lục | G5: Phòng Kế toán | H5: Chi nhánh số 2 | I5: Chuyển khoản | J5: 200000 | K5: =IF(C5="Thu",J5,0) | L5: =IF(C5="Chi",J5,0) | M5: =K5-L5
A6: 46097 | B6: PC-03/2026-087 | C6: Chi | F6: gửi chị Huy nộp bản vẽ sáng 16/3 - Chi quầy tiếp nhận | G6: Phòng Kế toán | H6: Chị Huy | I6: Tiền mặt | J6: 100000 | K6: =IF(C6="Thu",J6,0) | L6: =IF(C6="Chi",J6,0) | M6: =K6-L6
A7: 46097 | B7: PC-03/2026-088 | C7: Chi | F7: Phan Xuân Phước (255) - Lấy bản vẽ | G7: Phòng Kế toán | H7: Chi nhánh số 2 | I7: Chuyển khoản | J7: 130873 | K7: =IF(C7="Thu",J7,0) | L7: =IF(C7="Chi",J7,0) | M7: =K7-L7
A8: 46097 | B8: PC-03/2026-089 | C8: Chi | F8: nộp hồ sơ tách thửa Trần Thị Ngọc Dung - Chi quầy tiếp nhận | G8: Phòng Kế toán | H8: quầy tiếp nhận | I8: Tiền mặt | J8: 200000 | K8: =IF(C8="Thu",J8,0) | L8: =IF(C8="Chi",J8,0) | M8: =K8-L8
A9: 46097 | B9: PC-03/2026-090 | C9: Chi | F9: Đào Thị Hòa (235) - Lấy bản vẽ | G9: Phòng Kế toán | H9: Chi nhánh số 2 | I9: Chuyển khoản | J9: 86900 | K9: =IF(C9="Thu",J9,0) | L9: =IF(C9="Chi",J9,0) | M9: =K9-L9
A10: 46097 | B10: PC-03/2026-091 | C10: Chi | F10: gửi chị Huy lấy bản vẽ đạt 16/3 - Chi quầy tiếp nhận | G10: Phòng Kế toán | H10: Chị Huy | I10: Tiền mặt | J10: 100000 | K10: =IF(C10="Thu",J10,0) | L10: =IF(C10="Chi",J10,0) | M10: =K10-L10
A11: 46097 | B11: PC-03/2026-092 | C11: Chi | F11: nộp hs Phan Xuân Phước - Chi quầy tiếp nhận | G11: Phòng Kế toán | H11: quầy tiếp nhận | I11: Tiền mặt | J11: 100000 | K11: =IF(C11="Thu",J11,0) | L11: =IF(C11="Chi",J11,0) | M11: =K11-L11
A12: 46097 | B12: PC-03/2026-093 | C12: Chi | F12: gửi hợp đồng cho anh Ý - Chuyển phát - Bưu chính-Grap | G12: Phòng Kế toán | H12: Anh Ý | I12: Chuyển khoản | J12: 41000 | K12: =IF(C12="Thu",J12,0) | L12: =IF(C12="Chi",J12,0) | M12: =K12-L12
A13: 46097 | B13: PC-03/2026-094 | C13: Chi | F13: gửi phi nông nghiệp Phan Xuân Phước cho chị Trâm - Đóng thuế | G13: Phòng Kế toán | H13: Chị Trâm | I13: Tiền mặt | J13: 300000 | K13: =IF(C13="Thu",J13,0) | L13: =IF(C13="Chi",J13,0) | M13: =K13-L13
A14: 46097 | B14: PC-03/2026-095 | C14: Chi | F14: đóng thuế phi NN Phan Xuân Phước - Đóng thuế | G14: Phòng Kế toán | H14: Agribank | I14: Tiền mặt | J14: 53000 | K14: =IF(C14="Thu",J14,0) | L14: =IF(C14="Chi",J14,0) | M14: =K14-L14
A15: 46097 | B15: PC-03/2026-096 | C15: Chi | F15: gửi bv cho anh Xuất - Chi bảo vệ | G15: Phòng Kế toán | H15: bảo vệ | I15: Tiền mặt | J15: 50000 | K15: =IF(C15="Thu",J15,0) | L15: =IF(C15="Chi",J15,0) | M15: =K15-L15
... A223: 46053 | B223: PC-01/2026-339 | C223: Chi | F223: trái cây 31/1 - Sinh hoạt gia đình | G223: Phòng Kế toán | H223: Hằng | I223: Tiền mặt | J223: 140000 | K223: =IF(C223="Thu",J223,0) | L223: =IF(C223="Chi",J223,0) | M223: =K223-L223
A224: 2026-06-23 13:31:38 | B224: PC-03/2026-0097 | C224: Chi | D224: None | E224: None | F224: Lệ phí trích lục bản đồ | G224: Phòng Đo đạc | H224: Võ Thành Minh | I224: Tiền mặt | J224: 150000 | K224: =IF(C224="Thu",J224,0) | L224: =IF(C224="Chi",J224,0) | M224: =K224-L224
A225: 2026-06-23 13:32:14 | B225: PC-03/2026-0098 | C225: Chi | D225: None | E225: None | F225: Lệ phí trích lục bản đồ | G225: Phòng Đo đạc | H225: Võ Thành Minh | I225: Tiền mặt | J225: 150000 | K225: =IF(C225="Thu",J225,0) | L225: =IF(C225="Chi",J225,0) | M225: =K225-L225
A226: 2026-06-23 13:33:52 | B226: PC-03/2026-0099 | C226: Chi | D226: None | E226: None | F226: Le phi trich luc bang do | G226: Phong Do dac | H226: Vo Thanh Minh | I226: Tien mat | J226: 150000 | K226: =IF(C226="Thu",J226,0) | L226: =IF(C226="Chi",J226,0) | M226: =K226-L226
A227: 2026-06-23 13:45:36 | B227: PC-03/2026-0100 | C227: Chi | D227: None | E227: None | F227: Test chi phí Python | G227: Phòng Giám đốc | H227: Lê Văn Dựng | I227: Tiền mặt | J227: 500000 | K227: =IF(C227="Thu",J227,0) | L227: =IF(C227="Chi",J227,0) | M227: =K227-L227
K228: =IF(C228="Thu",J228,0) | L228: =IF(C228="Chi",J228,0) | M228: =K228-L228
K229: =IF(C229="Thu",J229,0) | L229: =IF(C229="Chi",J229,0) | M229: =K229-L229
K230: =IF(C230="Thu",J230,0) | L230: =IF(C230="Chi",J230,0) | M230: =K230-L230
K231: =IF(C231="Thu",J231,0) | L231: =IF(C231="Chi",J231,0) | M231: =K231-L231
K232: =IF(C232="Thu",J232,0) | L232: =IF(C232="Chi",J232,0) | M232: =K232-L232
K233: =IF(C233="Thu",J233,0) | L233: =IF(C233="Chi",J233,0) | M233: =K233-L233
K234: =IF(C234="Thu",J234,0) | L234: =IF(C234="Chi",J234,0) | M234: =K234-L234
K235: =IF(C235="Thu",J235,0) | L235: =IF(C235="Chi",J235,0) | M235: =K235-L235
K236: =IF(C236="Thu",J236,0) | L236: =IF(C236="Chi",J236,0) | M236: =K236-L236
K237: =IF(C237="Thu",J237,0) | L237: =IF(C237="Chi",J237,0) | M237: =K237-L237
K238: =IF(C238="Thu",J238,0) | L238: =IF(C238="Chi",J238,0) | M238: =K238-L238
K239: =IF(C239="Thu",J239,0) | L239: =IF(C239="Chi",J239,0) | M239: =K239-L239
... K243: =IF(C243="Thu",J243,0) | L243: =IF(C243="Chi",J243,0) | M243: =K243-L243
B244: =IF(A244="","",THIET_LAP!$B$4&"-TC-"&TEXT(COUNT($A$4:A244),"0000")) | K244: =IF(C244="Thu",J244,0) | L244: =IF(C244="Chi",J244,0)
B245: =IF(A245="","",THIET_LAP!$B$4&"-TC-"&TEXT(COUNT($A$4:A245),"0000")) | K245: =IF(C245="Thu",J245,0) | L245: =IF(C245="Chi",J245,0)
B246: =IF(A246="","",THIET_LAP!$B$4&"-TC-"&TEXT(COUNT($A$4:A246),"0000")) | K246: =IF(C246="Thu",J246,0) | L246: =IF(C246="Chi",J246,0)
B247: =IF(A247="","",THIET_LAP!$B$4&"-TC-"&TEXT(COUNT($A$4:A247),"0000")) | K247: =IF(C247="Thu",J247,0) | L247: =IF(C247="Chi",J247,0)
B248: =IF(A248="","",THIET_LAP!$B$4&"-TC-"&TEXT(COUNT($A$4:A248),"0000")) | K248: =IF(C248="Thu",J248,0) | L248: =IF(C248="Chi",J248,0)
B249: =IF(A249="","",THIET_LAP!$B$4&"-TC-"&TEXT(COUNT($A$4:A249),"0000")) | K249: =IF(C249="Thu",J249,0) | L249: =IF(C249="Chi",J249,0)
B250: =IF(A250="","",THIET_LAP!$B$4&"-TC-"&TEXT(COUNT($A$4:A250),"0000")) | K250: =IF(C250="Thu",J250,0) | L250: =IF(C250="Chi",J250,0)
B251: =IF(A251="","",THIET_LAP!$B$4&"-TC-"&TEXT(COUNT($A$4:A251),"0000")) | K251: =IF(C251="Thu",J251,0) | L251: =IF(C251="Chi",J251,0)
B252: =IF(A252="","",THIET_LAP!$B$4&"-TC-"&TEXT(COUNT($A$4:A252),"0000")) | K252: =IF(C252="Thu",J252,0) | L252: =IF(C252="Chi",J252,0)
B253: =IF(A253="","",THIET_LAP!$B$4&"-TC-"&TEXT(COUNT($A$4:A253),"0000")) | K253: =IF(C253="Thu",J253,0) | L253: =IF(C253="Chi",J253,0)
B254: =IF(A254="","",THIET_LAP!$B$4&"-TC-"&TEXT(COUNT($A$4:A254),"0000")) | K254: =IF(C254="Thu",J254,0) | L254: =IF(C254="Chi",J254,0)
B255: =IF(A255="","",THIET_LAP!$B$4&"-TC-"&TEXT(COUNT($A$4:A255),"0000")) | K255: =IF(C255="Thu",J255,0) | L255: =IF(C255="Chi",J255,0)
... B400: =IF(A400="","",THIET_LAP!$B$4&"-TC-"&TEXT(COUNT($A$4:A400),"0000")) | K400: =IF(C400="Thu",J400,0) | L400: =IF(C400="Chi",J400,0)

Sheet DATABASE_LUONG_KHOAN
A1: DATABASE LƯƠNG KHOÁN
A2: Mỗi dòng là 1 khoản khoán / phụ cấp / thưởng phạt gắn với hồ sơ hoặc task.
A3: Tháng | B3: Nhân sự | C3: Mã hồ sơ | D3: Mã task | E3: Công đoạn khoán | F3: Phòng ban | G3: Số tiền khoán | H3: Phụ cấp | I3: Thưởng/Phạt | J3: Tổng nhận | K3: Ngày chốt | L3: Ghi chú
A4: 46082 | B4: Lê Văn Dựng | C4: BK-HS-0030 | E4: Cắm mốc | F4: Phòng Đo đạc | G4: 1200000 | H4: 0 | I4: 0 | J4: =IF(B4="","",SUM(G4:I4)) | K4: 46085 | L4: HĐ cũ: 098/BK-2026
A5: 46082 | B5: Lê Văn Dựng | C5: BK-HS-0027 | E5: Xác định diện tích | F5: Phòng Đo đạc | G5: 700000 | H5: 0 | I5: 0 | J5: =IF(B5="","",SUM(G5:I5)) | K5: 46086 | L5: HĐ cũ: 101/BK-2026 | hồ sơ cấp đổi lấn thửa chủ nhà yêu cầu vẽ XDDT để đưa lên phường trình bày
A6: 46082 | B6: Lê Văn Dựng | C6: BK-HS-0025 | E6: Cắm mốc | F6: Phòng Đo đạc | G6: 1200000 | H6: 0 | I6: 0 | J6: =IF(B6="","",SUM(G6:I6)) | K6: 46086 | L6: HĐ cũ: 103/BK-2026
A7: 46082 | B7: Lê Văn Dựng | C7: BK-HS-0023 | E7: Cắm mốc | F7: Phòng Đo đạc | G7: 1200000 | H7: 300000 | I7: 0 | J7: =IF(B7="","",SUM(G7:I7)) | K7: 46086 | L7: HĐ cũ: 105/BK-2026
A8: 46082 | B8: Lê Văn Dựng | C8: BK-HS-0019 | E8: Đo GPS | F8: Phòng Đo đạc | G8: 1200000 | H8: 0 | I8: 0 | J8: =IF(B8="","",SUM(G8:I8)) | K8: 46090 | L8: HĐ cũ: 109/BK-2026
A9: 46082 | B9: Lê Văn Dựng | C9: BK-HS-0020 | E9: Cấp đổi | F9: Phòng Đo đạc | G9: 1100000 | H9: 0 | I9: 300000 | J9: =IF(B9="","",SUM(G9:I9)) | K9: 46091 | L9: HĐ cũ: 108/BK-2026
A10: 46082 | B10: Lê Văn Dựng | C10: BK-HS-0017 | E10: Đo GPS | F10: Phòng Đo đạc | G10: 1200000 | H10: 0 | I10: 0 | J10: =IF(B10="","",SUM(G10:I10)) | K10: 46091 | L10: HĐ cũ: 111/BK-2026
A11: 46082 | B11: Lê Văn Dựng | C11: BK-HS-0016 | E11: Xác định diện tích | F11: Phòng Đo đạc | G11: 700000 | H11: 0 | I11: 0 | J11: =IF(B11="","",SUM(G11:I11)) | K11: 46091 | L11: HĐ cũ: 112/BK-2026
A12: 46082 | B12: Lê Văn Dựng | C12: BK-HS-0015 | E12: Xác định diện tích | F12: Phòng Đo đạc | G12: 700000 | H12: 0 | I12: 0 | J12: =IF(B12="","",SUM(G12:I12)) | K12: 46091 | L12: HĐ cũ: 113/BK-2026
A13: 46082 | B13: Lê Văn Dựng | C13: BK-HS-0167 | E13: Hoàn công | F13: Phòng Đo đạc | G13: 1100000 | H13: 0 | I13: 0 | J13: =IF(B13="","",SUM(G13:I13)) | K13: 46092 | L13: HĐ cũ: 653/BK-2025
A14: 46054 | B14: Lê Văn Dựng | C14: BK-HS-0076 | E14: Cấp đổi | F14: Phòng Đo đạc | G14: 1100000 | H14: 0 | I14: 0 | J14: =IF(B14="","",SUM(G14:I14)) | K14: 46056 | L14: HĐ cũ: 053/BK-2026 | hồ sơ chưa xử lý được do khu đất có ao sâu không thể chôn trụ xi măng được,chờ khách hàng san lấp
A15: 46054 | B15: Lê Văn Dựng | C15: BK-HS-0052 | E15: Xác định diện tích | F15: Phòng Đo đạc | G15: 700000 | H15: 0 | I15: 0 | J15: =IF(B15="","",SUM(G15:I15)) | K15: 46056 | L15: HĐ cũ: 076/BK-2026
... A32: 46023 | B32: Lê Văn Dựng | C32: BK-HS-0109 | E32: Cấp đổi | F32: Phòng Đo đạc | G32: 0 | H32: 0 | I32: 0 | J32: =IF(B32="","",SUM(G32:I32)) | K32: 46038 | L32: HĐ cũ: 020/BK-2026
A33: 46023 | B33: Lê Văn Dựng | E33: Cấp đổi | F33: Phòng Đo đạc | G33: 0 | H33: 0 | I33: 0 | J33: =IF(B33="","",SUM(G33:I33)) | K33: 46038 | L33: HĐ cũ: 482/BK-2025 | Thửa 28
A34: 46023 | B34: Lê Văn Dựng | E34: Cấp đổi | F34: Phòng Đo đạc | G34: 0 | H34: 0 | I34: 0 | J34: =IF(B34="","",SUM(G34:I34)) | K34: 46038 | L34: HĐ cũ: 483/BK-2025 | Thửa 60
A35: 46023 | B35: Lê Văn Dựng | E35: Cấp đổi | F35: Phòng Đo đạc | G35: 0 | H35: 0 | I35: 0 | J35: =IF(B35="","",SUM(G35:I35)) | K35: 46038 | L35: HĐ cũ: 484/BK-2025 | Thửa 61
A36: 46023 | B36: Lê Văn Dựng | E36: Cấp đổi | F36: Phòng Đo đạc | G36: 0 | H36: 0 | I36: 0 | J36: =IF(B36="","",SUM(G36:I36)) | K36: 46038 | L36: HĐ cũ: 489/BK-2025 | Thửa 508
A37: 46023 | B37: Lê Văn Dựng | E37: Cấp đổi | F37: Phòng Đo đạc | G37: 0 | H37: 0 | I37: 0 | J37: =IF(B37="","",SUM(G37:I37)) | K37: 46038 | L37: HĐ cũ: 490/BK-2025 | Thửa 526, 527
A38: 46023 | B38: Lê Văn Dựng | C38: BK-HS-0093 | E38: Đo GPS | F38: Phòng Đo đạc | G38: 1200000 | H38: 0 | I38: 0 | J38: =IF(B38="","",SUM(G38:I38)) | K38: 46038 | L38: HĐ cũ: 036/BK-2026
A39: 46023 | B39: Lê Văn Dựng | C39: BK-HS-0149 | E39: Cấp đổi | F39: Phòng Đo đạc | G39: 0 | H39: 0 | I39: 0 | J39: =IF(B39="","",SUM(G39:I39)) | K39: 46039 | L39: HĐ cũ: 665/BK-2025
A40: 46023 | B40: Lê Văn Dựng | C40: BK-HS-0152 | E40: Cấp đổi | F40: Phòng Đo đạc | G40: 0 | H40: 0 | I40: 0 | J40: =IF(B40="","",SUM(G40:I40)) | K40: 46039 | L40: HĐ cũ: 664/BK-2025
A41: 46023 | B41: Lê Văn Dựng | E41: Cấp đổi | F41: Phòng Đo đạc | G41: 0 | H41: 0 | I41: 0 | J41: =IF(B41="","",SUM(G41:I41)) | K41: 46039 | L41: HĐ cũ: 465/BK-2025
A42: 46023 | B42: Lê Văn Dựng | E42: Cấp sổ lần đầu | F42: Phòng Đo đạc | G42: 0 | H42: 0 | I42: 0 | J42: =IF(B42="","",SUM(G42:I42)) | K42: 46039 | L42: HĐ cũ: 112/BK-2025 | Lấy 1 bộ hso
A43: 46023 | B43: Lê Văn Dựng | E43: Cấp sổ lần đầu | F43: Phòng Đo đạc | G43: 0 | H43: 0 | I43: 0 | J43: =IF(B43="","",SUM(G43:I43)) | K43: 46039 | L43: HĐ cũ: 114/BK-2025
A44: 46023 | B44: Lê Văn Dựng | C44: BK-HS-0089 | E44: Cắm mốc | F44: Phòng Đo đạc | G44: 1200000 | H44: 50000 | I44: 0 | J44: =IF(B44="","",SUM(G44:I44)) | K44: 46040 | L44: HĐ cũ: 040/BK-2026 | Cắm mốc,Chôn trụ xi măng đã chốt khách hàng 4 triệu (chưa thanh toán)
A45: 46023 | B45: Lê Văn Dựng | C45: BK-HS-0092 | E45: Hoàn công | F45: Phòng Đo đạc | G45: 1100000 | H45: 0 | I45: 0 | J45: =IF(B45="","",SUM(G45:I45)) | K45: 46041 | L45: HĐ cũ: 037/BK-2026
A46: 46023 | B46: Lê Văn Dựng | C46: BK-HS-0061 | E46: Đo GPS | F46: Phòng Đo đạc | G46: 1200000 | H46: 0 | I46: 0 | J46: =IF(B46="","",SUM(G46:I46)) | K46: 46052 | L46: HĐ cũ: 067/BK-2026
A47: 46023 | B47: Lê Văn Dựng | C47: BK-HS-0059 | E47: Đo GPS | F47: Phòng Đo đạc | G47: 1200000 | H47: 0 | I47: 0 | J47: =IF(B47="","",SUM(G47:I47)) | K47: 46052 | L47: HĐ cũ: 069/BK-2026
A48: 45992 | B48: Lê Văn Dựng | C48: BK-HS-0226 | E48: Cắm mốc | F48: Phòng Đo đạc | G48: 1200000 | H48: 375000 | I48: 0 | J48: =IF(B48="","",SUM(G48:I48)) | K48: 45992 | L48: HĐ cũ: 608-1/BK-2025
A49: 45992 | B49: Lê Văn Dựng | C49: BK-HS-0225 | E49: Đo GPS | F49: Phòng Đo đạc | G49: 1200000 | H49: 0 | I49: 0 | J49: =IF(B49="","",SUM(G49:I49)) | K49: 45992 | L49: HĐ cũ: 608-2/BK-2025
A50: 45992 | B50: Lê Văn Dựng | C50: BK-HS-0223 | E50: Cắm mốc | F50: Phòng Đo đạc | G50: 1200000 | H50: 100000 | I50: 0 | J50: =IF(B50="","",SUM(G50:I50)) | K50: 45992 | L50: HĐ cũ: 609-1/BK-2025
A51: 45992 | B51: Lê Văn Dựng | C51: BK-HS-0222 | E51: Đo GPS | F51: Phòng Đo đạc | G51: 1200000 | H51: 0 | I51: 0 | J51: =IF(B51="","",SUM(G51:I51)) | K51: 45992 | L51: HĐ cũ: 609-2/BK-2025
A52: 45992 | B52: Lê Văn Dựng | C52: BK-HS-0220 | E52: Cắm mốc | F52: Phòng Đo đạc | G52: 1200000 | H52: 1000000 | I52: 0 | J52: =IF(B52="","",SUM(G52:I52)) | K52: 45992 | L52: HĐ cũ: 610-1/BK-2025
A53: 45992 | B53: Lê Văn Dựng | C53: BK-HS-0219 | E53: Đo GPS | F53: Phòng Đo đạc | G53: 1200000 | H53: 0 | I53: 0 | J53: =IF(B53="","",SUM(G53:I53)) | K53: 45992 | L53: HĐ cũ: 610-2/BK-2025
A54: 45992 | B54: Lê Văn Dựng | C54: BK-HS-0218 | E54: Cắm mốc | F54: Phòng Đo đạc | G54: 1200000 | H54: 225000 | I54: 0 | J54: =IF(B54="","",SUM(G54:I54)) | K54: 45992 | L54: HĐ cũ: 611/BK-2025 | shd cũ 136/BK-2025
A55: 45992 | B55: Lê Văn Dựng | C55: BK-HS-0217 | E55: Đo GPS | F55: Phòng Đo đạc | G55: 1200000 | H55: 0 | I55: 0 | J55: =IF(B55="","",SUM(G55:I55)) | K55: 45992 | L55: HĐ cũ: 612/BK-2025
... A85: 45962 | B85: Lê Văn Dựng | C85: BK-HS-0288 | E85: Cắm mốc | F85: Phòng Đo đạc | G85: 1200000 | H85: 150000 | I85: 0 | J85: =IF(B85="","",SUM(G85:I85)) | K85: 45965 | L85: HĐ cũ: 561/BK-2025 | Địa chỉ: Quận Q7
A86: 45962 | B86: Lê Văn Dựng | E86: Cấp đổi | F86: Phòng Đo đạc | G86: 1100000 | H86: 0 | I86: 0 | J86: =IF(B86="","",SUM(G86:I86)) | K86: 45971 | L86: HĐ cũ: 285/BK-2025
A87: 45962 | B87: Lê Văn Dựng | C87: BK-HS-0279 | E87: Đo GPS | F87: Phòng Đo đạc | G87: 1200000 | H87: 0 | I87: 0 | J87: =IF(B87="","",SUM(G87:I87)) | K87: 45969 | L87: HĐ cũ: 285-1/BK-2025
A88: 45962 | B88: Lê Văn Dựng | C88: BK-HS-0278 | E88: Cắm mốc | F88: Phòng Đo đạc | G88: 1200000 | H88: 200000 | I88: 0 | J88: =IF(B88="","",SUM(G88:I88)) | K88: 45969 | L88: HĐ cũ: 285-2/BK-2025
A89: 45962 | B89: Lê Văn Dựng | C89: BK-HS-0275 | E89: Cắm mốc | F89: Phòng Đo đạc | G89: 1200000 | H89: 100000 | I89: 0 | J89: =IF(B89="","",SUM(G89:I89)) | K89: 45971 | L89: HĐ cũ: 570/BK-2025
A90: 45962 | B90: Lê Văn Dựng | C90: BK-HS-0274 | E90: Xác định diện tích | F90: Phòng Đo đạc | G90: 700000 | H90: 0 | I90: 0 | J90: =IF(B90="","",SUM(G90:I90)) | K90: 45971 | L90: HĐ cũ: 571/BK-2025
A91: 45962 | B91: Lê Văn Dựng | C91: BK-HS-0273 | E91: Xác định diện tích | F91: Phòng Đo đạc | G91: 700000 | H91: 0 | I91: 0 | J91: =IF(B91="","",SUM(G91:I91)) | K91: 45971 | L91: HĐ cũ: 572/BK-2025 | 3 sổ
A92: 45962 | B92: Lê Văn Dựng | C92: BK-HS-0272 | E92: Xác định diện tích | F92: Phòng Đo đạc | G92: 700000 | H92: 0 | I92: 0 | J92: =IF(B92="","",SUM(G92:I92)) | K92: 45971 | L92: HĐ cũ: 573/BK-2025 | 4 sổ
A93: 45962 | B93: Lê Văn Dựng | C93: BK-HS-0269 | E93: Cấp đổi | F93: Phòng Đo đạc | G93: 1100000 | H93: 0 | I93: 0 | J93: =IF(B93="","",SUM(G93:I93)) | K93: 45973 | L93: HĐ cũ: 576/BK-2025
A94: 45962 | B94: Lê Văn Dựng | E94: Hoàn công | F94: Phòng Đo đạc | G94: 1100000 | H94: 0 | I94: 0 | J94: =IF(B94="","",SUM(G94:I94)) | K94: 45982 | L94: HĐ cũ: 524/BK-2025
A95: 45962 | B95: Lê Văn Dựng | C95: BK-HS-0242 | E95: Xác định diện tích | F95: Phòng Đo đạc | G95: 700000 | H95: 0 | I95: 0 | J95: =IF(B95="","",SUM(G95:I95)) | K95: 45989 | L95: HĐ cũ: 600/BK-2025
A96: 45962 | B96: Lê Văn Dựng | C96: BK-HS-0243 | E96: Xác định diện tích | F96: Phòng Đo đạc | G96: 700000 | H96: 0 | I96: 0 | J96: =IF(B96="","",SUM(G96:I96)) | K96: 45989 | L96: HĐ cũ: 599/BK-2025
A97: 45962 | B97: Lê Văn Dựng | E97: Cấp đổi | F97: Phòng Đo đạc | G97: 1100000 | H97: 0 | I97: 0 | J97: =IF(B97="","",SUM(G97:I97)) | K97: 45989 | L97: HĐ cũ: 458/BK-2025
A98: 45962 | B98: Lê Văn Dựng | C98: BK-HS-0236 | E98: Cắm mốc | F98: Phòng Đo đạc | G98: 1200000 | H98: 250000 | I98: 0 | J98: =IF(B98="","",SUM(G98:I98)) | K98: 45990 | L98: HĐ cũ: 458-1/BK-2025
A99: 45962 | B99: Lê Văn Dựng | C99: BK-HS-0234 | E99: Cắm mốc | F99: Phòng Đo đạc | G99: 1200000 | H99: 200000 | I99: 0 | J99: =IF(B99="","",SUM(G99:I99)) | K99: 45990 | L99: HĐ cũ: 603-1/BK-2025
A100: 45962 | B100: Lê Văn Dựng | C100: BK-HS-0233 | E100: Đo GPS | F100: Phòng Đo đạc | G100: 1200000 | H100: 0 | I100: 0 | J100: =IF(B100="","",SUM(G100:I100)) | K100: 45990 | L100: HĐ cũ: 603-2/BK-2025
A101: 45962 | B101: Lê Văn Dựng | C101: BK-HS-0230 | E101: Cắm mốc | F101: Phòng Đo đạc | G101: 1200000 | H101: 100000 | I101: 0 | J101: =IF(B101="","",SUM(G101:I101)) | K101: 45990 | L101: HĐ cũ: 526-1/BK-2025
A102: 45931 | B102: Lê Văn Dựng | E102: Cấp đổi | F102: Phòng Đo đạc | G102: 1100000 | H102: 0 | I102: 0 | J102: =IF(B102="","",SUM(G102:I102)) | K102: 45931 | L102: HĐ cũ: 461/BK-2025
A103: 45931 | B103: Lê Văn Dựng | E103: Đo GPS | F103: Phòng Đo đạc | G103: 1200000 | H103: 0 | I103: 0 | J103: =IF(B103="","",SUM(G103:I103)) | K103: 45932 | L103: HĐ cũ: 479-2/BK-2025
A104: 45931 | B104: Lê Văn Dựng | E104: Cấp đổi | F104: Phòng Đo đạc | G104: 1100000 | H104: 0 | I104: 0 | J104: =IF(B104="","",SUM(G104:I104)) | K104: 45933 | L104: HĐ cũ: 445/BK-2025
A105: 45931 | B105: Lê Văn Dựng | E105: Cắm mốc | F105: Phòng Đo đạc | G105: 1200000 | H105: 0 | I105: 0 | J105: =IF(B105="","",SUM(G105:I105)) | K105: 45932 | L105: HĐ cũ: 493/BK-2025
A106: 45931 | B106: Lê Văn Dựng | E106: Đo GPS | F106: Phòng Đo đạc | G106: 1200000 | H106: 0 | I106: 0 | J106: =IF(B106="","",SUM(G106:I106)) | K106: 45940 | L106: HĐ cũ: 515/BK-2025
A107: 45931 | B107: Lê Văn Dựng | E107: Đo GPS | F107: Phòng Đo đạc | G107: 1200000 | H107: 0 | I107: 0 | J107: =IF(B107="","",SUM(G107:I107)) | K107: 45940 | L107: HĐ cũ: 516/BK-2025
A108: 45931 | B108: Lê Văn Dựng | E108: Đo GPS | F108: Phòng Đo đạc | G108: 1200000 | H108: 0 | I108: 0 | J108: =IF(B108="","",SUM(G108:I108)) | K108: 45940 | L108: HĐ cũ: 517/BK-2025
A109: 45931 | B109: Lê Văn Dựng | E109: Cắm mốc | F109: Phòng Đo đạc | G109: 1200000 | H109: 100000 | I109: 0 | J109: =IF(B109="","",SUM(G109:I109)) | K109: 45943 | L109: HĐ cũ: 520/BK-2025
A110: 45931 | B110: Lê Văn Dựng | E110: Xác định diện tích | F110: Phòng Đo đạc | G110: 700000 | H110: 0 | I110: 0 | J110: =IF(B110="","",SUM(G110:I110)) | K110: 45945 | L110: HĐ cũ: 525/BK-2025
A111: 45931 | B111: Lê Văn Dựng | E111: Đo GPS | F111: Phòng Đo đạc | G111: 1200000 | H111: 0 | I111: 0 | J111: =IF(B111="","",SUM(G111:I111)) | K111: 45947 | L111: HĐ cũ: 530/BK-2025
A112: 45931 | B112: Lê Văn Dựng | E112: Cắm mốc | F112: Phòng Đo đạc | G112: 1200000 | H112: 375000 | I112: 0 | J112: =IF(B112="","",SUM(G112:I112)) | K112: 45948 | L112: HĐ cũ: 460-3/BK-2025
A113: 45931 | B113: Lê Văn Dựng | E113: Cắm mốc | F113: Phòng Đo đạc | G113: 1200000 | H113: 275000 | I113: 0 | J113: =IF(B113="","",SUM(G113:I113)) | K113: 45948 | L113: HĐ cũ: 455-3/BK-2025
... A130: 45931 | B130: Lê Văn Dựng | E130: Cắm mốc | F130: Phòng Đo đạc | G130: 1200000 | H130: 150000 | I130: 0 | J130: =IF(B130="","",SUM(G130:I130)) | K130: 45951 | L130: HĐ cũ: 488-1/BK-2025
A131: 45931 | B131: Lê Văn Dựng | C131: BK-HS-0320 | E131: Đo GPS | F131: Phòng Đo đạc | G131: 1200000 | H131: 0 | I131: 0 | J131: =IF(B131="","",SUM(G131:I131)) | K131: 45951 | L131: HĐ cũ: 488-2/BK-2025
A132: 45931 | B132: Lê Văn Dựng | E132: Cấp đổi | F132: Phòng Đo đạc | G132: 1100000 | H132: 0 | I132: 0 | J132: =IF(B132="","",SUM(G132:I132)) | K132: 45951 | L132: HĐ cũ: 460/BK-2025
A133: 45931 | B133: Lê Văn Dựng | E133: Cấp đổi | F133: Phòng Đo đạc | G133: 1100000 | H133: 0 | I133: 0 | J133: =IF(B133="","",SUM(G133:I133)) | K133: 45951 | L133: HĐ cũ: 488/BK-2025 | Thửa 1115
A134: 45931 | B134: Lê Văn Dựng | E134: Cấp đổi | F134: Phòng Đo đạc | G134: 1100000 | H134: 0 | I134: 0 | J134: =IF(B134="","",SUM(G134:I134)) | K134: 45951 | L134: HĐ cũ: 487/BK-2025 | Thửa 26
A135: 45931 | B135: Lê Văn Dựng | C135: BK-HS-0319 | E135: Cấp đổi | F135: Phòng Đo đạc | G135: 1100000 | H135: 0 | I135: 0 | J135: =IF(B135="","",SUM(G135:I135)) | K135: 45953 | L135: HĐ cũ: 537/BK-2025
A136: 45931 | B136: Lê Văn Dựng | C136: BK-HS-0312 | E136: Cắm mốc | F136: Phòng Đo đạc | G136: 1200000 | H136: 300000 | I136: 0 | J136: =IF(B136="","",SUM(G136:I136)) | K136: 45955 | L136: HĐ cũ: 543-1/BK-2025
A137: 45931 | B137: Lê Văn Dựng | C137: BK-HS-0311 | E137: Đo GPS | F137: Phòng Đo đạc | G137: 1200000 | H137: 0 | I137: 0 | J137: =IF(B137="","",SUM(G137:I137)) | K137: 45955 | L137: HĐ cũ: 543-2/BK-2025
A138: 45931 | B138: Lê Văn Dựng | C138: BK-HS-0309 | E138: Cắm mốc | F138: Phòng Đo đạc | G138: 1200000 | H138: 325000 | I138: 0 | J138: =IF(B138="","",SUM(G138:I138)) | K138: 45955 | L138: HĐ cũ: 544-1/BK-2025
A139: 45931 | B139: Lê Văn Dựng | C139: BK-HS-0308 | E139: Đo GPS | F139: Phòng Đo đạc | G139: 1200000 | H139: 0 | I139: 0 | J139: =IF(B139="","",SUM(G139:I139)) | K139: 45955 | L139: HĐ cũ: 544-2/BK-2025
A140: 45931 | B140: Lê Văn Dựng | C140: BK-HS-0307 | E140: Cắm mốc | F140: Phòng Đo đạc | G140: 1200000 | H140: 100000 | I140: 0 | J140: =IF(B140="","",SUM(G140:I140)) | K140: 45955 | L140: HĐ cũ: 545/BK-2025
A141: 45931 | B141: Lê Văn Dựng | C141: BK-HS-0306 | E141: Cắm mốc | F141: Phòng Đo đạc | G141: 1200000 | H141: 100000 | I141: 0 | J141: =IF(B141="","",SUM(G141:I141)) | K141: 45955 | L141: HĐ cũ: 546/BK-2025
A142: 45931 | B142: Lê Văn Dựng | C142: BK-HS-0305 | E142: Cắm mốc | F142: Phòng Đo đạc | G142: 1200000 | H142: 100000 | I142: 0 | J142: =IF(B142="","",SUM(G142:I142)) | K142: 45955 | L142: HĐ cũ: 547/BK-2025
A143: 45931 | B143: Lê Văn Dựng | E143: Cấp đổi | F143: Phòng Đo đạc | G143: 1100000 | H143: 0 | I143: 0 | J143: =IF(B143="","",SUM(G143:I143)) | K143: 45957 | L143: HĐ cũ: 535/BK-2025
A144: 45931 | B144: Lê Văn Dựng | C144: BK-HS-0313 | E144: Cấp đổi | F144: Phòng Đo đạc | G144: 1100000 | H144: 0 | I144: 0 | J144: =IF(B144="","",SUM(G144:I144)) | K144: 45957 | L144: HĐ cũ: 543/BK-2025
A145: 45931 | B145: Lê Văn Dựng | C145: BK-HS-0303 | E145: Cắm mốc | F145: Phòng Đo đạc | G145: 1200000 | H145: 50000 | I145: 0 | J145: =IF(B145="","",SUM(G145:I145)) | K145: 45957 | L145: HĐ cũ: 548-1/BK-2025
A146: 45931 | B146: Lê Văn Dựng | C146: BK-HS-0302 | E146: Cắm mốc | F146: Phòng Đo đạc | G146: 1200000 | H146: 50000 | I146: 0 | J146: =IF(B146="","",SUM(G146:I146)) | K146: 45957 | L146: HĐ cũ: 535-2/BK-2025
A147: 45931 | B147: Lê Văn Dựng | C147: BK-HS-0310 | E147: Cấp đổi | F147: Phòng Đo đạc | G147: 1100000 | H147: 0 | I147: 0 | J147: =IF(B147="","",SUM(G147:I147)) | K147: 45958 | L147: HĐ cũ: 544/BK-2025
A148: 45931 | B148: Lê Văn Dựng | C148: BK-HS-0293 | E148: Cắm mốc | F148: Phòng Đo đạc | G148: 1200000 | H148: 300000 | I148: 300000 | J148: =IF(B148="","",SUM(G148:I148)) | K148: 45961 | L148: HĐ cũ: 553/BK-2025
A149: 45901 | B149: Lê Văn Dựng | E149: Cấp đổi | F149: Phòng Đo đạc | G149: 1100000 | H149: 0 | I149: 0 | J149: =IF(B149="","",SUM(G149:I149)) | K149: 45903 | L149: HĐ cũ: 389/BK-2025
A150: 45901 | B150: Lê Văn Dựng | E150: Cấp đổi | F150: Phòng Đo đạc | G150: 1100000 | H150: 0 | I150: 300000 | J150: =IF(B150="","",SUM(G150:I150)) | K150: 45903 | L150: HĐ cũ: 403/BK-2025
A151: 45901 | B151: Lê Văn Dựng | E151: Cấp đổi | F151: Phòng Đo đạc | G151: 1100000 | H151: 0 | I151: 300000 | J151: =IF(B151="","",SUM(G151:I151)) | K151: 45905 | L151: HĐ cũ: 396/BK-2025
A152: 45901 | B152: Lê Văn Dựng | E152: Cấp đổi | F152: Phòng Đo đạc | G152: 1100000 | H152: 0 | I152: 300000 | J152: =IF(B152="","",SUM(G152:I152)) | K152: 45905 | L152: HĐ cũ: 397/BK-2025
A153: 45901 | B153: Lê Văn Dựng | E153: Cấp đổi | F153: Phòng Đo đạc | G153: 1100000 | H153: 0 | I153: 300000 | J153: =IF(B153="","",SUM(G153:I153)) | K153: 45904 | L153: HĐ cũ: 404/BK-2025
A154: 45901 | B154: Lê Văn Dựng | E154: Cấp đổi | F154: Phòng Đo đạc | G154: 1100000 | H154: 0 | I154: 0 | J154: =IF(B154="","",SUM(G154:I154)) | K154: 45908 | L154: HĐ cũ: 409/BK-2025 | hồ sơ có đo gps
A155: 45901 | B155: Lê Văn Dựng | E155: Đo GPS | F155: Phòng Đo đạc | G155: 1200000 | H155: 0 | I155: 0 | J155: =IF(B155="","",SUM(G155:I155)) | K155: 45906 | L155: HĐ cũ: 413/BK-2025
A156: 45901 | B156: Lê Văn Dựng | E156: Đo GPS | F156: Phòng Đo đạc | G156: 1200000 | H156: 0 | I156: 0 | J156: =IF(B156="","",SUM(G156:I156)) | K156: 45908 | L156: HĐ cũ: 401-2/BK-2025 | hồ sơ a Thông xử lý
A157: 45901 | B157: Lê Văn Dựng | E157: Điều chỉnh bản vẽ | F157: Phòng Đo đạc | G157: 0 | H157: 0 | I157: 0 | J157: =IF(B157="","",SUM(G157:I157)) | K157: 45908 | L157: HĐ cũ: 293-ĐC-2/BK-2025 | Lỗi nhân sự
A158: 45901 | B158: Lê Văn Dựng | E158: Hoàn công | F158: Phòng Đo đạc | G158: 1100000 | H158: 0 | I158: 0 | J158: =IF(B158="","",SUM(G158:I158)) | K158: 45910 | L158: HĐ cũ: 418/BK-2025
A159: 45901 | B159: Lê Văn Dựng | E159: Cấp đổi | F159: Phòng Đo đạc | G159: 1100000 | H159: 0 | I159: 0 | J159: =IF(B159="","",SUM(G159:I159)) | K159: 45911 | L159: HĐ cũ: 241/BK-2025
A160: 45901 | B160: Lê Văn Dựng | E160: Đo GPS | F160: Phòng Đo đạc | G160: 1200000 | H160: 0 | I160: 0 | J160: =IF(B160="","",SUM(G160:I160)) | K160: 45911 | L160: HĐ cũ: 414-2/BK-2025
... A234: 45839 | B234: Lê Văn Dựng | E234: Xác định diện tích | F234: Phòng Đo đạc | G234: 700000 | H234: 0 | I234: 0 | J234: =IF(B234="","",SUM(G234:I234)) | K234: 45863 | L234: HĐ cũ: 280/BK-2025
...

Sheet KINHDOANH_LEAD
A1: KINH DOANH - LEAD
A2: Lead đầu vào. Khi chốt thì gắn Mã hồ sơ để nối sang hệ thống chung.
A3: Mã lead | B3: Ngày tạo | C3: Tên khách | D3: SĐT | E3: Nguồn | F3: Nhu cầu | G3: Nhân viên sale | H3: Trạng thái | I3: Chuyển thành mã hồ sơ | J3: Ghi chú
A4: =IF(B4="","",THIET_LAP!$B$4&"-LD-"&TEXT(COUNT($B$4:B4),"0000")) | B4: 2026-03-17 | C4: Anh Minh | D4: 0909000003 | E4: Zalo cá nhân | F4: Hoàn công nhà ở | G4: Giám đốc | H4: Đang tư vấn | I4: BK-HS-0004
A5: =IF(B5="","",THIET_LAP!$B$4&"-LD-"&TEXT(COUNT($B$4:B5),"0000"))
A6: =IF(B6="","",THIET_LAP!$B$4&"-LD-"&TEXT(COUNT($B$4:B6),"0000"))
A7: =IF(B7="","",THIET_LAP!$B$4&"-LD-"&TEXT(COUNT($B$4:B7),"0000"))
A8: =IF(B8="","",THIET_LAP!$B$4&"-LD-"&TEXT(COUNT($B$4:B8),"0000"))
A9: =IF(B9="","",THIET_LAP!$B$4&"-LD-"&TEXT(COUNT($B$4:B9),"0000"))
A10: =IF(B10="","",THIET_LAP!$B$4&"-LD-"&TEXT(COUNT($B$4:B10),"0000"))
A11: =IF(B11="","",THIET_LAP!$B$4&"-LD-"&TEXT(COUNT($B$4:B11),"0000"))
A12: =IF(B12="","",THIET_LAP!$B$4&"-LD-"&TEXT(COUNT($B$4:B12),"0000"))
A13: =IF(B13="","",THIET_LAP!$B$4&"-LD-"&TEXT(COUNT($B$4:B13),"0000"))
A14: =IF(B14="","",THIET_LAP!$B$4&"-LD-"&TEXT(COUNT($B$4:B14),"0000"))
A15: =IF(B15="","",THIET_LAP!$B$4&"-LD-"&TEXT(COUNT($B$4:B15),"0000"))
A16: =IF(B16="","",THIET_LAP!$B$4&"-LD-"&TEXT(COUNT($B$4:B16),"0000"))
... A200: =IF(B200="","",THIET_LAP!$B$4&"-LD-"&TEXT(COUNT($B$4:B200),"0000"))

Sheet DODAC_TAC_NGHIEP
A1: PHÒNG ĐO ĐẠC - TÁC NGHIỆP
A2: Bảng tác nghiệp phòng đo đạc. Chỉ dùng cho vận hành nội bộ; mã hồ sơ vẫn là chìa khóa chính.
A3: Mã hồ sơ | B3: Khách | C3: Địa chỉ/Phường | D3: Loại đo | E3: Nhân viên đo | F3: Phụ đo | G3: Ngày đo | H3: Kết quả hiện trường | I3: Trạng thái đo | J3: Phụ cấp | K3: Ghi chú
A4: BK-HS-0001 | B4: Công Ty | C4: An Khánh | D4: Xin phép xây dựng | E4: Võ Thành Minh | F4: Không cần | G4: 46097 | H4: Trong hạn | I4: Trong hạn | J4: 0 | K4: Số cọc: | Loại cọc:
A5: BK-HS-0002 | B5: Cô Hoa | C5: Tam Bình | D5: Cấp đổi | E5: Trương Tấn Quốc | F5: Võ Tứ Hợp | G5: 46094 | H5: Trong hạn | Đợi trao đổi với dịch vụ | I5: Trong hạn | J5: 0 | K5: Số cọc: | Loại cọc:
A6: BK-HS-0003 | B6: Tuấn Lộc | C6: Linh Xuân | D6: Hoàn công | E6: Lê Văn Xây | F6: Võ Tứ Hợp | G6: 46094 | H6: Đã nộp | I6: Nộp thành công - Chờ kết quả | J6: 0 | K6: Số cọc: | Loại cọc:
A7: BK-HS-0004 | B7: Công Ty | C7: Tăng Nhơn Phú | D7: Cấp đổi | E7: Tạ Khắc Tập | F7: Võ Tứ Hợp | G7: 46094 | H7: Đã nộp | I7: Nộp thành công - Chờ kết quả | J7: 0 | K7: Số cọc: | Loại cọc:
A8: BK-HS-0005 | B8: Tuấn Lộc | C8: Hiệp Bình | D8: Cấp đổi | E8: Tạ Khắc Tập | F8: Võ Tứ Hợp | G8: 46094 | H8: Đã nộp | I8: Nộp thành công - Chờ kết quả | J8: 0 | K8: Số cọc: | Loại cọc:
A9: BK-HS-0006 | B9: Công Ty | C9: Linh Xuân | D9: Cắm mốc | E9: Tạ Khắc Tập | F9: Võ Tứ Hợp | G9: 46094 | H9: Hoàn thành | I9: Hoàn thành | J9: 50000 | K9: Số cọc: 2.0 | Loại cọc: Trụ xi măng
A10: BK-HS-0007 | B10: Công Ty | C10: Linh Xuân | D10: Cấp đổi | E10: Lê Văn Dựng | F10: Võ Tứ Hợp | G10: 46093 | H10: QUÁ HẠN | hồ sơ lệch ranh chờ pa | I10: QUÁ HẠN | J10: 0 | K10: Số cọc: | Loại cọc:
A11: BK-HS-0008 | B11: Anh Chiến KTS | C11: Tăng Nhơn Phú | D11: Hoàn công | E11: Lê Văn Dựng | F11: Võ Tứ Hợp | G11: 46093 | H11: QUÁ HẠN | I11: QUÁ HẠN | J11: 0 | K11: Số cọc: | Loại cọc:
A12: BK-HS-0009 | B12: Công Ty | C12: An Khánh | D12: Xác định diện tích | E12: Lê Văn Xây | F12: Võ Tứ Hợp | G12: 46092 | H12: QUÁ HẠN | I12: QUÁ HẠN | J12: 0 | K12: Số cọc: | Loại cọc:
A13: BK-HS-0010 | B13: Cô Hoa | C13: Linh Xuân | D13: Hoàn công | E13: Lê Văn Xây | F13: Võ Tứ Hợp | G13: 46092 | H13: QUÁ HẠN | I13: QUÁ HẠN | J13: 0 | K13: Số cọc: | Loại cọc:
A14: BK-HS-0011 | B14: Công Ty | C14: Linh Xuân | D14: Cấp đổi | E14: Trương Tấn Quốc | F14: Võ Tứ Hợp | G14: 46092 | H14: Đã nộp | Cần cắm mốc | Đợi trích lục | I14: Nộp thành công - Chờ kết quả | J14: 0 | K14: Số cọc: | Loại cọc:
A15: BK-HS-0012 | B15: Chinh Đen | C15: Cát Lái | D15: Cắm mốc | E15: Tạ Khắc Tập | F15: Không cần | G15: 46091 | H15: Hoàn thành | I15: Hoàn thành | J15: 0 | K15: Số cọc: 5.0 | Loại cọc: Cọc sắt
... A323: BK-HS-0320 | B323: Hoàng Quân | C323: Long Phước | D323: Đo GPS | E323: Lê Văn Dựng | F323: Không cần | G323: 45951 | H323: Hoàn thành | I323: Hoàn thành | J323: 0 | K323: Số cọc: | Loại cọc:
A324: BK-HS-0321 | B324: Nguyễn Văn A | C324: Linh Tây | D324: Đo hiện trạng | E324: Võ Thành Minh | F324: Lê Văn Dựng | G324: 2026-06-23 | H324: Trong hạn | I324: Trong hạn | J324: 0
A325: BK-HS-0322 | B325: Nguyễn Văn A | C325: Linh Tây | D325: Đo hiện trạng | E325: Võ Thành Minh | F325: Lê Văn Dựng | G325: 2026-06-23 | H325: Trong hạn | I325: Trong hạn | J325: 0
A326: BK-HS-0323 | B326: Nguyễn Văn A | C326: Linh Tây | D326: Đo hiện trạng | E326: Võ Thành Minh | F326: Lê Văn Dựng | G326: 2026-06-23 | H326: Trong hạn | I326: Trong hạn | J326: 0
A327: BK-HS-0324 | B327: Nguyen Van A | C327: Linh Tay | D327: Đo hiện trạng | E327: Vo Thanh Minh | F327: Le Van Dung | G327: 2026-06-23 | H327: Trong hạn | I327: Trong hạn | J327: 0
A328: BK-HS-0325 | B328: Nguyen Van A | C328: Linh Tay | D328: Đo hiện trạng | E328: Vo Thanh Minh | F328: Le Van Dung | G328: 2026-06-23 | H328: Trong hạn | I328: Chờ khảo sát | J328: 0
A329: BK-HS-0326 | B329: Khách Test | C329: Linh Trung | D329: Đo hiện trạng | E329: Lê Văn Dựng | F329: Không cần | G329: 2026-06-23 | H329: Trong hạn | I329: Trong hạn | J329: 0

Sheet PHAPLY_THEODOI
A1: PHÒNG PHÁP LÝ - THEO DÕI
A2: Theo dõi hồ sơ pháp lý và ngày hẹn trả.
A3: Mã hồ sơ | B3: Khách | C3: Loại hồ sơ | D3: Nhân viên pháp lý | E3: Bước hiện tại | F3: Ngày nộp | G3: Ngày hẹn trả | H3: Trạng thái | I3: Số ngày còn lại | J3: Ghi chú
A4: BK-HS-0002 | B4: Cô Hoa | C4: Hoàn công | D4: Trương Tấn Quốc | E4: Soạn hồ sơ | F4: 2026-03-18 | G4: 2026-03-29 | H4: Đang tiến hành | I4: =IF(G4="","",G4-TODAY())
I5: =IF(G5="","",G5-TODAY())
I6: =IF(G6="","",G6-TODAY())
I7: =IF(G7="","",G7-TODAY())
I8: =IF(G8="","",G8-TODAY())
I9: =IF(G9="","",G9-TODAY())
I10: =IF(G10="","",G10-TODAY())
I11: =IF(G11="","",G11-TODAY())
I12: =IF(G12="","",G12-TODAY())
I13: =IF(G13="","",G13-TODAY())
I14: =IF(G14="","",G14-TODAY())
I15: =IF(G15="","",G15-TODAY())
I16: =IF(G16="","",G16-TODAY())
... I200: =IF(G200="","",G200-TODAY())

Sheet MARKETING_KPI
A1: MARKETING - KẾ HOẠCH & KPI
A2: Theo dõi nội dung, lead và chi phí marketing.
A3: Ngày | B3: Nhân sự | C3: Kênh | D3: Nội dung | E3: Link | F3: Số lead | G3: Chi phí | H3: Trạng thái | I3: Ghi chú
A4: 2026-03-17 | B4: Trần Thị Tường Vy | C4: Facebook | D4: Bài giới thiệu đo vẽ hiện trạng | F4: 2 | G4: 150000 | H4: Đã đăng

Sheet NHANSU_CHAMCONG
A1: NHÂN SỰ - CHẤM CÔNG
A2: Nếu dùng lương cố định, có thể quản lý chấm công tối giản ở đây.
A3: Ngày | B3: Nhân sự | C3: Phòng ban | D3: Giờ vào | E3: Giờ ra | F3: Công chuẩn | G3: Đi muộn (phút) | H3: Ghi chú
A4: 2026-03-17 | B4: Hồ Thị Mỹ Hằng | C4: Phòng Kế toán | D4: 08:01 | E4: 17:05 | F4: 1 | G4: 1

Sheet DASHBOARD_GIAMDOC
B2: DASHBOARD GIÁM ĐỐC - BÁCH KHOA
B3: Theo dõi toàn công ty từ 1 file MASTER
B5: Tổng hồ sơ | E5: Hồ sơ đang xử lý | H5: Hồ sơ quá hạn
B6: =COUNTA(DATABASE_HOSO!A4:A400) | E6: =COUNTIFS(DATABASE_HOSO!A4:A400,"<>",DATABASE_HOSO!L4:L400,"<>Hoàn thành",DATABASE_HOSO!L4:L400,"<>Đã hủy") | H6: =COUNTIF(DATABASE_HOSO!O4:O400,"QUÁ HẠN")
B9: Tổng task mở | E9: Doanh thu HĐ | H9: Đã thu
B10: =COUNTIFS(DATABASE_TASK!A4:A400,"<>",DATABASE_TASK!J4:J400,"<>Hoàn thành",DATABASE_TASK!J4:J400,"<>Đã hủy") | E10: =SUM(DATABASE_HOP_DONG!G4:G400) | H10: =SUM(DATABASE_HOP_DONG!H4:H400)
B13: Còn nợ | E13: Tổng chi | H13: Tổng lương khoán
B14: =SUM(DATABASE_HOP_DONG!I4:I400) | E14: =SUM(DATABASE_THU_CHI!L4:L400) | H14: =SUM(DATABASE_LUONG_KHOAN!J4:J400)
B18: Tóm tắt theo phòng
A19: Phòng ban | B19: Số hồ sơ | C19: Doanh thu HĐ | D19: Còn nợ
B20: Phòng Giám đốc | C20: =COUNTIF(DATABASE_HOSO!C4:C400,B20) | D20: =SUMIF(DATABASE_HOP_DONG!D4:D400,B20,DATABASE_HOP_DONG!G4:G400) | E20: =SUMIF(DATABASE_HOP_DONG!D4:D400,B20,DATABASE_HOP_DONG!I4:I400)
B21: Phòng Kinh doanh | C21: =COUNTIF(DATABASE_HOSO!C4:C400,B21) | D21: =SUMIF(DATABASE_HOP_DONG!D4:D400,B21,DATABASE_HOP_DONG!G4:G400) | E21: =SUMIF(DATABASE_HOP_DONG!D4:D400,B21,DATABASE_HOP_DONG!I4:I400)
B22: Phòng Marketing | C22: =COUNTIF(DATABASE_HOSO!C4:C400,B22) | D22: =SUMIF(DATABASE_HOP_DONG!D4:D400,B22,DATABASE_HOP_DONG!G4:G400) | E22: =SUMIF(DATABASE_HOP_DONG!D4:D400,B22,DATABASE_HOP_DONG!I4:I400)
B23: Phòng Đo đạc | C23: =COUNTIF(DATABASE_HOSO!C4:C400,B23) | D23: =SUMIF(DATABASE_HOP_DONG!D4:D400,B23,DATABASE_HOP_DONG!G4:G400) | E23: =SUMIF(DATABASE_HOP_DONG!D4:D400,B23,DATABASE_HOP_DONG!I4:I400)
B24: Phòng Pháp lý | C24: =COUNTIF(DATABASE_HOSO!C4:C400,B24) | D24: =SUMIF(DATABASE_HOP_DONG!D4:D400,B24,DATABASE_HOP_DONG!G4:G400) | E24: =SUMIF(DATABASE_HOP_DONG!D4:D400,B24,DATABASE_HOP_DONG!I4:I400)
B25: Phòng Kế toán | C25: =COUNTIF(DATABASE_HOSO!C4:C400,B25) | D25: =SUMIF(DATABASE_HOP_DONG!D4:D400,B25,DATABASE_HOP_DONG!G4:G400) | E25: =SUMIF(DATABASE_HOP_DONG!D4:D400,B25,DATABASE_HOP_DONG!I4:I400)
B26: Phòng Nhân sự | C26: =COUNTIF(DATABASE_HOSO!C4:C400,B26) | D26: =SUMIF(DATABASE_HOP_DONG!D4:D400,B26,DATABASE_HOP_DONG!G4:G400) | E26: =SUMIF(DATABASE_HOP_DONG!D4:D400,B26,DATABASE_HOP_DONG!I4:I400)

Sheet MA_TRAN_QUY_TRINH
A1: MA TRẬN QUY TRÌNH LIÊN PHÒNG
A3: Dịch vụ | B3: Kinh doanh | C3: Đo đạc | D3: Pháp lý | E3: Kế toán | F3: Marketing | G3: Ghi chú
A4: Đo hiện trạng | B4: Tiếp nhận | C4: Thực hiện | E4: Thu tiền
A5: Hoàn công | B5: Tiếp nhận | C5: Khảo sát | D5: Làm hồ sơ | E5: Thu tiền
A6: Xin phép xây dựng | B6: Tiếp nhận | C6: Khảo sát | D6: Làm hồ sơ | E6: Thu tiền
A7: Cấp đổi | B7: Tiếp nhận | C7: Đo | D7: Pháp lý | E7: Thu tiền
A8: SEO / Marketing | F8: Triển khai | G8: Tạo lead cho Kinh doanh

Sheet CAU_TRUC_DRIVE
A1: CẤU TRÚC DRIVE ĐỀ XUẤT
A3: Cấp | B3: Tên thư mục / file | C3: Vai trò | D3: Ghi chú
A4: 1 | B4: 00_MASTER_DIEU_HANH | C4: Bộ não trung tâm | D4: Chứa MASTER + dashboard giám đốc
A5: 2 | B5: 01_PHONG_GIAM_DOC | C5: Làm việc nội bộ | D5: Báo cáo chiến lược, điều hành
A6: 2 | B6: 02_PHONG_KINH_DOANH | C6: Làm việc nội bộ | D6: Lead, báo giá, chăm sóc khách
A7: 2 | B7: 03_PHONG_MARKETING | C7: Làm việc nội bộ | D7: Kế hoạch nội dung, KPI marketing
A8: 2 | B8: 04_PHONG_DO_DAC | C8: Làm việc nội bộ | D8: Form đầu vào, nhật ký đo, bảng tác nghiệp
A9: 2 | B9: 05_PHONG_PHAP_LY | C9: Làm việc nội bộ | D9: Nhật ký nộp hồ sơ, theo dõi tiến độ
A10: 2 | B10: 06_PHONG_KE_TOAN | C10: Làm việc nội bộ | D10: Thu chi, công nợ, đối soát
A11: 2 | B11: 07_PHONG_NHAN_SU | C11: Làm việc nội bộ | D11: Chấm công, hồ sơ nhân sự
A12: 2 | B12: 99_LUU_TRU | C12: Lưu trữ cũ | D12: File cũ, đã thay thế, backup

Sheet RAW_DODAC
A1: Dấu thời gian | B1: Mã hợp đồng cũ | C1: Tên hồ sơ | D1: Phường | E1: Khách hàng | F1: Phụ trách chính | G1: Phụ đo | H1: Hạng mục | I1: Hạn xử lý | J1: Trạng thái | K1: Ghi chú
A2: 46097.467 | B2: 128/BK-2026 | C2: Hoàng Nam | D2: An Khánh | E2: Công Ty | F2: Võ Thành Minh | G2: Không cần | H2: Xin phép xây dựng | I2: 46100
A3: 46094.574 | B3: 127/BK-2026 | C3: Lê Văn Hoàng | D3: Tam Bình | E3: Cô Hoa | F3: Trương Tấn Quốc | G3: Võ Tứ Hợp | H3: Cấp đổi | I3: 46097 | K3: Đợi trao đổi với dịch vụ
A4: 46094.411 | B4: 126/BK-2026 | C4: Trần Văn Giấy | D4: Linh Xuân | E4: Tuấn Lộc | F4: Lê Văn Xây | G4: Võ Tứ Hợp | H4: Hoàn công | I4: 46097 | J4: Nộp thành công - Chờ kết quả
A5: 46094.394 | B5: 125/BK-2026 | C5: Nguyễn Văn Học | D5: Tăng Nhơn Phú | E5: Công Ty | F5: Tạ Khắc Tập | G5: Võ Tứ Hợp | H5: Cấp đổi | I5: 46097 | J5: Nộp thành công - Chờ kết quả
A6: 46094.392 | B6: 124/BK-2026 | C6: Đặng Khoa Học-Trần Ngọc Thùy Tiên | D6: Hiệp Bình | E6: Tuấn Lộc | F6: Tạ Khắc Tập | G6: Võ Tứ Hợp | H6: Cấp đổi | I6: 46097 | J6: Nộp thành công - Chờ kết quả
A7: 46094.39 | B7: 123/BK-2026 | C7: Đào Minh Quân | D7: Linh Xuân | E7: Công Ty | F7: Tạ Khắc Tập | G7: Võ Tứ Hợp | H7: Cắm mốc | I7: 46097 | J7: Hoàn thành
A8: 46093.395 | B8: 122/BK-2026 | C8: Trần Thanh Khương | D8: Linh Xuân | E8: Công Ty | F8: Lê Văn Dựng | G8: Võ Tứ Hợp | H8: Cấp đổi | I8: 46096 | K8: hồ sơ lệch ranh chờ pa
A9: 46093.394 | B9: 121/BK-2026 | C9: Nguyễn Thị Hoa | D9: Tăng Nhơn Phú | E9: Anh Chiến KTS | F9: Lê Văn Dựng | G9: Võ Tứ Hợp | H9: Hoàn công | I9: 46096
A10: 46092.614 | B10: 120/BK-2026 | C10: Nguyễn Xuân Hạnh | D10: An Khánh | E10: Công Ty | F10: Lê Văn Xây | G10: Võ Tứ Hợp | H10: Xác định diện tích | I10: 46095
A11: 46092.612 | B11: 119/BK-2026 | C11: Đặng Quang Huy | D11: Linh Xuân | E11: Cô Hoa | F11: Lê Văn Xây | G11: Võ Tứ Hợp | H11: Hoàn công | I11: 46095
A12: 46092.565 | B12: 117/BK-2026 | C12: Đào Minh Quân | D12: Linh Xuân | E12: Công Ty | F12: Trương Tấn Quốc | G12: Võ Tứ Hợp | H12: Cấp đổi | I12: 46095 | J12: Nộp thành công - Chờ kết quả | K12: Cần cắm mốc
A13: 46091.66 | B13: 116/BK-2026 | C13: Trần Phước Vân | D13: Cát Lái | E13: Chinh Đen | F13: Tạ Khắc Tập | G13: Không cần | H13: Cắm mốc | I13: 46094 | J13: Hoàn thành
A14: 46091.502 | B14: 115/BK-2026 | C14: Nguyễn Đức Mẫn | D14: Hiệp Bình | E14: Công Ty | F14: Lê Văn Xây | G14: Không cần | H14: Chuyển mục đích | I14: 46094
A15: 46091.476 | B15: 114/BK-2026 | C15: Lê Quang Khoa | D15: Thủ Đức | E15: Đạt Việt Phát Land | F15: Tạ Khắc Tập | G15: Võ Tứ Hợp | H15: Cắm mốc | I15: 46094 | J15: Hoàn thành
A16: 46091.435 | B16: 113/BK-2026 | C16: Đỗ Thị Trang | D16: Tam Bình | E16: Công Ty | F16: Lê Văn Dựng | G16: Võ Tứ Hợp | H16: Xác định diện tích | I16: 46094 | J16: Hoàn thành
A17: 46091.434 | B17: 112/BK-2026 | C17: Đỗ Thị Trang | D17: Tam Bình | E17: Công Ty | F17: Lê Văn Dựng | G17: Không cần | H17: Xác định diện tích | I17: 46094 | J17: Hoàn thành
A18: 46090.72 | B18: 111/BK-2026 | C18: Nguyễn Doãn Tuấn | D18: Long Phước | E18: Công Ty | F18: Lê Văn Dựng | G18: Không cần | H18: Đo GPS | I18: 46093 | J18: Hoàn thành
A19: 46090.446 | B19: 110/BK-2026 | C19: Nguyễn Doãn Tuấn | D19: Long Phước | E19: Công Ty | F19: Tạ Khắc Tập | G19: Võ Tứ Hợp | H19: Cấp sổ lần đầu | I19: 46093 | J19: Hoàn thành | K19: BAO CAO GPS
A20: 46090.431 | B20: 109/BK-2026 | C20: Đỗ Bình Trọng | D20: Long Trường | E20: Anh Hoàng nhà đầu tư | F20: Lê Văn Dựng | G20: Không cần | H20: Đo GPS | I20: 46093 | J20: Hoàn thành
A21: 46090.43 | B21: 108/BK-2026 | C21: Đỗ Bình Trọng | D21: Long Trường | E21: Anh Hoàng Nhà Đầu Tư | F21: Lê Văn Dựng | G21: Không cần | H21: Cấp đổi | I21: 46091 | J21: Nộp thành công - Chờ kết quả
A22: 46088.504 | B22: 107/BK-2026 | C22: Bùi Đình Khánh | D22: Tăng Nhơn Phú | E22: Công Ty | F22: Võ Tứ Hợp | G22: Không cần | H22: Xin phép xây dựng | I22: 46091 | J22: Hủy
A23: 46087.652 | B23: 106/BK-2026 | C23: Trần Phi Long | D23: Tam Bình | E23: Công Ty | F23: Lê Văn Xây | G23: Võ Tứ Hợp | H23: Hoàn công | I23: 46090 | J23: Nộp thành công - Chờ kết quả
A24: 46086.401 | B24: 105/BK-2026 | C24: Phạm Thị Giao Linh | D24: Bình Trưng | E24: Tùng Huế DV | F24: Lê Văn Dựng | G24: Võ Tứ Hợp | H24: Cắm mốc | I24: 46089 | J24: Hoàn thành
A25: 46085.698 | B25: 104/BK-2026 | C25: Trương Quế Phương | D25: Hiệp Bình | E25: Công Ty | F25: Trương Tấn Quốc | G25: Võ Tứ Hợp | H25: Cấp sổ lần đầu | I25: 46088 | J25: Hoàn thành | K25: Lúc trước đã hủy, giờ vẽ nộp phường
A26: 46085.671 | B26: 103/BK-2026 | C26: Đỗ Thị Trang | D26: Tam Bình | E26: Công Ty | F26: Lê Văn Dựng | G26: Võ Tứ Hợp | H26: Cắm mốc | I26: 46088 | J26: Hoàn thành
A27: 46085.487 | B27: 102/BK-2026 | C27: Bùi Đình Khánh-Nguyễn Thị Kim Quyên | D27: Tăng Nhơn Phú | E27: Công Ty | F27: Trương Tấn Quốc | G27: Không cần | H27: Xác định diện tích | I27: 46088 | J27: Hoàn thành
A28: 46085.478 | B28: 101/BK-2026 | C28: Lê Quang Thạnh | D28: Bình Trưng | E28: Công Ty | F28: Lê Văn Dựng | G28: Không cần | H28: Xác định diện tích | I28: 46088 | J28: Hoàn thành | K28: hồ sơ cấp đổi lấn thửa chủ nhà yêu cầu vẽ XDDT để đưa lên phường trình bày
A29: 46085.465 | B29: 100/BK-2026 | C29: Tô Thị MỸ Nương | D29: Cát Lái | E29: Tuấn Lộc | F29: Tạ Khắc Tập | G29: Võ Tứ Hợp | H29: Hoàn công | I29: 46088 | J29: Nộp thành công - Chờ kết quả
A30: 46085.464 | B30: 099/BK-2026 | C30: Phan Trong Quang | D30: Long Phước | E30: Công Ty | F30: Tạ Khắc Tập | G30: Võ Tứ Hợp | H30: Hoàn công | I30: 46088
A31: 46085.381 | B31: 098/BK-2026 | C31: Nguyễn Thị Cẩm Vân | D31: Long Phước | E31: Công Ty | F31: Lê Văn Dựng | G31: Không cần | H31: Cắm mốc | I31: 46088 | J31: Hoàn thành
A32: 46084.402 | B32: 097/BK-2026 | C32: Nguyễn Thị Ngọc Thuận | D32: Long Trường | E32: Tuấn Lộc | F32: Lê Văn Xây | G32: Võ Tứ Hợp | H32: Hoàn công | I32: 46087
A33: 46084.396 | B33: 096/BK-2026 | C33: Nguyễn Quốc Chiến-Trần Thị Thu Hương | D33: An Khánh | E33: Công Ty | F33: Trương Tấn Quốc | G33: Võ Tứ Hợp | H33: Cấp đổi | I33: 46087 | J33: Nộp thành công - Chờ kết quả
A34: 46083.415 | B34: 095/BK-2026 | C34: Nguyễn Hoàng Tấn | D34: Hiệp Bình | E34: Nguyễn Tâm DV | F34: Tạ Khắc Tập | G34: Lê Tấn Đạt | H34: Cấp sổ lần đầu | I34: 46086 | J34: Hoàn thành
A35: 46080.67 | B35: 094/BK-2026 | C35: Lê Quang Thạnh | D35: Bình Trưng | E35: Công Ty | F35: Lê Văn Dựng | G35: Võ Tứ Hợp | H35: Cấp đổi | I35: 46083 | K35: Đợi chủ nhà đập hàng rào
A36: 46080.668 | B36: 093/BK-2026 | C36: Thái Thị Bích Vân | D36: Hiệp Bình | E36: Anh Duẩn DV | F36: Lê Văn Dựng | G36: Võ Tứ Hợp | H36: Cắm mốc | I36: 46083 | J36: Hoàn thành
A37: 46080.612 | B37: 092/BK-2026 | C37: Phạm Thị Giao Linh | D37: Bình Trưng | E37: Tùng Huế DV | F37: Trương Tấn Quốc | G37: Không cần | H37: Điều chỉnh bản vẽ | I37: 46083 | J37: Nộp thành công - Chờ kết quả | K37: Cần cắm lại trụ
A38: 46080.469 | B38: 091/BK-2026 | C38: Tôn Phượng Nga | D38: Long Phước | E38: Công Ty | F38: Trương Tấn Quốc | G38: Không cần | H38: Điều chỉnh bản vẽ | I38: 46083 | K38: Cần cắm lại trụ
A39: 46062.703 | B39: 090/BK-2026 | C39: Ngô Thị Việt Hà - Nguyễn Văn Hoàng | D39: Cát Lái | E39: Công Ty | F39: Võ Thành Minh | G39: Không cần | H39: Xin phép xây dựng | I39: 46065 | J39: Nộp thành công - Chờ kết quả | K39: Đợi chủ nhà trích lục bản vẽ sơ đồ vị trí
A40: 46060.369 | B40: 089/BK-2026 | C40: Phan Xuân Phước-Nguyễn Thị Bích Thủy | D40: Thủ Đức | E40: Công Ty | F40: Trương Tấn Quốc | G40: Võ Tứ Hợp | H40: Hoàn công | I40: 46063 | J40: Hoàn thành
A41: 46059.386 | B41: 088/BK-2026 | C41: Nguyễn Quỳnh Lê- Nguyễn Thảo Linh | D41: Cát Lái | E41: Công Ty | F41: Tạ Khắc Tập | G41: Võ Tứ Hợp | H41: Cắm mốc | I41: 46062 | J41: Hoàn thành | K41: ( Xây+Tâp)-Hơp
A42: 46059.382 | B42: 087/BK-2026 | C42: Đỗ Thị Trang | D42: Tam Bình | E42: Công Ty | F42: Tạ Khắc Tập | G42: Võ Tứ Hợp | H42: Cắm mốc | I42: 46062 | J42: Hoàn thành
A43: 46059.381 | B43: 086/BK-2026 | C43: Đỗ Thị Trang | D43: Tam Bình | E43: Công Ty | F43: Tạ Khắc Tập | G43: Võ Tứ Hợp | H43: Cắm mốc | I43: 46062 | J43: Hoàn thành
A44: 46058.75 | B44: 085/BK-2026 | C44: Lê Tiến Nhật Minh | D44: Hiệp Bình | E44: Công Ty | F44: Trương Tấn Quốc | G44: Không cần | H44: Xác định diện tích | I44: 46061 | J44: Hoàn thành | K44: Đã hoàn thành
A45: 46057.646 | B45: 084/BK-2026 | C45: Đinh Văn Hòa | D45: Cát Lái | E45: Anh Tùng Bất Động Sản | F45: Võ Thành Minh | G45: Không cần | H45: Xin phép xây dựng | I45: 46060 | J45: Hủy
A46: 46057.518 | B46: 083/BK-2026 | C46: Vũ Thị Thùy Trang | D46: Hiệp Bình | E46: Công Ty | F46: Tạ Khắc Tập | G46: Võ Tứ Hợp | H46: Cấp đổi | I46: 46060 | J46: Hủy
A47: 46057.517 | B47: 082/BK-2026 | C47: Nguyễn Thị Hồng Trâm | D47: Hiệp Bình | E47: Cô Hoa | F47: Tạ Khắc Tập | G47: Võ Tứ Hợp | H47: Cấp đổi | I47: 46060 | J47: Nộp thành công - Chờ kết quả
A48: 46057.516 | B48: 081/BK-2026 | C48: La Thị Thanh Duyên | D48: Tam Bình | E48: Công Ty | F48: Tạ Khắc Tập | G48: Võ Tứ Hợp | H48: Cắm mốc | I48: 46060 | J48: Hoàn thành
A49: 46057.515 | B49: 080/BK-2026 | C49: Nguyễn Thị Ngọc Thảo | D49: Phước Long | E49: Đạt Việt Phát Land | F49: Tạ Khắc Tập | G49: Không cần | H49: Cắm mốc | I49: 46060 | J49: Hoàn thành
A50: 46057.42 | B50: 079/BK-2026 | C50: Nguyễn Quỳnh Lê | D50: Cát Lái | E50: Công Ty | F50: Lê Văn Xây | G50: Võ Tứ Hợp | H50: Cấp đổi | I50: 46060 | J50: Hoàn thành
A51: 46057.418 | B51: 078/BK-2026 | C51: Lê Minh Thạnh | D51: Tam Bình | E51: Công Ty | F51: Lê Văn Xây | G51: Võ Tứ Hợp | H51: Cấp đổi | I51: 46060 | J51: Hoàn thành
A52: 46056.573 | B52: 077/BK-2026 | C52: Nguyễn Phạm Hoài Vy | D52: Hiệp Bình | E52: Anh Long PCT | F52: Lê Văn Dựng | G52: Không cần | H52: Xác định diện tích | I52: 46059 | J52: Hoàn thành
A53: 46056.572 | B53: 076/BK-2026 | C53: Phan Thị Tố Như | D53: Hiệp Bình | E53: Anh Long PCT | F53: Lê Văn Dựng | G53: Không cần | H53: Xác định diện tích | I53: 46059 | J53: Hoàn thành
A54: 46056.471 | B54: 075/BK-2026 | C54: Hoàng Thị Cúc | D54: Phước Long | E54: Công Ty | F54: Trương Tấn Quốc | G54: Không cần | H54: Điều chỉnh bản vẽ | I54: 46059 | J54: Nộp thành công - Chờ kết quả | K54: Chưa bổ sung bản vẽ xin phép
A55: 46055.581 | B55: 074/BK-2026 | C55: Nguyễn Hoàng Phong | D55: Thủ Đức | E55: Đạt Việt Phát Land | F55: Lê Văn Xây | G55: Võ Tứ Hợp | H55: Xác định diện tích | I55: 46058 | J55: Hoàn thành
A56: 46055.58 | B56: 073/BK-2026 | C56: Đào Thị Hòa | D56: Thủ Đức | E56: Chị Xuân DV | F56: Lê Văn Xây | G56: Võ Tứ Hợp | H56: Cấp đổi | I56: 46058 | J56: Hoàn thành
A57: 46053.658 | B57: 072/BK-2026 | C57: Nguyễn Đình Phan- Nguyễn Thị Sa | D57: Tam Bình | E57: Công Ty | F57: Tạ Khắc Tập | G57: Võ Tứ Hợp | H57: Tách Thửa | I57: 46056
A58: 46052.718 | B58: 071/BK-2026 | C58: Nguyễn Kim Chi | D58: An Khánh | E58: Công Ty | F58: Võ Thành Minh | G58: Không cần | H58: Xin phép xây dựng | I58: 46055 | J58: Nộp thành công - Chờ kết quả
A59: 46052.715 | B59: 070/BK-2026 | C59: Đinh Gia Trí | D59: Bình Trưng | E59: Công Ty | F59: Võ Thành Minh | G59: Không cần | H59: Xin phép xây dựng | I59: 46055 | J59: Nộp thành công - Chờ kết quả
A60: 46052.6 | B60: 069/BK-2026 | C60: Nguyễn Hữu Cường | D60: An Khánh | E60: Công Ty | F60: Lê Văn Dựng | G60: Không cần | H60: Đo GPS | I60: 46055 | J60: Hoàn thành
A61: 46052.512 | B61: 068/BK-2026 | C61: Đặng Văn Lẹ | D61: Long Phước | E61: Anh Long PCT | F61: Tạ Khắc Tập | G61: Võ Tứ Hợp | H61: Cắm mốc | I61: 46055 | J61: Hoàn thành
A62: 46052.398 | B62: 067/BK-2026 | C62: Đặng Văn Lẹ | D62: Long Phước | E62: Anh Long PCT | F62: Lê Văn Dựng | G62: Không cần | H62: Đo GPS | I62: 46055 | J62: Hoàn thành
A63: 46051.665 | B63: 066/BK-2026 | C63: Trần Thị Phước | D63: Hiệp Bình | E63: Chị Phấn DV | F63: Tạ Khắc Tập | G63: Võ Tứ Hợp | H63: Cấp sổ lần đầu | I63: 46054 | J63: Hoàn thành
A64: 46051.664 | B64: 065/BK-2026 | C64: Phạm Thị Ngọc Điệp | D64: Ngoài Thủ Đức | E64: Công Ty | F64: Tạ Khắc Tập | G64: Võ Tứ Hợp | H64: Cắm mốc | I64: 46052 | J64: Hoàn thành
A65: 46050.643 | B65: 064/BK-2026 | C65: Lê Xuân Hưng - Nguyễn Thị Kim Yến | D65: Bình Trưng | E65: Công Ty | F65: Trương Tấn Quốc | G65: Không cần | H65: Cấp sổ lần đầu | I65: 46053 | J65: Hoàn thành
A66: 46050.578 | B66: 063/BK-2026 | C66: Dương Ngọc Sinh | D66: Tam Bình | E66: Anh Trường LS | F66: Lê Văn Xây | G66: Võ Tứ Hợp | H66: Tách Thửa | I66: 46053 | J66: Hủy
A67: 46050.518 | B67: 062/BK-2026 | C67: Nguyễn Thị Hương | D67: Linh Xuân | E67: Công Ty | F67: Tạ Khắc Tập | G67: Võ Thành Minh | H67: Hoàn công | I67: 46053 | J67: Nộp thành công - Chờ kết quả
A68: 46049.483 | B68: 061-2/BK-2026 | C68: Bùi Đình Khánh | D68: Tăng Nhơn Phú | E68: Công Ty | F68: Lê Văn Xây | G68: Không cần | H68: Tách Thửa | I68: 46052 | J68: Nộp thành công - Chờ kết quả
A69: 46049.482 | B69: 061-1/BK-2026 | C69: Bùi Đình Khánh | D69: Tăng Nhơn Phú | E69: Công Ty | F69: Lê Văn Xây | G69: Võ Tứ Hợp | H69: Tách Thửa | I69: 46052 | J69: Nộp thành công - Chờ kết quả
... A75: 46046.424 | B75: 055/BK-2026 | C75: Đỗ Hoàng Sang | D75: Hiệp Bình | E75: Công Ty | F75: Trương Tấn Quốc | G75: Không cần | H75: Điều chỉnh bản vẽ | I75: 46049 | J75: Nộp thành công - Chờ kết quả
A76: 46046.366 | B76: 054/BK-2026 | C76: Trần Thị Ngọc Minh | D76: Long Phước | E76: Anh Tùng Bất Động Sản | F76: Trương Tấn Quốc | G76: Võ Tứ Hợp | H76: Cấp đổi | I76: 46049 | J76: Hủy | K76: Đợi trao đổi phương án vs dịch vụ
A77: 46045.705 | B77: 053/BK-2026 | C77: Nguyễn Hữu Cường | D77: An Khánh | E77: Công Ty | F77: Lê Văn Dựng | G77: Không cần | H77: Cấp đổi | I77: 46048 | J77: Nộp thành công - Chờ kết quả | K77: hồ sơ chưa xử lý được do khu đất có ao sâu không thể chôn trụ xi măng được,chờ khách hàng san lấp
A78: 46045.479 | B78: 057/BK-2026 | C78: Nguyễn Thị Phượng | D78: Thủ Đức | E78: Chị Phấn DV | F78: Tạ Khắc Tập | G78: Không cần | H78: Điều chỉnh bản vẽ | I78: 46048 | J78: Hoàn thành
A79: 46045.417 | B79: 051/BK-2026 | C79: Đinh Văn Hòa | D79: Cát Lái | E79: Anh Tùng Bất Động Sản | F79: Tạ Khắc Tập | G79: Võ Tứ Hợp | H79: Cắm mốc | I79: 46048 | J79: Hoàn thành
A80: 46044.714 | B80: 050/BK-2026 | C80: Đinh Văn Hòa | D80: Cát Lái | E80: Anh Tùng Bất Động Sản | F80: Trương Tấn Quốc | G80: Võ Tứ Hợp | H80: Cấp đổi | I80: 46047 | J80: Hoàn thành | K80: Chưa cắm trụ (4 trụ)
A81: 46043.714 | B81: 049/BK-2026 | C81: Tống Thị Mỹ Trang | D81: Long Trường | E81: Đạt Việt Phát Land | F81: Lê Văn Xây | G81: Võ Tứ Hợp | H81: Hoàn công | I81: 46046 | J81: Nộp thành công - Chờ kết quả
A82: 46043.491 | B82: 048/BK-2026 | C82: Phạm Thị Giao Linh | D82: Phước Long | E82: Tùng Huế DV | F82: Tạ Khắc Tập | G82: Không cần | H82: Cắm mốc | I82: 46046 | J82: Hoàn thành
A83: 46043.49 | B83: 047/BK-2026 | C83: Đặng Thị Kim Thiện | D83: Phước Long | E83: Chị Phấn DV | F83: Tạ Khắc Tập | G83: Không cần | H83: Cấp đổi | I83: 46046 | J83: Hoàn thành
A84: 46042.392 | B84: 046/BK-2026 | C84: Nguyễn Tiến Quân | D84: Linh Xuân | E84: Hoàng Cương BĐS | F84: Tạ Khắc Tập | G84: Võ Tứ Hợp | H84: Cấp đổi | I84: 46045
A85: 46042.391 | B85: 045/BK-2026 | C85: Phan Thanh Phong | D85: Hiệp Bình | E85: Anh Long PCT | F85: Tạ Khắc Tập | G85: Võ Tứ Hợp | H85: Xác định diện tích | I85: 46045 | J85: Hoàn thành
A86: 46041.671 | B86: 044/BK-2026 | C86: Lê Quang Đạo | D86: Cát Lái | E86: Chị Phấn DV | F86: Trương Tấn Quốc | G86: Không cần | H86: Hoàn công | I86: 46044 | J86: Nộp thành công - Chờ kết quả
A87: 46041.628 | B87: 043/BK-2026 | C87: Võ Văn Hoa | D87: Hiệp Bình | E87: Công Ty | F87: Trương Tấn Quốc | G87: Không cần | H87: Xác định diện tích | I87: 46044 | J87: Hoàn thành | K87: Vẽ mẫu CMĐ gửi phường
A88: 46041.596 | B88: 042/BK-2026 | C88: Lê Thị Nguyệt | D88: Tăng Nhơn Phú | E88: Đạt Việt Phát Land | F88: Lê Văn Xây | G88: Không cần | H88: Xác định diện tích | I88: 46044 | J88: Hoàn thành
A89: 46041.453 | B89: 041/BK-2026 | C89: Đinh Văn Long | D89: Thủ Đức | E89: Đạt Việt Phát Land | F89: Lê Văn Xây | G89: Võ Tứ Hợp | H89: Hoàn công | I89: 46044 | J89: Nộp thành công - Chờ kết quả
A90: 46040.483 | B90: 040/BK-2026 | C90: Cắm mốc Tuấn BK | D90: Phước Long | E90: Tuấn Lộc | F90: Lê Văn Dựng | G90: Võ Tứ Hợp | H90: Cắm mốc | I90: 46043 | J90: Hoàn thành | K90: Cắm mốc,Chôn trụ xi măng đã chốt khách hàng 4 triệu (chưa thanh toán)
A91: 46039.91 | B91: 039/BK-2026 | C91: Trương Thị Ngọc Mai | D91: Tam Bình | E91: Công Ty | F91: Lê Văn Xây | G91: Võ Tứ Hợp | H91: Cắm mốc | I91: 46042 | J91: Hoàn thành
A92: 46039.401 | B92: 038/BK-2026 | C92: Nguyễn Thị Cẩm Vân | D92: Long Phước | E92: Công Ty | F92: Lê Văn Dựng | G92: Không cần | H92: Cấp đổi | I92: 46042 | K92: Đã đo chờ trao đổi với khách hàng do giảm diện tích
A93: 46037.694 | B93: 037/BK-2026 | C93: Nguyễn Thị An | D93: Bình Trưng | E93: Công Ty | F93: Lê Văn Dựng | G93: Võ Tứ Hợp | H93: Hoàn công | I93: 46040 | J93: Nộp thành công - Chờ kết quả
A94: 46037.656 | B94: 036/BK-2026 | C94: Phạm Thị Trang | D94: Tam Bình | E94: Cô Hoa | F94: Lê Văn Dựng | G94: Không cần | H94: Đo GPS | I94: 46040 | J94: Hoàn thành
A95: 46037.655 | B95: 035/BK-2026 | C95: Nguyễn Thị Trúc Thanh-Hoàng Phi Hải | D95: Thủ Đức | E95: Nguyễn Hương DV | F95: Trương Tấn Quốc | G95: Võ Tứ Hợp | H95: Cấp đổi | I95: 46040 | J95: Nộp thành công - Chờ kết quả
A96: 46037.654 | B96: 034/BK-2026 | C96: Đỗ Thị Mười | D96: Hiệp Bình | E96: Công Ty | F96: Trương Tấn Quốc | G96: Không cần | H96: Điều chỉnh bản vẽ | I96: 46040 | J96: Hoàn thành
A97: 46037.654 | B97: 033/BK-2026 | C97: Lê Văn Mạnh | D97: Hiệp Bình | E97: Công Ty | F97: Trương Tấn Quốc | G97: Không cần | H97: Điều chỉnh bản vẽ | I97: 46040 | J97: Hoàn thành
A98: 46037.648 | B98: 032/BK-2026 | C98: Nguyễn Khắc Thọ-Nguyễn Thị Hồng | D98: An Khánh | E98: Tạ Khắc Tập | F98: Trương Tấn Quốc | G98: Võ Tứ Hợp | H98: Hoàn công | I98: 46040 | J98: Hoàn thành | K98: Đợi sửa chửa đúng hiện trạng
A99: 46037.641 | B99: 031/BK-2026 | C99: Trần Đình Sỹ Tấn | D99: Hiệp Bình | E99: Công Ty | F99: Trương Tấn Quốc | G99: Võ Tứ Hợp | H99: Hoàn công | I99: 46040 | J99: Nộp thành công - Chờ kết quả | K99: Đang hoàn thiện công trình
A100: 46036.616 | B100: 030/BK-2026 | C100: Trần Đức Phú | D100: Long Phước | E100: Hoàng Quân | F100: Lê Văn Dựng | G100: Không cần | H100: Cắm mốc | I100: 46039 | J100: Hoàn thành
A101: 46036.422 | B101: 029/BK-2026 | C101: Nguyễn Văn Trung | D101: Hiệp Bình | E101: Cô Hoa | F101: Tạ Khắc Tập | G101: Võ Tứ Hợp | H101: Hoàn công | I101: 46039
A102: 46036.421 | B102: 028/BK-2026 | C102: Phạm Hồng Sỹ | D102: Hiệp Bình | E102: Tuấn Lộc | F102: Tạ Khắc Tập | G102: Võ Tứ Hợp | H102: Hoàn công | I102: 46039 | J102: Hoàn thành
A103: 46036.421 | B103: 027/BK-2026 | C103: Vũ Thị Nhuần | D103: Hiệp Bình | E103: Công Ty | F103: Tạ Khắc Tập | G103: Võ Tứ Hợp | H103: Hoàn công | I103: 46039 | J103: Nộp thành công - Chờ kết quả
A104: 46036.419 | B104: 026/BK-2026 | C104: Phạm Thị Trang | D104: Tam Bình | E104: Cô Hoa | F104: Tạ Khắc Tập | G104: Võ Tứ Hợp | H104: Cắm mốc | I104: 46039 | J104: Hoàn thành
A105: 46035.479 | B105: 025/BK-2026 | C105: Lê Thị Nguyệt | D105: Tăng Nhơn Phú | E105: Đạt Việt Phát Land | F105: Lê Văn Dựng | G105: Không cần | H105: Xác định diện tích | I105: 46038 | J105: Hoàn thành
...

Sheet RAW_HOPDONG
A1: Mã hợp đồng | B1: Khách hàng | C1: Hạng mục | D1: Ngày ký | E1: Giá trị HĐ | F1: Đã thanh toán | G1: Công nợ | H1: Sale
A2: 488-2/BK-2025 | B2: Nguyễn Hoàng Quân | C2: Đo GPS | D2: 45954 | E2: 1 | F2: 1 | G2: 0 | H2: Hoàng Quân
A3: 537/BK-2025 | B3: Nguyễn Thanh Vũ | C3: Cấp đổi | D3: 45954 | E3: 39639491 | F3: 39639491 | G3: 0 | H3: Công Ty
A4: 538/BK-2025 | B4: TRương Quế Phương | C4: Cắm mốc | D4: 45954 | E4: 2500000 | F4: 2500000 | G4: 0 | H4: Anh Chiến KTS
A5: 539/BK-2025 | B5: Vũ Thị Hương Giang | C5: Hoàn công | D5: 45956 | E5: 35000000 | F5: 35000000 | G5: 0 | H5: Công Ty
A6: 541/BK-2025 | B6: Nguyễn Tấn Thanh | C6: Tách Thửa | D6: 45956 | E6: 8000000 | F6: 8000000 | G6: 0 | H6: Chị Xuân DV
A7: 542/BK-2025 | B7: Nguyễn Tấn Thanh | C7: Tách Thửa | D7: 45956 | E7: 8000000 | F7: 8000000 | G7: 0 | H7: Chị Xuân DV
A8: 540/BK-2025 | B8: Phạm Thị Phương | C8: Cấp đổi | D8: 45957 | E8: 10000000 | F8: 10000000 | G8: 0 | H8: Nguyễn Khoa DV
A9: 543/BK-2025 | B9: Trần Đức Phú | C9: Cấp đổi | D9: 45957 | F9: 0 | H9: Hoàng Quân
A10: 543-1/BK-2025 | B10: Trần Đức Phú | C10: Cắm mốc | D10: 45957 | E10: 3600000 | F10: 3600000 | G10: 0 | H10: Hoàng Quân
A11: 543-2/BK-2025 | B11: Trần Đức Phú | C11: Đo GPS | D11: 45957 | E11: 1 | F11: 1 | G11: 0 | H11: Hoàng Quân
A12: 544/BK-2025 | B12: Trần Đức Phú | C12: Cấp đổi | D12: 45957 | E12: 25000000 | F12: 0 | G12: 25000000 | H12: Hoàng Quân
A13: 544-1/BK-2025 | B13: Trần Đức Phú | C13: Cắm mốc | D13: 45957 | E13: 3900000 | F13: 3900000 | G13: 0 | H13: Hoàng Quân
A14: 544-2/BK-2025 | B14: Trần Đức Phú | C14: Đo GPS | D14: 45957 | E14: 1 | F14: 1 | G14: 0 | H14: Hoàng Quân
A15: 545/BK-2025 | B15: Trần Quang Vinh | C15: Cắm mốc | D15: 45957 | E15: 3000000 | F15: 3000000 | G15: 0 | H15: Hoàng Quân
A16: 546/BK-2025 | B16: Trần Quang Vinh | C16: Cắm mốc | D16: 45957 | E16: 3000000 | F16: 3000000 | G16: 0 | H16: Hoàng Quân
A17: 547/BK-2025 | B17: Trần Quang Vinh | C17: Cắm mốc | D17: 45957 | E17: 3000000 | F17: 3000000 | G17: 0 | H17: Hoàng Quân
A18: 548/BK-2025 | B18: Ngô Thanh Quyền | C18: Cấp đổi | D18: 45958 | E18: 18000000 | F18: 18000000 | G18: 0 | H18: Nguyễn Hương DV
A19: 548-1/BK-2025 | B19: Ngô Thanh Quyền | C19: Cắm mốc | D19: 45960 | E19: 1 | F19: 1 | G19: 0 | H19: Nguyễn Hương DV
A20: 535-2/BK-2025 | B20: Võ Văn Ninh | C20: Cắm mốc | D20: 45960 | E20: 15000000 | F20: 15000000 | G20: 0 | H20: Công Ty
A21: 549/BK-2025 | B21: Lý Thị Mỹ Phượng | C21: Hoàn công | D21: 45960 | E21: 1 | F21: 1 | G21: 0 | H21: Tấn Hiếu DV
... A38: 558-1/BK-2025 | B38: Trương Yến Chi | C38: Cắm mốc | D38: 45970 | E38: 3000000 | F38: 3000000 | G38: 0 | H38: Công Ty
A39: 564/BK-2025 | B39: Phạm Gia Minh | C39: Hoàn công | D39: 45970 | F39: 0 | H39: Anh Long PCT
A40: 355-1/BK-2025 | B40: Nguyễn Thị Vinh | C40: Cắm mốc | D40: 45970 | E40: 1 | F40: 1 | G40: 0 | H40: Công Ty
A41: 565/BK-2025 | B41: Hoàng Anh Tú | C41: Chuyển mục đích | D41: 45970 | E41: 20000000 | F41: 20000000 | G41: 0 | H41: Anh Long PCT
A42: 566/BK-2025 | B42: Nguyễn Văn Phúc | C42: Cắm mốc | D42: 45969 | E42: 4000000 | F42: 4000000 | G42: 0 | H42: Công Ty
A43: 285-1/BK-2025 | B43: Nguyễn Văn Cơ | C43: Đo GPS | D43: 45972 | E43: 2 | F43: 2 | G43: 0 | H43: Anh Minh DV HBP
A44: 285-2/BK-2025 | B44: Nguyễn Văn Cơ | C44: Cắm mốc | D44: 45972 | E44: 3000000 | F44: 0 | G44: 3000000 | H44: Anh Minh DV HBP
A45: 567/BK-2025 | B45: Nguyễn Thị Kim Cúc | C45: Cấp sổ lần đầu | D45: 45974 | E45: 10000000 | F45: 10000000 | G45: 0 | H45: Đạt Việt Phát Land
A46: 568/BK-2025 | B46: Nguyễn Văn Trường | C46: Chuyển mục đích | D46: 45974 | E46: 9000000 | F46: 9000000 | G46: 0 | H46: Công Ty
A47: 570/BK-2025 | B47: Quang Hào | C47: Cắm mốc | D47: 45974 | E47: 3000000 | F47: 3000000 | G47: 0 | H47: Công Ty
A48: 571/BK-2025 | B48: Trần Đức Phú | C48: Xác định diện tích | D48: 45974 | E48: 3000000 | F48: 0 | G48: 3000000 | H48: Hoàng Quân
A49: 572/BK-2025 | B49: Trần Quang Vinh | C49: Xác định diện tích | D49: 45974 | E49: 3000000 | F49: 0 | G49: 3000000 | H49: Hoàng Quân
A50: 573/BK-2025 | B50: Trần Đức Phú | C50: Xác định diện tích | D50: 45974 | E50: 3000000 | F50: 0 | G50: 3000000 | H50: Hoàng Quân
A51: 574/BK-2025 | B51: Nguyễn Thị Quỳnh Lan | C51: Cấp đổi | D51: 45975 | E51: 15000000 | F51: 15000000 | G51: 0 | H51: Công Ty
... A56: 579/BK-2025 | B56: Bùi Văn Hoàng | C56: Cấp đổi | D56: 45978 | E56: 35000000 | F56: 35000000 | G56: 0 | H56: Anh Hoàng Nhà Đầu Tư
A57: 582/BK-2025 | B57: Nguyễn Trọng Khoa | C57: Cấp đổi | D57: 45978 | F57: 0 | H57: Cô Hoa
A58: 583/BK-2025 | B58: Trần Tuấn Anh | C58: Cấp đổi | D58: 45978 | F58: 0 | H58: Cô Hoa
A59: 579-1/BK-2025 | B59: Bùi Văn Hoàng | C59: Cắm mốc | D59: 45982 | E59: 3000000 | F59: 3000000 | G59: 0 | H59: Anh Hoàng Nhà Đầu Tư
A60: 580-1/BK-2025 | B60: Bùi Văn Hoàng | C60: Cắm mốc | D60: 45982 | E60: 3000000 | F60: 3000000 | G60: 0 | H60: Anh Hoàng Nhà Đầu Tư
A61: 584/BK-2025 | B61: Nguyễn Thị Nhàn | C61: Cấp sổ lần đầu | D61: 45982 | E61: 12000000 | F61: 12000000 | G61: 0 | H61: Công Ty
A62: 585/BK-2025 | B62: Nguyễn Thị Chữ | C62: Hoàn công | D62: 45982 | F62: 0 | H62: Công Ty
A63: 565-DC/BK-2025 | B63: Hoàng Anh Tú | C63: Điều chỉnh bản vẽ | D63: 45983 | E63: 3000000 | F63: 3000000 | G63: 0 | H63: Anh Long PCT
A64: 586/BK-2025 | B64: Thái Hội Hiền | C64: Cấp đổi | D64: 45983 | E64: 41000000 | F64: 41000000 | G64: 0 | H64: Công Ty
A65: 587/BK-2025 | B65: Vũ Xuân Thao | C65: Hoàn công | D65: 45983 | E65: 8000000 | F65: 8000000 | G65: 0 | H65: Tuấn Lộc
A66: 588-1/BK-2025 | B66: Nguyễn Thanh Hải-Nguyễn Thị Bé Năm | C66: Tách Thửa | D66: 45984 | E66: 8000000 | F66: 8000000 | G66: 0 | H66: Chị Xuân DV
A67: 588-2/BK-2025 | B67: Nguyễn Thanh Hải-Nguyễn Thị Bé Năm | C67: Tách Thửa | D67: 45984 | E67: 8000000 | F67: 8000000 | G67: 0 | H67: Chị Xuân DV
A68: 588-3/BK-2025 | B68: Nguyễn Thanh Hải-Nguyễn Thị Bé Năm | C68: Tách Thửa | D68: 45984 | E68: 8000000 | F68: 8000000 | G68: 0 | H68: Chị Xuân DV
A69: 589/BK-2025 | B69: Nguyễn Thị Thanh Tâm | C69: Hoàn công | D69: 45984 | E69: 35000000 | F69: 35000000 | G69: 0 | H69: Anh Long PCT
A70: 590/BK-2025 | B70: Trần Đức Cường | C70: Cắm mốc | D70: 45986 | E70: 3000000 | F70: 3000000 | G70: 0 | H70: Anh Chiến KTS
A71: 591/BK-2025 | B71: Phạm Thị Vân | C71: Cấp đổi | D71: 45986 | F71: 0 | H71: Tùng Huế DV
A72: 592/BK-2025 | B72: Nguyễn Thị Đẹp | C72: Cấp sổ lần đầu | D72: 45989 | E72: 9000000 | F72: 9000000 | G72: 0 | H72: Anh Long PCT
A73: 593/BK-2025 | B73: Nguyễn Thị À | C73: Cấp sổ lần đầu | D73: 45989 | E73: 9000000 | F73: 9000000 | G73: 0 | H73: Anh Long PCT
A74: 594/BK-2025 | B74: Nguyễn Hồng Xuân | C74: Cấp đổi | D74: 45989 | E74: 1 | F74: 0 | G74: 1 | H74: Nguyễn Hương DV
A75: 595/BK-2025 | B75: Nguyễn Mạnh Hùng-Nguyễn Trần Huyền Trang | C75: Cấp đổi | D75: 45990 | E75: 12000000 | F75: 10000000 | G75: 2000000 | H75: Nguyễn Hương DV
A76: 596/BK-2025 | B76: Nguyễn Mạnh Hùng-Nguyễn Trần Huyền Trang | C76: Cấp đổi | D76: 45990 | E76: 12000000 | F76: 10000000 | G76: 2000000 | H76: Nguyễn Hương DV
A77: 597/BK-2025 | B77: Trần Thuỳ Giang | C77: Cấp đổi | D77: 45990 | E77: 40000000 | F77: 40000000 | G77: 0 | H77: Công Ty
A78: 598/BK-2025 | B78: Trần Văn Quang | C78: Cắm mốc | D78: 45991 | E78: 2500000 | F78: 2500000 | G78: 0 | H78: Tuấn Lộc
A79: 599/BK-2025 | B79: Nguyễn Phạm Hoài Vy | C79: Xác định diện tích | D79: 45991 | E79: 1 | F79: 1 | G79: 0 | H79: Anh Long PCT
A80: 600/BK-2025 | B80: Phan Thị Tố Như | C80: Xác định diện tích | D80: 45991 | E80: 1 | F80: 1 | G80: 0 | H80: Anh Long PCT
A81: 400-DC-1/BK-2025 | B81: Nguyễn Nhật Bằng | C81: Điều chỉnh bản vẽ | D81: 45991 | E81: 10000000 | F81: 10000000 | G81: 0 | H81: Công Ty
A82: 595-1/BK-2025 | B82: Nguyễn Mạnh Hùng-Nguyễn Trần Huyền Trang | C82: Cắm mốc | D82: 45991 | E82: 3000000 | F82: 0 | G82: 3000000 | H82: Nguyễn Hương DV
A83: 601/BK-2025 | B83: Vương Thị Minh | C83: Cấp đổi | D83: 45991 | E83: 85000000 | F83: 20000000 | G83: 65000000 | H83: Công Ty
... A88: 603-1/BK-2025 | B88: Trần Đức Phú | C88: Cắm mốc | D88: 45992 | E88: 3000000 | F88: 0 | G88: 3000000 | H88: Hoàng Quân
A89: 603-2/BK-2025 | B89: Trần Đức Phú | C89: Đo GPS | D89: 45992 | F89: 0 | H89: Hoàng Quân
A90: 504-DC/BK-2025 | B90: Trần Thị Ngọc Dung | C90: Điều chỉnh bản vẽ | D90: 45992 | E90: 1 | F90: 1 | G90: 0 | H90: Cô Hoa
A91: 604/BK-2025 | B91: Anh Lộc | C91: Kiểm tra hiện trạng | D91: 45992 | E91: 1 | F91: 1 | G91: 0 | H91: Đạt Việt Phát Land
A92: 526-1/BK-2025 | B92: Nguyễn Khánh Lộc | C92: Cắm mốc | D92: 45992 | E92: 3000000 | F92: 0 | G92: 3000000 | H92: Nguyễn Tâm DV
A93: 605/BK-2025 | B93: Trần Lâm | C93: Hoàn công | D93: 45992 | F93: 0 | H93: Công Ty
A94: 607/BK-2025 | B94: Phan Văn Truyền-Nguyễn Thị Quy | C94: Hoàn công | D94: 45993 | E94: 1 | F94: 1 | G94: 0 | H94: Đạt Việt Phát Land
A95: 608/BK-2025 | B95: Trần Quang Vinh | C95: Cấp đổi | D95: 45993 | E95: 15000000 | F95: 0 | G95: 15000000 | H95: Hoàng Quân
A96: 608-1/BK-2025 | B96: Trần Quang Vinh | C96: Cắm mốc | D96: 45993 | E96: 4500000 | F96: 0 | G96: 4500000 | H96: Hoàng Quân
A97: 608-2/BK-2025 | B97: Trần Quang Vinh | C97: Đo GPS | D97: 45993 | F97: 0 | H97: Hoàng Quân
A98: 609/BK-2025 | B98: Trần Quang Vinh | C98: Cấp đổi | D98: 45993 | F98: 0 | H98: Hoàng Quân
A99: 609-1/BK-2025 | B99: Trần Quang Vinh | C99: Cắm mốc | D99: 45993 | E99: 3000000 | F99: 0 | G99: 3000000 | H99: Hoàng Quân
A100: 609-2/BK-2025 | B100: Trần Quang Vinh | C100: Đo GPS | D100: 45993 | F100: 0 | H100: Hoàng Quân
A101: 610/BK-2025 | B101: Trần Đức Phú | C101: Cấp đổi | D101: 45993 | E101: 25000000 | F101: 0 | G101: 25000000 | H101: Hoàng Quân
A102: 610-1/BK-2025 | B102: Trần Đức Phú | C102: Cắm mốc | D102: 45993 | E102: 12000000 | F102: 0 | G102: 12000000 | H102: Hoàng Quân
A103: 610-2/BK-2025 | B103: Trần Đức Phú | C103: Đo GPS | D103: 45993 | F103: 0 | H103: Hoàng Quân
A104: 611/BK-2025 | B104: Trần Đức Phú | C104: Cắm mốc | D104: 45995 | E104: 3000000 | F104: 0 | G104: 3000000 | H104: Hoàng Quân
A105: 612/BK-2025 | B105: Lê Thị Nguyệt | C105: Đo GPS | D105: 45995 | E105: 1 | F105: 0 | G105: 1 | H105: Công Ty
A106: 613/BK-2025 | B106: Nguyễn Trọng Nghĩa | C106: Hoàn công | D106: 45996 | E106: 20000000 | F106: 10000000 | G106: 10000000 | H106: Đạt Việt Phát Land
A107: 614/BK-2025 | B107: Dương Hồng Cẩm | C107: Hoàn công | D107: 45996 | E107: 170000000 | F107: 170000000 | G107: 0 | H107: Công Ty
A108: 615/BK-2025 | B108: Đoàn Ngọc Hải | C108: Xác định diện tích | D108: 45996 | E108: 1500000 | F108: 1000000 | G108: 500000 | H108: Cô Hải Dịch Vụ
A109: 616/BK-2025 | B109: Vũ Thị Phương | C109: Xác định diện tích | D109: 45996 | E109: 1500000 | F109: 1000000 | G109: 500000 | H109: Cô Hải Dịch Vụ
A110: 617/BK-2025 | B110: Hàn Ngọc Pho | C110: Xin phép xây dựng | D110: 45996 | E110: 11000000 | F110: 11000000 | G110: 0 | H110: Đạt Việt Phát Land
A111: 618/BK-2025 | B111: Đinh Thị Hằng | C111: Xin phép xây dựng | D111: 45996 | E111: 25000000 | F111: 25000000 | G111: 0 | H111: Công Ty
A112: 619/BK-2025 | B112: Đinh Gia Trí | C112: Xin phép xây dựng | D112: 45996 | E112: 15000000 | F112: 15000000 | G112: 0 | H112: Công Ty
A113: 620/BK-2025 | B113: Lê Thị Nguyệt | C113: Cấp đổi | D113: 45997 | E113: 15 | F113: 0 | G113: 15 | H113: Đạt Việt Phát Land
A114: ĐC 116/BK-2025 | B114: Lại Quốc Huy | C114: Điều chỉnh bản vẽ | D114: 45997 | E114: 180000000 | F114: 100000000 | G114: 80000000 | H114: Công Ty
A115: 622/BK-2025 | B115: Nguyễn Thị Mến | C115: Hoàn công | D115: 45998 | E115: 34000000 | F115: 0 | G115: 34000000 | H115: Cô Hoa
A116: 623/BK-2025 | B116: Nguyễn Văn Quỳnh | C116: Hoàn công | D116: 45998 | F116: 0 | H116: Cô Hoa
A117: 624/BK-2025 | B117: Lô Bằng Giang | C117: Xác định diện tích | D117: 45996 | E117: 1 | F117: 1 | G117: 0 | H117: Công Ty
A118: 625/BK-2025 | B118: Lô Bằng Giang | C118: Xác định diện tích | D118: 45996 | E118: 1 | F118: 1 | G118: 0 | H118: Công Ty
A119: 353-1/BK-2025 | B119: Đặng Đức Ý | C119: Cấp đổi | D119: 45999 | F119: 0 | H119: Đạt Việt Phát Land
A120: 626/BK-2025 | B120: Bùi Nam Giang | C120: Xác định diện tích | D120: 45999 | E120: 5000000 | F120: 5000000 | G120: 0 | H120: Công Ty
A121: 627/BK-2025 | B121: Trần Thị Hạnh | C121: Cấp đổi | D121: 45999 | E121: 10000000 | F121: 10000000 | G121: 0 | H121: Nguyễn Khoa DV
A122: 628/BK-2025 | B122: Lô Bằng Giang | C122: Chuyển mục đích | D122: 45999 | E122: 15000000 | F122: 15000000 | G122: 0 | H122: Công Ty
A123: 629/BK-2025 | B123: Lô Bằng Giang | C123: Chuyển mục đích | D123: 45999 | E123: 15000000 | F123: 15000000 | G123: 0 | H123: Công Ty
A124: 630/BK-2025 | B124: Lê Tiến Hòa | C124: Chuyển mục đích | D124: 45999 | E124: 1 | F124: 1 | G124: 0 | H124: Nguyễn Hương DV
...

Sheet RAW_THUCHI
A1: Ngày | B1: Số chứng từ | C1: Diễn giải | D1: Loại | E1: Hạng mục | F1: Phòng ban | G1: Người nhận/nộp | H1: Hình thức | I1: Số tiền
A2: 46097 | B2: PC-03/2026-085 | C2: Gửi bv bv Hoàng Thị Cúc | D2: Chi | E2: Chi bảo vệ | F2: Phòng Kế toán | G2: bảo vệ | H2: Tiền mặt | I2: 50000
A3: 46097 | B3: PC-03/2026-086 | C3: thanh toán trích lục Lê Văn Hoàng | D3: Chi | E3: Lấy trích lục | F3: Phòng Kế toán | G3: Chi nhánh số 2 | H3: Chuyển khoản | I3: 200000
A4: 46097 | B4: PC-03/2026-087 | C4: gửi chị Huy nộp bản vẽ sáng 16/3 | D4: Chi | E4: Chi quầy tiếp nhận | F4: Phòng Kế toán | G4: Chị Huy | H4: Tiền mặt | I4: 100000
A5: 46097 | B5: PC-03/2026-088 | C5: Phan Xuân Phước (255) | D5: Chi | E5: Lấy bản vẽ | F5: Phòng Kế toán | G5: Chi nhánh số 2 | H5: Chuyển khoản | I5: 130873
A6: 46097 | B6: PC-03/2026-089 | C6: nộp hồ sơ tách thửa Trần Thị Ngọc Dung | D6: Chi | E6: Chi quầy tiếp nhận | F6: Phòng Kế toán | G6: quầy tiếp nhận | H6: Tiền mặt | I6: 200000
A7: 46097 | B7: PC-03/2026-090 | C7: Đào Thị Hòa (235) | D7: Chi | E7: Lấy bản vẽ | F7: Phòng Kế toán | G7: Chi nhánh số 2 | H7: Chuyển khoản | I7: 86900
A8: 46097 | B8: PC-03/2026-091 | C8: gửi chị Huy lấy bản vẽ đạt 16/3 | D8: Chi | E8: Chi quầy tiếp nhận | F8: Phòng Kế toán | G8: Chị Huy | H8: Tiền mặt | I8: 100000
A9: 46097 | B9: PC-03/2026-092 | C9: nộp hs Phan Xuân Phước | D9: Chi | E9: Chi quầy tiếp nhận | F9: Phòng Kế toán | G9: quầy tiếp nhận | H9: Tiền mặt | I9: 100000
A10: 46097 | B10: PC-03/2026-093 | C10: gửi hợp đồng cho anh Ý | D10: Chi | E10: Chuyển phát - Bưu chính-Grap | F10: Phòng Kế toán | G10: Anh Ý | H10: Chuyển khoản | I10: 41000
A11: 46097 | B11: PC-03/2026-094 | C11: gửi phi nông nghiệp Phan Xuân Phước cho chị Trâm | D11: Chi | E11: Đóng thuế | F11: Phòng Kế toán | G11: Chị Trâm | H11: Tiền mặt | I11: 300000
A12: 46097 | B12: PC-03/2026-095 | C12: đóng thuế phi NN Phan Xuân Phước | D12: Chi | E12: Đóng thuế | F12: Phòng Kế toán | G12: Agribank | H12: Tiền mặt | I12: 53000
A13: 46097 | B13: PC-03/2026-096 | C13: gửi bv cho anh Xuất | D13: Chi | E13: Chi bảo vệ | F13: Phòng Kế toán | G13: bảo vệ | H13: Tiền mặt | I13: 50000
... A221: 46053 | B221: PC-01/2026-339 | C221: trái cây 31/1 | D221: Chi | E221: Sinh hoạt gia đình | F221: Phòng Kế toán | G221: Hằng | H221: Tiền mặt | I221: 140000

Sheet RAW_LUONG
A1: Tháng | B1: Nhân sự | C1: Mã hợp đồng cũ | D1: Mã hồ sơ mới | E1: Công đoạn | F1: Khoán | G1: Phụ cấp | H1: Thưởng/Phạt | I1: Ngày chốt
A2: 46082 | B2: Lê Văn Dựng | C2: 098/BK-2026 | D2: BK-HS-0030 | E2: Cắm mốc | F2: 1200000 | G2: 0 | H2: 0 | I2: 46085
A3: 46082 | B3: Lê Văn Dựng | C3: 101/BK-2026 | D3: BK-HS-0027 | E3: Xác định diện tích | F3: 700000 | G3: 0 | H3: 0 | I3: 46086
A4: 46082 | B4: Lê Văn Dựng | C4: 103/BK-2026 | D4: BK-HS-0025 | E4: Cắm mốc | F4: 1200000 | G4: 0 | H4: 0 | I4: 46086
A5: 46082 | B5: Lê Văn Dựng | C5: 105/BK-2026 | D5: BK-HS-0023 | E5: Cắm mốc | F5: 1200000 | G5: 300000 | H5: 0 | I5: 46086
A6: 46082 | B6: Lê Văn Dựng | C6: 109/BK-2026 | D6: BK-HS-0019 | E6: Đo GPS | F6: 1200000 | G6: 0 | H6: 0 | I6: 46090
A7: 46082 | B7: Lê Văn Dựng | C7: 108/BK-2026 | D7: BK-HS-0020 | E7: Cấp đổi | F7: 1100000 | G7: 0 | H7: 300000 | I7: 46091
A8: 46082 | B8: Lê Văn Dựng | C8: 111/BK-2026 | D8: BK-HS-0017 | E8: Đo GPS | F8: 1200000 | G8: 0 | H8: 0 | I8: 46091
A9: 46082 | B9: Lê Văn Dựng | C9: 112/BK-2026 | D9: BK-HS-0016 | E9: Xác định diện tích | F9: 700000 | G9: 0 | H9: 0 | I9: 46091
A10: 46082 | B10: Lê Văn Dựng | C10: 113/BK-2026 | D10: BK-HS-0015 | E10: Xác định diện tích | F10: 700000 | G10: 0 | H10: 0 | I10: 46091
A11: 46082 | B11: Lê Văn Dựng | C11: 653/BK-2025 | D11: BK-HS-0167 | E11: Hoàn công | F11: 1100000 | G11: 0 | H11: 0 | I11: 46092
A12: 46054 | B12: Lê Văn Dựng | C12: 053/BK-2026 | D12: BK-HS-0076 | E12: Cấp đổi | F12: 1100000 | G12: 0 | H12: 0 | I12: 46056
A13: 46054 | B13: Lê Văn Dựng | C13: 076/BK-2026 | D13: BK-HS-0052 | E13: Xác định diện tích | F13: 700000 | G13: 0 | H13: 0 | I13: 46056
... A30: 46023 | B30: Lê Văn Dựng | C30: 020/BK-2026 | D30: BK-HS-0109 | E30: Cấp đổi | F30: 0 | G30: 0 | H30: 0 | I30: 46038
A31: 46023 | B31: Lê Văn Dựng | C31: 482/BK-2025 | E31: Cấp đổi | F31: 0 | G31: 0 | H31: 0 | I31: 46038
A32: 46023 | B32: Lê Văn Dựng | C32: 483/BK-2025 | E32: Cấp đổi | F32: 0 | G32: 0 | H32: 0 | I32: 46038
A33: 46023 | B33: Lê Văn Dựng | C33: 484/BK-2025 | E33: Cấp đổi | F33: 0 | G33: 0 | H33: 0 | I33: 46038
A34: 46023 | B34: Lê Văn Dựng | C34: 489/BK-2025 | E34: Cấp đổi | F34: 0 | G34: 0 | H34: 0 | I34: 46038
A35: 46023 | B35: Lê Văn Dựng | C35: 490/BK-2025 | E35: Cấp đổi | F35: 0 | G35: 0 | H35: 0 | I35: 46038
A36: 46023 | B36: Lê Văn Dựng | C36: 036/BK-2026 | D36: BK-HS-0093 | E36: Đo GPS | F36: 1200000 | G36: 0 | H36: 0 | I36: 46038
A37: 46023 | B37: Lê Văn Dựng | C37: 665/BK-2025 | D37: BK-HS-0149 | E37: Cấp đổi | F37: 0 | G37: 0 | H37: 0 | I37: 46039
A38: 46023 | B38: Lê Văn Dựng | C38: 664/BK-2025 | D38: BK-HS-0152 | E38: Cấp đổi | F38: 0 | G38: 0 | H38: 0 | I38: 46039
A39: 46023 | B39: Lê Văn Dựng | C39: 465/BK-2025 | E39: Cấp đổi | F39: 0 | G39: 0 | H39: 0 | I39: 46039
A40: 46023 | B40: Lê Văn Dựng | C40: 112/BK-2025 | E40: Cấp sổ lần đầu | F40: 0 | G40: 0 | H40: 0 | I40: 46039
A41: 46023 | B41: Lê Văn Dựng | C41: 114/BK-2025 | E41: Cấp sổ lần đầu | F41: 0 | G41: 0 | H41: 0 | I41: 46039
A42: 46023 | B42: Lê Văn Dựng | C42: 040/BK-2026 | D42: BK-HS-0089 | E42: Cắm mốc | F42: 1200000 | G42: 50000 | H42: 0 | I42: 46040
A43: 46023 | B43: Lê Văn Dựng | C43: 037/BK-2026 | D43: BK-HS-0092 | E43: Hoàn công | F43: 1100000 | G43: 0 | H43: 0 | I43: 46041
A44: 46023 | B44: Lê Văn Dựng | C44: 067/BK-2026 | D44: BK-HS-0061 | E44: Đo GPS | F44: 1200000 | G44: 0 | H44: 0 | I44: 46052
A45: 46023 | B45: Lê Văn Dựng | C45: 069/BK-2026 | D45: BK-HS-0059 | E45: Đo GPS | F45: 1200000 | G45: 0 | H45: 0 | I45: 46052
A46: 45992 | B46: Lê Văn Dựng | C46: 608-1/BK-2025 | D46: BK-HS-0226 | E46: Cắm mốc | F46: 1200000 | G46: 375000 | H46: 0 | I46: 45992
A47: 45992 | B47: Lê Văn Dựng | C47: 608-2/BK-2025 | D47: BK-HS-0225 | E47: Đo GPS | F47: 1200000 | G47: 0 | H47: 0 | I47: 45992
A48: 45992 | B48: Lê Văn Dựng | C48: 609-1/BK-2025 | D48: BK-HS-0223 | E48: Cắm mốc | F48: 1200000 | G48: 100000 | H48: 0 | I48: 45992
A49: 45992 | B49: Lê Văn Dựng | C49: 609-2/BK-2025 | D49: BK-HS-0222 | E49: Đo GPS | F49: 1200000 | G49: 0 | H49: 0 | I49: 45992
A50: 45992 | B50: Lê Văn Dựng | C50: 610-1/BK-2025 | D50: BK-HS-0220 | E50: Cắm mốc | F50: 1200000 | G50: 1000000 | H50: 0 | I50: 45992
A51: 45992 | B51: Lê Văn Dựng | C51: 610-2/BK-2025 | D51: BK-HS-0219 | E51: Đo GPS | F51: 1200000 | G51: 0 | H51: 0 | I51: 45992
A52: 45992 | B52: Lê Văn Dựng | C52: 611/BK-2025 | D52: BK-HS-0218 | E52: Cắm mốc | F52: 1200000 | G52: 225000 | H52: 0 | I52: 45992
A53: 45992 | B53: Lê Văn Dựng | C53: 612/BK-2025 | D53: BK-HS-0217 | E53: Đo GPS | F53: 1200000 | G53: 0 | H53: 0 | I53: 45992
... A83: 45962 | B83: Lê Văn Dựng | C83: 561/BK-2025 | D83: BK-HS-0288 | E83: Cắm mốc | F83: 1200000 | G83: 150000 | H83: 0 | I83: 45965
A84: 45962 | B84: Lê Văn Dựng | C84: 285/BK-2025 | E84: Cấp đổi | F84: 1100000 | G84: 0 | H84: 0 | I84: 45971
A85: 45962 | B85: Lê Văn Dựng | C85: 285-1/BK-2025 | D85: BK-HS-0279 | E85: Đo GPS | F85: 1200000 | G85: 0 | H85: 0 | I85: 45969
A86: 45962 | B86: Lê Văn Dựng | C86: 285-2/BK-2025 | D86: BK-HS-0278 | E86: Cắm mốc | F86: 1200000 | G86: 200000 | H86: 0 | I86: 45969
A87: 45962 | B87: Lê Văn Dựng | C87: 570/BK-2025 | D87: BK-HS-0275 | E87: Cắm mốc | F87: 1200000 | G87: 100000 | H87: 0 | I87: 45971
A88: 45962 | B88: Lê Văn Dựng | C88: 571/BK-2025 | D88: BK-HS-0274 | E88: Xác định diện tích | F88: 700000 | G88: 0 | H88: 0 | I88: 45971
A89: 45962 | B89: Lê Văn Dựng | C89: 572/BK-2025 | D89: BK-HS-0273 | E89: Xác định diện tích | F89: 700000 | G89: 0 | H89: 0 | I89: 45971
A90: 45962 | B90: Lê Văn Dựng | C90: 573/BK-2025 | D90: BK-HS-0272 | E90: Xác định diện tích | F90: 700000 | G90: 0 | H90: 0 | I90: 45971
A91: 45962 | B91: Lê Văn Dựng | C91: 576/BK-2025 | D91: BK-HS-0269 | E91: Cấp đổi | F91: 1100000 | G91: 0 | H91: 0 | I91: 45973
A92: 45962 | B92: Lê Văn Dựng | C92: 524/BK-2025 | E92: Hoàn công | F92: 1100000 | G92: 0 | H92: 0 | I92: 45982
A93: 45962 | B93: Lê Văn Dựng | C93: 600/BK-2025 | D93: BK-HS-0242 | E93: Xác định diện tích | F93: 700000 | G93: 0 | H93: 0 | I93: 45989
A94: 45962 | B94: Lê Văn Dựng | C94: 599/BK-2025 | D94: BK-HS-0243 | E94: Xác định diện tích | F94: 700000 | G94: 0 | H94: 0 | I94: 45989
A95: 45962 | B95: Lê Văn Dựng | C95: 458/BK-2025 | E95: Cấp đổi | F95: 1100000 | G95: 0 | H95: 0 | I95: 45989
A96: 45962 | B96: Lê Văn Dựng | C96: 458-1/BK-2025 | D96: BK-HS-0236 | E96: Cắm mốc | F96: 1200000 | G96: 250000 | H96: 0 | I96: 45990
A97: 45962 | B97: Lê Văn Dựng | C97: 603-1/BK-2025 | D97: BK-HS-0234 | E97: Cắm mốc | F97: 1200000 | G97: 200000 | H97: 0 | I97: 45990
A98: 45962 | B98: Lê Văn Dựng | C98: 603-2/BK-2025 | D98: BK-HS-0233 | E98: Đo GPS | F98: 1200000 | G98: 0 | H98: 0 | I98: 45990
A99: 45962 | B99: Lê Văn Dựng | C99: 526-1/BK-2025 | D99: BK-HS-0230 | E99: Cắm mốc | F99: 1200000 | G99: 100000 | H99: 0 | I99: 45990
A100: 45931 | B100: Lê Văn Dựng | C100: 461/BK-2025 | E100: Cấp đổi | F100: 1100000 | G100: 0 | H100: 0 | I100: 45931
A101: 45931 | B101: Lê Văn Dựng | C101: 479-2/BK-2025 | E101: Đo GPS | F101: 1200000 | G101: 0 | H101: 0 | I101: 45932
A102: 45931 | B102: Lê Văn Dựng | C102: 445/BK-2025 | E102: Cấp đổi | F102: 1100000 | G102: 0 | H102: 0 | I102: 45933
A103: 45931 | B103: Lê Văn Dựng | C103: 493/BK-2025 | E103: Cắm mốc | F103: 1200000 | G103: 0 | H103: 0 | I103: 45932
A104: 45931 | B104: Lê Văn Dựng | C104: 515/BK-2025 | E104: Đo GPS | F104: 1200000 | G104: 0 | H104: 0 | I104: 45940
A105: 45931 | B105: Lê Văn Dựng | C105: 516/BK-2025 | E105: Đo GPS | F105: 1200000 | G105: 0 | H105: 0 | I105: 45940
A106: 45931 | B106: Lê Văn Dựng | C106: 517/BK-2025 | E106: Đo GPS | F106: 1200000 | G106: 0 | H106: 0 | I106: 45940
A107: 45931 | B107: Lê Văn Dựng | C107: 520/BK-2025 | E107: Cắm mốc | F107: 1200000 | G107: 100000 | H107: 0 | I107: 45943
A108: 45931 | B108: Lê Văn Dựng | C108: 525/BK-2025 | E108: Xác định diện tích | F108: 700000 | G108: 0 | H108: 0 | I108: 45945
A109: 45931 | B109: Lê Văn Dựng | C109: 530/BK-2025 | E109: Đo GPS | F109: 1200000 | G109: 0 | H109: 0 | I109: 45947
A110: 45931 | B110: Lê Văn Dựng | C110: 460-3/BK-2025 | E110: Cắm mốc | F110: 1200000 | G110: 375000 | H110: 0 | I110: 45948
A111: 45931 | B111: Lê Văn Dựng | C111: 455-3/BK-2025 | E111: Cắm mốc | F111: 1200000 | G111: 275000 | H111: 0 | I111: 45948
... A128: 45931 | B128: Lê Văn Dựng | C128: 488-1/BK-2025 | E128: Cắm mốc | F128: 1200000 | G128: 150000 | H128: 0 | I128: 45951
A129: 45931 | B129: Lê Văn Dựng | C129: 488-2/BK-2025 | D129: BK-HS-0320 | E129: Đo GPS | F129: 1200000 | G129: 0 | H129: 0 | I129: 45951
A130: 45931 | B130: Lê Văn Dựng | C130: 460/BK-2025 | E130: Cấp đổi | F130: 1100000 | G130: 0 | H130: 0 | I130: 45951
A131: 45931 | B131: Lê Văn Dựng | C131: 488/BK-2025 | E131: Cấp đổi | F131: 1100000 | G131: 0 | H131: 0 | I131: 45951
A132: 45931 | B132: Lê Văn Dựng | C132: 487/BK-2025 | E132: Cấp đổi | F132: 1100000 | G132: 0 | H132: 0 | I132: 45951
A133: 45931 | B133: Lê Văn Dựng | C133: 537/BK-2025 | D133: BK-HS-0319 | E133: Cấp đổi | F133: 1100000 | G133: 0 | H133: 0 | I133: 45953
A134: 45931 | B134: Lê Văn Dựng | C134: 543-1/BK-2025 | D134: BK-HS-0312 | E134: Cắm mốc | F134: 1200000 | G134: 300000 | H134: 0 | I134: 45955
A135: 45931 | B135: Lê Văn Dựng | C135: 543-2/BK-2025 | D135: BK-HS-0311 | E135: Đo GPS | F135: 1200000 | G135: 0 | H135: 0 | I135: 45955
A136: 45931 | B136: Lê Văn Dựng | C136: 544-1/BK-2025 | D136: BK-HS-0309 | E136: Cắm mốc | F136: 1200000 | G136: 325000 | H136: 0 | I136: 45955
A137: 45931 | B137: Lê Văn Dựng | C137: 544-2/BK-2025 | D137: BK-HS-0308 | E137: Đo GPS | F137: 1200000 | G137: 0 | H137: 0 | I137: 45955
A138: 45931 | B138: Lê Văn Dựng | C138: 545/BK-2025 | D138: BK-HS-0307 | E138: Cắm mốc | F138: 1200000 | G138: 100000 | H138: 0 | I138: 45955
A139: 45931 | B139: Lê Văn Dựng | C139: 546/BK-2025 | D139: BK-HS-0306 | E139: Cắm mốc | F139: 1200000 | G139: 100000 | H139: 0 | I139: 45955
A140: 45931 | B140: Lê Văn Dựng | C140: 547/BK-2025 | D140: BK-HS-0305 | E140: Cắm mốc | F140: 1200000 | G140: 100000 | H140: 0 | I140: 45955
A141: 45931 | B141: Lê Văn Dựng | C141: 535/BK-2025 | E141: Cấp đổi | F141: 1100000 | G141: 0 | H141: 0 | I141: 45957
A142: 45931 | B142: Lê Văn Dựng | C142: 543/BK-2025 | D142: BK-HS-0313 | E142: Cấp đổi | F142: 1100000 | G142: 0 | H142: 0 | I142: 45957
A143: 45931 | B143: Lê Văn Dựng | C143: 548-1/BK-2025 | D143: BK-HS-0303 | E143: Cắm mốc | F143: 1200000 | G143: 50000 | H143: 0 | I143: 45957
A144: 45931 | B144: Lê Văn Dựng | C144: 535-2/BK-2025 | D144: BK-HS-0302 | E144: Cắm mốc | F144: 1200000 | G144: 50000 | H144: 0 | I144: 45957
A145: 45931 | B145: Lê Văn Dựng | C145: 544/BK-2025 | D145: BK-HS-0310 | E145: Cấp đổi | F145: 1100000 | G145: 0 | H145: 0 | I145: 45958
A146: 45931 | B146: Lê Văn Dựng | C146: 553/BK-2025 | D146: BK-HS-0293 | E146: Cắm mốc | F146: 1200000 | G146: 300000 | H146: 300000 | I146: 45961
A147: 45901 | B147: Lê Văn Dựng | C147: 389/BK-2025 | E147: Cấp đổi | F147: 1100000 | G147: 0 | H147: 0 | I147: 45903
A148: 45901 | B148: Lê Văn Dựng | C148: 403/BK-2025 | E148: Cấp đổi | F148: 1100000 | G148: 0 | H148: 300000 | I148: 45903
A149: 45901 | B149: Lê Văn Dựng | C149: 396/BK-2025 | E149: Cấp đổi | F149: 1100000 | G149: 0 | H149: 300000 | I149: 45905
A150: 45901 | B150: Lê Văn Dựng | C150: 397/BK-2025 | E150: Cấp đổi | F150: 1100000 | G150: 0 | H150: 300000 | I150: 45905
A151: 45901 | B151: Lê Văn Dựng | C151: 404/BK-2025 | E151: Cấp đổi | F151: 1100000 | G151: 0 | H151: 300000 | I151: 45904
A152: 45901 | B152: Lê Văn Dựng | C152: 409/BK-2025 | E152: Cấp đổi | F152: 1100000 | G152: 0 | H152: 0 | I152: 45908
A153: 45901 | B153: Lê Văn Dựng | C153: 413/BK-2025 | E153: Đo GPS | F153: 1200000 | G153: 0 | H153: 0 | I153: 45906
A154: 45901 | B154: Lê Văn Dựng | C154: 401-2/BK-2025 | E154: Đo GPS | F154: 1200000 | G154: 0 | H154: 0 | I154: 45908
A155: 45901 | B155: Lê Văn Dựng | C155: 293-ĐC-2/BK-2025 | E155: Điều chỉnh bản vẽ | F155: 0 | G155: 0 | H155: 0 | I155: 45908
A156: 45901 | B156: Lê Văn Dựng | C156: 418/BK-2025 | E156: Hoàn công | F156: 1100000 | G156: 0 | H156: 0 | I156: 45910
A157: 45901 | B157: Lê Văn Dựng | C157: 241/BK-2025 | E157: Cấp đổi | F157: 1100000 | G157: 0 | H157: 0 | I157: 45911
