Workbook

Sheet Bảng tổng hợp
A1: Dấu thời gian | B1: Mã hợp đồng | C1: Tên hồ sơ | D1: Pháp lý | E1: Phường | F1: Tên khách hàng | G1: Số Điện Thoại Liên Hệ | H1: Phụ Trách Chính | I1: Phụ đo | J1: Độ ưu tiên | K1: Trạng thái mới nhất | L1: Cảnh báo | M1: Hạng mục công việc | N1: Ngày bắt đầu | O1: Hạn xử lý | P1: Ngày nộp | Q1: Ngày HT | R1: Lần nộp | S1: Ghi chú | T1: Giải trình lý do | U1: Quản lý phê duyệt | V1: Chi kỹ thuật | W1: Số cọc cắm mốc | X1: Loại cọc cắm
A2: 45890.616 | B2: 112/BK-2025 | C2: P Linh Đông, HSo Tùng M | E2: Hiệp Bình | F2: Tùng Mập | H2: Lê Văn Dựng | I2: Tạ Khắc Tập | K2: {=IFERROR(VLOOKUP(B2, SORT('Nhật ký nộp hồ sơ '!B:D, 'Nhật ký nộp hồ sơ '!A:A, FALSE), 3, FALSE),"")} -> Hủy | L2: =IF(K2="Hủy","ĐÃ HỦY", IF(K2="Nộp thành công - Chờ kết quả","Đã nộp", IF(K2="Hoàn thành","Hoàn thành", IF(O2="","", IF(TODAY()>O2,"QUÁ HẠN","Trong hạn") )))) -> ĐÃ HỦY | M2: Cấp sổ lần đầu | N2: =IFERROR(__xludf.DUMMYFUNCTION("ARRAYFORMULA(IF(A2:A3293="""","""",TO_DATE(INT(A2:A3293))))"),45890.0) -> 45890 | O2: {=IF(N2:N3293="", "", SWITCH(IF(J2:J3293="", "Trung bình", TRIM(J2:J3293)), "Cao", N2:N3293+1, "Trung bình", N2:N3293+3, "Thấp", N2:N3293+5))} -> 45893 | P2: =IFERROR(__xludf.DUMMYFUNCTION("IFERROR(QUERY('Nhật ký nộp hồ sơ '!A:I, ""SELECT I WHERE B = '""&B2&""' ORDER BY A DESC LIMIT 1"", 0))"),46039.0) -> 46039 | Q2: =IF(K2="Hoàn thành", P2, "") | R2: {=IF(B16:B3293="", "", COUNTIF('Nhật ký nộp hồ sơ '!B:B, B16:B3293))} -> 1 | S2: Lấy 1 bộ hso | T2: đã vẽ xong,Đợi bổ sung giấy tờ | U2: Đợi phương án | V2: Đã thanh toán
A3: 45890.614 | B3: 114/BK-2025 | C3: P Linh Đông, HSo Tùng M 02 | E3: Hiệp Bình | F3: Tùng Mập | H3: Lê Văn Dựng | I3: Tạ Khắc Tập | K3: {=IFERROR(VLOOKUP(B3, SORT('Nhật ký nộp hồ sơ '!B:D, 'Nhật ký nộp hồ sơ '!A:A, FALSE), 3, FALSE),"")} -> Hủy | L3: =IF(K3="Hủy","ĐÃ HỦY", IF(K3="Nộp thành công - Chờ kết quả","Đã nộp", IF(K3="Hoàn thành","Hoàn thành", IF(O3="","", IF(TODAY()>O3,"QUÁ HẠN","Trong hạn") )))) -> ĐÃ HỦY | M3: Cấp sổ lần đầu | N3: =IFERROR(__xludf.DUMMYFUNCTION("""COMPUTED_VALUE"""),45890.0) -> 45890 | O3: 45893 | P3: =IFERROR(__xludf.DUMMYFUNCTION("IFERROR(QUERY('Nhật ký nộp hồ sơ '!A:I, ""SELECT I WHERE B = '""&B3&""' ORDER BY A DESC LIMIT 1"", 0))"),46039.0) -> 46039 | Q3: =IF(K3="Hoàn thành", P3, "") | R3: 1 | T3: đã vẽ xong,Đợi bổ sung giấy tờ | U3: Đợi phương án | V3: Đã thanh toán
A4: 45891.579 | B4: 13-XDDT/BK-2025 | C4: Anh Thanh | E4: Hiệp Bình | F4: Anh Thanh DV | H4: Tạ Khắc Tập | I4: Lê Tấn Đạt | K4: {=IFERROR(VLOOKUP(B4, SORT('Nhật ký nộp hồ sơ '!B:D, 'Nhật ký nộp hồ sơ '!A:A, FALSE), 3, FALSE),"")} -> Hoàn thành | L4: =IF(K4="Hủy","ĐÃ HỦY", IF(K4="Nộp thành công - Chờ kết quả","Đã nộp", IF(K4="Hoàn thành","Hoàn thành", IF(O4="","", IF(TODAY()>O4,"QUÁ HẠN","Trong hạn") )))) -> Hoàn thành | M4: Xác định diện tích | N4: =IFERROR(__xludf.DUMMYFUNCTION("""COMPUTED_VALUE"""),45891.0) -> 45891 | O4: 45894 | P4: =IFERROR(__xludf.DUMMYFUNCTION("IFERROR(QUERY('Nhật ký nộp hồ sơ '!A:I, ""SELECT I WHERE B = '""&B4&""' ORDER BY A DESC LIMIT 1"", 0))"),45873.0) -> 45873 | Q4: =IF(K4="Hoàn thành", P4, "") -> 45873 | R4: 1 | V4: Đã thanh toán
A5: 45890.599 | B5: 15-KT/BK-2025 | C5: Lý Thị Thuỳ Dung | D5: Có | E5: Tam Bình | F5: Cô Hoa | H5: Trương Tấn Quốc | I5: Tạ Khắc Tập | K5: {=IFERROR(VLOOKUP(B5, SORT('Nhật ký nộp hồ sơ '!B:D, 'Nhật ký nộp hồ sơ '!A:A, FALSE), 3, FALSE),"")} -> Hủy | L5: =IF(K5="Hủy","ĐÃ HỦY", IF(K5="Nộp thành công - Chờ kết quả","Đã nộp", IF(K5="Hoàn thành","Hoàn thành", IF(O5="","", IF(TODAY()>O5,"QUÁ HẠN","Trong hạn") )))) -> ĐÃ HỦY | M5: Hoàn công | N5: =IFERROR(__xludf.DUMMYFUNCTION("""COMPUTED_VALUE"""),45890.0) -> 45890 | O5: 45893 | P5: =IFERROR(__xludf.DUMMYFUNCTION("IFERROR(QUERY('Nhật ký nộp hồ sơ '!A:I, ""SELECT I WHERE B = '""&B5&""' ORDER BY A DESC LIMIT 1"", 0))"),46038.0) -> 46038 | Q5: =IF(K5="Hoàn thành", P5, "") | R5: 1 | S5: + anh Lê Văn Xây phụ đo | T5: Đợi trao đổi chủ nhà | U5: Đợi phương án | V5: Đã thanh toán
A6: 45891.516 | B6: 162-1/BK-2025 | C6: Nguyễn Thành Nhựt 1 | E6: Long Phước | F6: Anh Toàn Ủy Ban | H6: Nguyễn Minh Thông | I6: Tạ Khắc Tập | K6: {=IFERROR(VLOOKUP(B6, SORT('Nhật ký nộp hồ sơ '!B:D, 'Nhật ký nộp hồ sơ '!A:A, FALSE), 3, FALSE),"")} -> Hủy | L6: =IF(K6="Hủy","ĐÃ HỦY", IF(K6="Nộp thành công - Chờ kết quả","Đã nộp", IF(K6="Hoàn thành","Hoàn thành", IF(O6="","", IF(TODAY()>O6,"QUÁ HẠN","Trong hạn") )))) -> ĐÃ HỦY | M6: Cấp đổi | N6: =IFERROR(__xludf.DUMMYFUNCTION("""COMPUTED_VALUE"""),45891.0) -> 45891 | O6: 45894 | P6: =IFERROR(__xludf.DUMMYFUNCTION("IFERROR(QUERY('Nhật ký nộp hồ sơ '!A:I, ""SELECT I WHERE B = '""&B6&""' ORDER BY A DESC LIMIT 1"", 0))"),45892.0) -> 45892 | Q6: =IF(K6="Hoàn thành", P6, "") | R6: 1 | T6: A TOÀN MANG BẢN VỄ GIẢM DT CHO CHỦ NHÀ CAM KẾT MÀ K PHẢI HỒI | U6: Đợi phương án | V6: Đã thanh toán
A7: 45891.515 | B7: 162-2/BK-2025 | C7: Nguyễn Thành Nhựt 2 | E7: Long Phước | F7: Anh Toàn Ủy Ban | H7: Nguyễn Minh Thông | I7: Tạ Khắc Tập | K7: {=IFERROR(VLOOKUP(B7, SORT('Nhật ký nộp hồ sơ '!B:D, 'Nhật ký nộp hồ sơ '!A:A, FALSE), 3, FALSE),"")} -> Hủy | L7: =IF(K7="Hủy","ĐÃ HỦY", IF(K7="Nộp thành công - Chờ kết quả","Đã nộp", IF(K7="Hoàn thành","Hoàn thành", IF(O7="","", IF(TODAY()>O7,"QUÁ HẠN","Trong hạn") )))) -> ĐÃ HỦY | M7: Cấp đổi | N7: =IFERROR(__xludf.DUMMYFUNCTION("""COMPUTED_VALUE"""),45891.0) -> 45891 | O7: 45894 | P7: =IFERROR(__xludf.DUMMYFUNCTION("IFERROR(QUERY('Nhật ký nộp hồ sơ '!A:I, ""SELECT I WHERE B = '""&B7&""' ORDER BY A DESC LIMIT 1"", 0))"),46038.0) -> 46038 | Q7: =IF(K7="Hoàn thành", P7, "") | R7: 5 | T7: A TOÀN MANG BẢN VỄ GIẢM DT CHO CHỦ NHÀ CAM KẾT MÀ K PHẢI HỒI | U7: Đợi phương án | V7: Đã thanh toán
A8: 45891.509 | B8: 203/BK-2025 | C8: Doãn Thị Mai Xuân Điệp | E8: Bình Trưng | F8: Tùng Mập | H8: Nguyễn Minh Thông | I8: Tạ Khắc Tập | K8: {=IFERROR(VLOOKUP(B8, SORT('Nhật ký nộp hồ sơ '!B:D, 'Nhật ký nộp hồ sơ '!A:A, FALSE), 3, FALSE),"")} -> Hủy | L8: =IF(K8="Hủy","ĐÃ HỦY", IF(K8="Nộp thành công - Chờ kết quả","Đã nộp", IF(K8="Hoàn thành","Hoàn thành", IF(O8="","", IF(TODAY()>O8,"QUÁ HẠN","Trong hạn") )))) -> ĐÃ HỦY | M8: Hoàn công | N8: =IFERROR(__xludf.DUMMYFUNCTION("""COMPUTED_VALUE"""),45891.0) -> 45891 | O8: 45894 | P8: =IFERROR(__xludf.DUMMYFUNCTION("IFERROR(QUERY('Nhật ký nộp hồ sơ '!A:I, ""SELECT I WHERE B = '""&B8&""' ORDER BY A DESC LIMIT 1"", 0))"),46039.0) -> 46039 | Q8: =IF(K8="Hoàn thành", P8, "") | R8: 1 | T8: TÙNG MẬP CHƯA ĐƯA GIẤY TỜ | U8: Đợi phương án | V8: Đã thanh toán
A9: 45891.508 | B9: 204/BK-2025 | C9: Nguyễn Duy Khánh | E9: Bình Trưng | F9: Tùng Mập | H9: Nguyễn Minh Thông | I9: Tạ Khắc Tập | K9: {=IFERROR(VLOOKUP(B9, SORT('Nhật ký nộp hồ sơ '!B:D, 'Nhật ký nộp hồ sơ '!A:A, FALSE), 3, FALSE),"")} -> Hủy | L9: =IF(K9="Hủy","ĐÃ HỦY", IF(K9="Nộp thành công - Chờ kết quả","Đã nộp", IF(K9="Hoàn thành","Hoàn thành", IF(O9="","", IF(TODAY()>O9,"QUÁ HẠN","Trong hạn") )))) -> ĐÃ HỦY | M9: Hoàn công | N9: =IFERROR(__xludf.DUMMYFUNCTION("""COMPUTED_VALUE"""),45891.0) -> 45891 | O9: 45894 | P9: =IFERROR(__xludf.DUMMYFUNCTION("IFERROR(QUERY('Nhật ký nộp hồ sơ '!A:I, ""SELECT I WHERE B = '""&B9&""' ORDER BY A DESC LIMIT 1"", 0))"),46039.0) -> 46039 | Q9: =IF(K9="Hoàn thành", P9, "") | R9: 2 | T9: TÙNG MẬP CHƯA ĐƯA GIẤY TỜ | U9: Đợi phương án | V9: Đã thanh toán
A10: 45887.496 | B10: 219/BK-2025 | C10: Hưu Văn Xưa | E10: Hiệp Bình | F10: Tuấn Lộc | H10: Lê Văn Xây | I10: Tạ Khắc Tập | K10: {=IFERROR(VLOOKUP(B10, SORT('Nhật ký nộp hồ sơ '!B:D, 'Nhật ký nộp hồ sơ '!A:A, FALSE), 3, FALSE),"")} -> Nộp thành công - Chờ kết quả | L10: =IF(K10="Hủy","ĐÃ HỦY", IF(K10="Nộp thành công - Chờ kết quả","Đã nộp", IF(K10="Hoàn thành","Hoàn thành", IF(O10="","", IF(TODAY()>O10,"QUÁ HẠN","Trong hạn") )))) -> Đã nộp | M10: Hoàn công | N10: =IFERROR(__xludf.DUMMYFUNCTION("""COMPUTED_VALUE"""),45887.0) -> 45887 | O10: 45890 | P10: =IFERROR(__xludf.DUMMYFUNCTION("IFERROR(QUERY('Nhật ký nộp hồ sơ '!A:I, ""SELECT I WHERE B = '""&B10&""' ORDER BY A DESC LIMIT 1"", 0))"),45887.0) -> 45887 | Q10: =IF(K10="Hoàn thành", P10, "") | R10: 1 | S10: Hồ sơ cũ nay mới xử lý | T10: jkhihuuh | V10: Đã thanh toán
A11: 45891.506 | B11: 230/BK-2025 | C11: Nguyễn Thanh Phong | E11: Tăng Nhơn Phú | F11: Anh Thành Thanh Tra XD | H11: Trương Tấn Quốc | I11: Tạ Khắc Tập | K11: {=IFERROR(VLOOKUP(B11, SORT('Nhật ký nộp hồ sơ '!B:D, 'Nhật ký nộp hồ sơ '!A:A, FALSE), 3, FALSE),"")} -> Hoàn thành | L11: =IF(K11="Hủy","ĐÃ HỦY", IF(K11="Nộp thành công - Chờ kết quả","Đã nộp", IF(K11="Hoàn thành","Hoàn thành", IF(O11="","", IF(TODAY()>O11,"QUÁ HẠN","Trong hạn") )))) -> Hoàn thành | M11: Hoàn công | N11: =IFERROR(__xludf.DUMMYFUNCTION("""COMPUTED_VALUE"""),45891.0) -> 45891 | O11: 45894 | P11: =IFERROR(__xludf.DUMMYFUNCTION("IFERROR(QUERY('Nhật ký nộp hồ sơ '!A:I, ""SELECT I WHERE B = '""&B11&""' ORDER BY A DESC LIMIT 1"", 0))"),45904.0) -> 45904 | Q11: =IF(K11="Hoàn thành", P11, "") -> 45904 | R11: 1 | S11: + anh Xây phụ đo, đo hoàn công, xuống đo ghé lấy bộ hồ sơ | V11: Đã thanh toán
A12: 45890.618 | B12: 253-DC/BK-2025 | C12: DC Trịnh Thị Lan Viên | E12: Phước Long | F12: Chinh Đen | H12: Nguyễn Minh Thông | I12: Không cần | K12: {=IFERROR(VLOOKUP(B12, SORT('Nhật ký nộp hồ sơ '!B:D, 'Nhật ký nộp hồ sơ '!A:A, FALSE), 3, FALSE),"")} -> Hủy | L12: =IF(K12="Hủy","ĐÃ HỦY", IF(K12="Nộp thành công - Chờ kết quả","Đã nộp", IF(K12="Hoàn thành","Hoàn thành", IF(O12="","", IF(TODAY()>O12,"QUÁ HẠN","Trong hạn") )))) -> ĐÃ HỦY | M12: Điều chỉnh bản vẽ | N12: =IFERROR(__xludf.DUMMYFUNCTION("""COMPUTED_VALUE"""),45890.0) -> 45890 | O12: 45893 | P12: =IFERROR(__xludf.DUMMYFUNCTION("IFERROR(QUERY('Nhật ký nộp hồ sơ '!A:I, ""SELECT I WHERE B = '""&B12&""' ORDER BY A DESC LIMIT 1"", 0))"),45899.0) -> 45899 | Q12: =IF(K12="Hoàn thành", P12, "") | R12: 1 | S12: Vẽ theo hiện trạng nhà xin công nhận Không gạch caro | T12: KHÔNG CÓ BẢN VẼ NHÀ MẪU TẢM HUỶ | U12: Hủy | V12: Đã thanh toán
A13: 45894.643 | B13: 263/HĐĐV/25 | C13: Bùi Thị Mai | E13: An Khánh | F13: Đạt Việt Phát Land | H13: Lê Văn Xây | I13: Lê Tấn Đạt | K13: {=IFERROR(VLOOKUP(B13, SORT('Nhật ký nộp hồ sơ '!B:D, 'Nhật ký nộp hồ sơ '!A:A, FALSE), 3, FALSE),"")} -> Hoàn thành | L13: =IF(K13="Hủy","ĐÃ HỦY", IF(K13="Nộp thành công - Chờ kết quả","Đã nộp", IF(K13="Hoàn thành","Hoàn thành", IF(O13="","", IF(TODAY()>O13,"QUÁ HẠN","Trong hạn") )))) -> Hoàn thành | M13: Hoàn công | N13: =IFERROR(__xludf.DUMMYFUNCTION("""COMPUTED_VALUE"""),45894.0) -> 45894 | O13: 45897 | P13: =IFERROR(__xludf.DUMMYFUNCTION("IFERROR(QUERY('Nhật ký nộp hồ sơ '!A:I, ""SELECT I WHERE B = '""&B13&""' ORDER BY A DESC LIMIT 1"", 0))"),45912.0) -> 45912 | Q13: =IF(K13="Hoàn thành", P13, "") -> 45912 | R13: 3 | V13: Đã thanh toán
A14: 45890.518 | B14: 269/BK-2025 | C14: Phạm Thị Linh Phương | D14: Có | E14: Hiệp Bình | F14: Chị Phấn DV | H14: Nguyễn Minh Thông | I14: Không cần | K14: {=IFERROR(VLOOKUP(B14, SORT('Nhật ký nộp hồ sơ '!B:D, 'Nhật ký nộp hồ sơ '!A:A, FALSE), 3, FALSE),"")} -> Hủy | L14: =IF(K14="Hủy","ĐÃ HỦY", IF(K14="Nộp thành công - Chờ kết quả","Đã nộp", IF(K14="Hoàn thành","Hoàn thành", IF(O14="","", IF(TODAY()>O14,"QUÁ HẠN","Trong hạn") )))) -> ĐÃ HỦY | M14: Hợp thửa | N14: =IFERROR(__xludf.DUMMYFUNCTION("""COMPUTED_VALUE"""),45890.0) -> 45890 | O14: 45893 | P14: =IFERROR(__xludf.DUMMYFUNCTION("IFERROR(QUERY('Nhật ký nộp hồ sơ '!A:I, ""SELECT I WHERE B = '""&B14&""' ORDER BY A DESC LIMIT 1"", 0))"),46039.0) -> 46039 | Q14: =IF(K14="Hoàn thành", P14, "") | R14: 1 | T14: CHUYỂN MỤC ĐÍCH CHƯA CHỐT DC CHỦ NHÀ | U14: Đợi phương án | V14: Đã thanh toán
A15: 45890.515 | B15: 270/BK-2025 | C15: Trần Thị Muối | E15: Hiệp Bình | F15: Chị Phấn DV | H15: Lê Văn Dựng | I15: Tạ Khắc Tập | K15: {=IFERROR(VLOOKUP(B15, SORT('Nhật ký nộp hồ sơ '!B:D, 'Nhật ký nộp hồ sơ '!A:A, FALSE), 3, FALSE),"")} -> Hủy | L15: =IF(K15="Hủy","ĐÃ HỦY", IF(K15="Nộp thành công - Chờ kết quả","Đã nộp", IF(K15="Hoàn thành","Hoàn thành", IF(O15="","", IF(TODAY()>O15,"QUÁ HẠN","Trong hạn") )))) -> ĐÃ HỦY | M15: Hoàn công | N15: =IFERROR(__xludf.DUMMYFUNCTION("""COMPUTED_VALUE"""),45890.0) -> 45890 | O15: 45893 | P15: =IFERROR(__xludf.DUMMYFUNCTION("IFERROR(QUERY('Nhật ký nộp hồ sơ '!A:I, ""SELECT I WHERE B = '""&B15&""' ORDER BY A DESC LIMIT 1"", 0))"),45899.0) -> 45899 | Q15: =IF(K15="Hoàn thành", P15, "") | R15: 1 | T15: sai công năng,sân có dãy nhà trọ cũ chưa tháo dở,đã báo chị phấn dv | U15: Hủy | V15: Đã thanh toán
A16: 45885.63 | B16: 272/BK-2025 | C16: Lý Văn Huệ | E16: Hiệp Bình | F16: Tùng Mập | H16: Lê Văn Dựng | I16: Võ Thành Minh | K16: {=IFERROR(VLOOKUP(B16, SORT('Nhật ký nộp hồ sơ '!B:D, 'Nhật ký nộp hồ sơ '!A:A, FALSE), 3, FALSE),"")} -> Hoàn thành | L16: =IF(K16="Hủy","ĐÃ HỦY", IF(K16="Nộp thành công - Chờ kết quả","Đã nộp", IF(K16="Hoàn thành","Hoàn thành", IF(O16="","", IF(TODAY()>O16,"QUÁ HẠN","Trong hạn") )))) -> Hoàn thành | M16: Cấp sổ lần đầu | N16: =IFERROR(__xludf.DUMMYFUNCTION("""COMPUTED_VALUE"""),45885.0) -> 45885 | O16: 45888 | P16: =IFERROR(__xludf.DUMMYFUNCTION("IFERROR(QUERY('Nhật ký nộp hồ sơ '!A:I, ""SELECT I WHERE B = '""&B16&""' ORDER BY A DESC LIMIT 1"", 0))"),45880.0) -> 45880 | Q16: =IF(K16="Hoàn thành", P16, "") -> 45880 | R16: 1 | V16: Đã thanh toán
A17: 45884.354 | B17: 273/BK-2025 | C17: Trần Ngọc Minh | E17: Hiệp Bình | F17: Tùng Mập | H17: Lê Văn Dựng | I17: Võ Thành Minh | K17: {=IFERROR(VLOOKUP(B17, SORT('Nhật ký nộp hồ sơ '!B:D, 'Nhật ký nộp hồ sơ '!A:A, FALSE), 3, FALSE),"")} -> Hoàn thành | L17: =IF(K17="Hủy","ĐÃ HỦY", IF(K17="Nộp thành công - Chờ kết quả","Đã nộp", IF(K17="Hoàn thành","Hoàn thành", IF(O17="","", IF(TODAY()>O17,"QUÁ HẠN","Trong hạn") )))) -> Hoàn thành | M17: Cấp sổ lần đầu | N17: =IFERROR(__xludf.DUMMYFUNCTION("""COMPUTED_VALUE"""),45884.0) -> 45884 | O17: 45887 | P17: =IFERROR(__xludf.DUMMYFUNCTION("IFERROR(QUERY('Nhật ký nộp hồ sơ '!A:I, ""SELECT I WHERE B = '""&B17&""' ORDER BY A DESC LIMIT 1"", 0))"),45880.0) -> 45880 | Q17: =IF(K17="Hoàn thành", P17, "") -> 45880 | R17: 1 | V17: Đã thanh toán
A18: 45884.354 | B18: 274/BK-2025 | C18: Tống Văn Đảnh | E18: Hiệp Bình | F18: Tùng Mập | H18: Lê Văn Dựng | I18: Võ Thành Minh | K18: {=IFERROR(VLOOKUP(B18, SORT('Nhật ký nộp hồ sơ '!B:D, 'Nhật ký nộp hồ sơ '!A:A, FALSE), 3, FALSE),"")} -> Hoàn thành | L18: =IF(K18="Hủy","ĐÃ HỦY", IF(K18="Nộp thành công - Chờ kết quả","Đã nộp", IF(K18="Hoàn thành","Hoàn thành", IF(O18="","", IF(TODAY()>O18,"QUÁ HẠN","Trong hạn") )))) -> Hoàn thành | M18: Cấp sổ lần đầu | N18: =IFERROR(__xludf.DUMMYFUNCTION("""COMPUTED_VALUE"""),45884.0) -> 45884 | O18: 45887 | P18: =IFERROR(__xludf.DUMMYFUNCTION("IFERROR(QUERY('Nhật ký nộp hồ sơ '!A:I, ""SELECT I WHERE B = '""&B18&""' ORDER BY A DESC LIMIT 1"", 0))"),45883.0) -> 45883 | Q18: =IF(K18="Hoàn thành", P18, "") -> 45883 | R18: 1 | V18: Đã thanh toán
A19: 45894.476 | B19: 280/BK-2025 | C19: Lý Văn Tư | D19: Có | E19: Tam Bình | F19: Cô Hoa | H19: Lê Văn Dựng | I19: Võ Thành Minh | K19: {=IFERROR(VLOOKUP(B19, SORT('Nhật ký nộp hồ sơ '!B:D, 'Nhật ký nộp hồ sơ '!A:A, FALSE), 3, FALSE),"")} -> Hoàn thành | L19: =IF(K19="Hủy","ĐÃ HỦY", IF(K19="Nộp thành công - Chờ kết quả","Đã nộp", IF(K19="Hoàn thành","Hoàn thành", IF(O19="","", IF(TODAY()>O19,"QUÁ HẠN","Trong hạn") )))) -> Hoàn thành | M19: Xác định diện tích | N19: =IFERROR(__xludf.DUMMYFUNCTION("""COMPUTED_VALUE"""),45894.0) -> 45894 | O19: 45897 | P19: =IFERROR(__xludf.DUMMYFUNCTION("IFERROR(QUERY('Nhật ký nộp hồ sơ '!A:I, ""SELECT I WHERE B = '""&B19&""' ORDER BY A DESC LIMIT 1"", 0))"),45863.0) -> 45863 | Q19: =IF(K19="Hoàn thành", P19, "") -> 45863 | R19: 1 | V19: Đã thanh toán
A20: 45890.513 | B20: 284/BK-2025 | C20: Lê Hồng Phong - Phạm Thị Mai Xuân | E20: Tam Bình | F20: Tuấn Lộc | H20: Lê Văn Xây | I20: Tạ Khắc Tập | K20: {=IFERROR(VLOOKUP(B20, SORT('Nhật ký nộp hồ sơ '!B:D, 'Nhật ký nộp hồ sơ '!A:A, FALSE), 3, FALSE),"")} -> Hủy | L20: =IF(K20="Hủy","ĐÃ HỦY", IF(K20="Nộp thành công - Chờ kết quả","Đã nộp", IF(K20="Hoàn thành","Hoàn thành", IF(O20="","", IF(TODAY()>O20,"QUÁ HẠN","Trong hạn") )))) -> ĐÃ HỦY | M20: Hoàn công | N20: =IFERROR(__xludf.DUMMYFUNCTION("""COMPUTED_VALUE"""),45890.0) -> 45890 | O20: 45893 | P20: =IFERROR(__xludf.DUMMYFUNCTION("IFERROR(QUERY('Nhật ký nộp hồ sơ '!A:I, ""SELECT I WHERE B = '""&B20&""' ORDER BY A DESC LIMIT 1"", 0))"),46038.0) -> 46038 | Q20: =IF(K20="Hoàn thành", P20, "") | R20: 3 | T20: đã đo dịch vụ báo chờ | U20: Đợi phương án | V20: Đã thanh toán
A21: 45890.621 | B21: 285/BK-2025 | C21: Nguyễn Văn Cơ | E21: Hiệp Bình | F21: Anh Minh DV HBP | H21: Lê Văn Dựng | I21: Không cần | K21: {=IFERROR(VLOOKUP(B21, SORT('Nhật ký nộp hồ sơ '!B:D, 'Nhật ký nộp hồ sơ '!A:A, FALSE), 3, FALSE),"")} -> Hoàn thành | L21: =IF(K21="Hủy","ĐÃ HỦY", IF(K21="Nộp thành công - Chờ kết quả","Đã nộp", IF(K21="Hoàn thành","Hoàn thành", IF(O21="","", IF(TODAY()>O21,"QUÁ HẠN","Trong hạn") )))) -> Hoàn thành | M21: Cấp đổi | N21: =IFERROR(__xludf.DUMMYFUNCTION("""COMPUTED_VALUE"""),45890.0) -> 45890 | O21: 45893 | P21: =IFERROR(__xludf.DUMMYFUNCTION("IFERROR(QUERY('Nhật ký nộp hồ sơ '!A:I, ""SELECT I WHERE B = '""&B21&""' ORDER BY A DESC LIMIT 1"", 0))"),46044.0) -> 46044 | Q21: =IF(K21="Hoàn thành", P21, "") -> 46044 | R21: 1 | T21: chờ minh dv làm việc với chủ nhà(80% hủy) | U21: Đợi phương án | V21: Đã thanh toán
A22: 45891.46 | B22: 293-DC/BK-2025 | C22: Nguyễn Quang Đạt - Nguyễn Thị Quảng | E22: An Khánh | F22: Tấn Hiếu DV | H22: Lê Văn Dựng | I22: Không cần | K22: {=IFERROR(VLOOKUP(B22, SORT('Nhật ký nộp hồ sơ '!B:D, 'Nhật ký nộp hồ sơ '!A:A, FALSE), 3, FALSE),"")} -> Hoàn thành | L22: =IF(K22="Hủy","ĐÃ HỦY", IF(K22="Nộp thành công - Chờ kết quả","Đã nộp", IF(K22="Hoàn thành","Hoàn thành", IF(O22="","", IF(TODAY()>O22,"QUÁ HẠN","Trong hạn") )))) -> Hoàn thành | M22: Điều chỉnh bản vẽ | N22: =IFERROR(__xludf.DUMMYFUNCTION("""COMPUTED_VALUE"""),45891.0) -> 45891 | O22: 45894 | P22: =IFERROR(__xludf.DUMMYFUNCTION("IFERROR(QUERY('Nhật ký nộp hồ sơ '!A:I, ""SELECT I WHERE B = '""&B22&""' ORDER BY A DESC LIMIT 1"", 0))"),45877.0) -> 45877 | Q22: =IF(K22="Hoàn thành", P22, "") -> 45877 | R22: 1 | S22: Lỗi nhân sự | V22: Đã thanh toán
A23: 45894.588 | B23: 296/HĐĐV/25 | C23: Trương Thị Gái | E23: Hiệp Bình | F23: Đạt Việt Phát Land | H23: Lê Văn Xây | I23: Lê Tấn Đạt | K23: {=IFERROR(VLOOKUP(B23, SORT('Nhật ký nộp hồ sơ '!B:D, 'Nhật ký nộp hồ sơ '!A:A, FALSE), 3, FALSE),"")} -> Hoàn thành | L23: =IF(K23="Hủy","ĐÃ HỦY", IF(K23="Nộp thành công - Chờ kết quả","Đã nộp", IF(K23="Hoàn thành","Hoàn thành", IF(O23="","", IF(TODAY()>O23,"QUÁ HẠN","Trong hạn") )))) -> Hoàn thành | M23: Cấp đổi | N23: =IFERROR(__xludf.DUMMYFUNCTION("""COMPUTED_VALUE"""),45894.0) -> 45894 | O23: 45897 | P23: =IFERROR(__xludf.DUMMYFUNCTION("IFERROR(QUERY('Nhật ký nộp hồ sơ '!A:I, ""SELECT I WHERE B = '""&B23&""' ORDER BY A DESC LIMIT 1"", 0))"),45904.0) -> 45904 | Q23: =IF(K23="Hoàn thành", P23, "") -> 45904 | R23: 4 | V23: Đã thanh toán
A24: 45897.503 | B24: 299-1/BK-2025 | C24: Nguyễn Văn Có | D24: Có | E24: Thủ Đức | F24: Anh Cường Sài Gòn DV | H24: Nguyễn Minh Thông | I24: Tạ Khắc Tập | K24: {=IFERROR(VLOOKUP(B24, SORT('Nhật ký nộp hồ sơ '!B:D, 'Nhật ký nộp hồ sơ '!A:A, FALSE), 3, FALSE),"")} -> Hoàn thành | L24: =IF(K24="Hủy","ĐÃ HỦY", IF(K24="Nộp thành công - Chờ kết quả","Đã nộp", IF(K24="Hoàn thành","Hoàn thành", IF(O24="","", IF(TODAY()>O24,"QUÁ HẠN","Trong hạn") )))) -> Hoàn thành | M24: Cấp đổi | N24: =IFERROR(__xludf.DUMMYFUNCTION("""COMPUTED_VALUE"""),45897.0) -> 45897 | O24: 45900 | P24: =IFERROR(__xludf.DUMMYFUNCTION("IFERROR(QUERY('Nhật ký nộp hồ sơ '!A:I, ""SELECT I WHERE B = '""&B24&""' ORDER BY A DESC LIMIT 1"", 0))"),45897.0) -> 45897 | Q24: =IF(K24="Hoàn thành", P24, "") -> 45897 | R24: 3 | V24: Đã thanh toán
A25: 45890.507 | B25: 302/BK-2025 | C25: Trần Quốc Tuấn | E25: Tam Bình | F25: Tuấn Đen | H25: Lê Văn Xây | I25: Lê Tấn Đạt | K25: {=IFERROR(VLOOKUP(B25, SORT('Nhật ký nộp hồ sơ '!B:D, 'Nhật ký nộp hồ sơ '!A:A, FALSE), 3, FALSE),"")} -> Hủy | L25: =IF(K25="Hủy","ĐÃ HỦY", IF(K25="Nộp thành công - Chờ kết quả","Đã nộp", IF(K25="Hoàn thành","Hoàn thành", IF(O25="","", IF(TODAY()>O25,"QUÁ HẠN","Trong hạn") )))) -> ĐÃ HỦY | M25: Cấp đổi | N25: =IFERROR(__xludf.DUMMYFUNCTION("""COMPUTED_VALUE"""),45890.0) -> 45890 | O25: 45893 | P25: =IFERROR(__xludf.DUMMYFUNCTION("IFERROR(QUERY('Nhật ký nộp hồ sơ '!A:I, ""SELECT I WHERE B = '""&B25&""' ORDER BY A DESC LIMIT 1"", 0))"),45899.0) -> 45899 | Q25: =IF(K25="Hoàn thành", P25, "") | R25: 1 | T25: sai hien trang huy | U25: Hủy | V25: Đã thanh toán
A26: 45891.494 | B26: 304/BK-2025 | C26: Lê Tiến Phong - Lê Nguyên Phương | E26: Tăng Nhơn Phú | F26: Tuấn Đen | H26: Tạ Khắc Tập | I26: Lê Tấn Đạt | K26: {=IFERROR(VLOOKUP(B26, SORT('Nhật ký nộp hồ sơ '!B:D, 'Nhật ký nộp hồ sơ '!A:A, FALSE), 3, FALSE),"")} -> Hoàn thành | L26: =IF(K26="Hủy","ĐÃ HỦY", IF(K26="Nộp thành công - Chờ kết quả","Đã nộp", IF(K26="Hoàn thành","Hoàn thành", IF(O26="","", IF(TODAY()>O26,"QUÁ HẠN","Trong hạn") )))) -> Hoàn thành | M26: Cấp đổi | N26: =IFERROR(__xludf.DUMMYFUNCTION("""COMPUTED_VALUE"""),45891.0) -> 45891 | O26: 45894 | P26: =IFERROR(__xludf.DUMMYFUNCTION("IFERROR(QUERY('Nhật ký nộp hồ sơ '!A:I, ""SELECT I WHERE B = '""&B26&""' ORDER BY A DESC LIMIT 1"", 0))"),45881.0) -> 45881 | Q26: =IF(K26="Hoàn thành", P26, "") -> 45881 | R26: 1 | V26: Đã thanh toán
A27: 45890.493 | B27: 305/BK-2025 | C27: Đoàn Trọng Ân | D27: Có | E27: Linh Xuân | F27: Công Ty | G27: 0901936357 | H27: Lê Văn Xây | I27: Lê Tấn Đạt | K27: {=IFERROR(VLOOKUP(B27, SORT('Nhật ký nộp hồ sơ '!B:D, 'Nhật ký nộp hồ sơ '!A:A, FALSE), 3, FALSE),"")} -> Hoàn thành | L27: =IF(K27="Hủy","ĐÃ HỦY", IF(K27="Nộp thành công - Chờ kết quả","Đã nộp", IF(K27="Hoàn thành","Hoàn thành", IF(O27="","", IF(TODAY()>O27,"QUÁ HẠN","Trong hạn") )))) -> Hoàn thành | M27: Tách Thửa | N27: =IFERROR(__xludf.DUMMYFUNCTION("""COMPUTED_VALUE"""),45890.0) -> 45890 | O27: 45893 | P27: =IFERROR(__xludf.DUMMYFUNCTION("IFERROR(QUERY('Nhật ký nộp hồ sơ '!A:I, ""SELECT I WHERE B = '""&B27&""' ORDER BY A DESC LIMIT 1"", 0))"),46037.0) -> 46037 | Q27: =IF(K27="Hoàn thành", P27, "") -> 46037 | R27: 1 | T27: sai hien trang cho phuong an chu nha | U27: Đợi phương án | V27: Đã thanh toán
A28: 45891.491 | B28: 309/BK-2025 | C28: Ngô Thị Hồng Khanh | E28: Tăng Nhơn Phú | F28: Công Ty | G28: 0374674853 | H28: Lê Văn Dựng | I28: Lê Tấn Đạt | K28: {=IFERROR(VLOOKUP(B28, SORT('Nhật ký nộp hồ sơ '!B:D, 'Nhật ký nộp hồ sơ '!A:A, FALSE), 3, FALSE),"")} -> Hoàn thành | L28: =IF(K28="Hủy","ĐÃ HỦY", IF(K28="Nộp thành công - Chờ kết quả","Đã nộp", IF(K28="Hoàn thành","Hoàn thành", IF(O28="","", IF(TODAY()>O28,"QUÁ HẠN","Trong hạn") )))) -> Hoàn thành | M28: Cấp đổi | N28: =IFERROR(__xludf.DUMMYFUNCTION("""COMPUTED_VALUE"""),45891.0) -> 45891 | O28: 45894 | P28: =IFERROR(__xludf.DUMMYFUNCTION("IFERROR(QUERY('Nhật ký nộp hồ sơ '!A:I, ""SELECT I WHERE B = '""&B28&""' ORDER BY A DESC LIMIT 1"", 0))"),45877.0) -> 45877 | Q28: =IF(K28="Hoàn thành", P28, "") -> 45877 | R28: 1 | S28: chạy toạ độ hết sát đất, gạch sọc phần chưa được công nhận | V28: Đã thanh toán
A29: 45891.489 | B29: 310/BK-2025 | C29: Lê Văn Châu | E29: Long Phước | F29: Công Ty | G29: 0913926672 | H29: Lê Văn Dựng | I29: Không cần | K29: {=IFERROR(VLOOKUP(B29, SORT('Nhật ký nộp hồ sơ '!B:D, 'Nhật ký nộp hồ sơ '!A:A, FALSE), 3, FALSE),"")} -> Hoàn thành | L29: =IF(K29="Hủy","ĐÃ HỦY", IF(K29="Nộp thành công - Chờ kết quả","Đã nộp", IF(K29="Hoàn thành","Hoàn thành", IF(O29="","", IF(TODAY()>O29,"QUÁ HẠN","Trong hạn") )))) -> Hoàn thành | M29: Cấp sổ lần đầu | N29: =IFERROR(__xludf.DUMMYFUNCTION("""COMPUTED_VALUE"""),45891.0) -> 45891 | O29: 45894 | P29: =IFERROR(__xludf.DUMMYFUNCTION("IFERROR(QUERY('Nhật ký nộp hồ sơ '!A:I, ""SELECT I WHERE B = '""&B29&""' ORDER BY A DESC LIMIT 1"", 0))"),45867.0) -> 45867 | Q29: =IF(K29="Hoàn thành", P29, "") -> 45867 | R29: 1 | S29: có thể đo GPS | V29: Đã thanh toán
A30: 45894.367 | B30: 311-2/BK-2025 | C30: Lê Văn Châu | E30: Long Phước | F30: Công Ty | G30: 0913926672 | H30: Lê Văn Dựng | I30: Không cần | K30: {=IFERROR(VLOOKUP(B30, SORT('Nhật ký nộp hồ sơ '!B:D, 'Nhật ký nộp hồ sơ '!A:A, FALSE), 3, FALSE),"")} -> Hoàn thành | L30: =IF(K30="Hủy","ĐÃ HỦY", IF(K30="Nộp thành công - Chờ kết quả","Đã nộp", IF(K30="Hoàn thành","Hoàn thành", IF(O30="","", IF(TODAY()>O30,"QUÁ HẠN","Trong hạn") )))) -> Hoàn thành | M30: Đo GPS | N30: =IFERROR(__xludf.DUMMYFUNCTION("""COMPUTED_VALUE"""),45894.0) -> 45894 | O30: 45897 | P30: =IFERROR(__xludf.DUMMYFUNCTION("IFERROR(QUERY('Nhật ký nộp hồ sơ '!A:I, ""SELECT I WHERE B = '""&B30&""' ORDER BY A DESC LIMIT 1"", 0))"),45867.0) -> 45867 | Q30: =IF(K30="Hoàn thành", P30, "") -> 45867 | R30: 1 | V30: Đã thanh toán
A31: 45891.482 | B31: 311/BK-2025 | C31: Lê Văn Châu | E31: Long Phước | F31: Công Ty | G31: 0913926672 | H31: Lê Văn Dựng | I31: Không cần | K31: {=IFERROR(VLOOKUP(B31, SORT('Nhật ký nộp hồ sơ '!B:D, 'Nhật ký nộp hồ sơ '!A:A, FALSE), 3, FALSE),"")} -> Hoàn thành | L31: =IF(K31="Hủy","ĐÃ HỦY", IF(K31="Nộp thành công - Chờ kết quả","Đã nộp", IF(K31="Hoàn thành","Hoàn thành", IF(O31="","", IF(TODAY()>O31,"QUÁ HẠN","Trong hạn") )))) -> Hoàn thành | M31: Cấp sổ lần đầu | N31: =IFERROR(__xludf.DUMMYFUNCTION("""COMPUTED_VALUE"""),45891.0) -> 45891 | O31: 45894 | P31: =IFERROR(__xludf.DUMMYFUNCTION("IFERROR(QUERY('Nhật ký nộp hồ sơ '!A:I, ""SELECT I WHERE B = '""&B31&""' ORDER BY A DESC LIMIT 1"", 0))"),45867.0) -> 45867 | Q31: =IF(K31="Hoàn thành", P31, "") -> 45867 | R31: 2 | S31: HỢP THỨC HOÁ BỔ SUNG | V31: Đã thanh toán
A32: 45891.479 | B32: 312/BK-2025 | C32: Nguyễn Xuân Quang - Trần Thị Bé Loan | E32: Long Trường | F32: Khangdien home | G32: 0908119226 | H32: Lê Văn Dựng | I32: Lê Tấn Đạt | K32: {=IFERROR(VLOOKUP(B32, SORT('Nhật ký nộp hồ sơ '!B:D, 'Nhật ký nộp hồ sơ '!A:A, FALSE), 3, FALSE),"")} -> Hoàn thành | L32: =IF(K32="Hủy","ĐÃ HỦY", IF(K32="Nộp thành công - Chờ kết quả","Đã nộp", IF(K32="Hoàn thành","Hoàn thành", IF(O32="","", IF(TODAY()>O32,"QUÁ HẠN","Trong hạn") )))) -> Hoàn thành | M32: Cấp đổi | N32: =IFERROR(__xludf.DUMMYFUNCTION("""COMPUTED_VALUE"""),45891.0) -> 45891 | O32: 45894 | P32: =IFERROR(__xludf.DUMMYFUNCTION("IFERROR(QUERY('Nhật ký nộp hồ sơ '!A:I, ""SELECT I WHERE B = '""&B32&""' ORDER BY A DESC LIMIT 1"", 0))"),45882.0) -> 45882 | Q32: =IF(K32="Hoàn thành", P32, "") -> 45882 | R32: 1 | S32: mai 3h bên anh có mặt ở địa chỉ 36 1D Melosa Khang Điền, chủ nhà sẽ dẫn anh xuống lô đất nông nghiệp đó nha, sau đó 4h hơn anh quay về Mega Village 103 N2 để đo nhà đó nha anh + lấy bộ hso | V32: Đã thanh toán
A33: 45894.437 | B33: 313-2/BK-2025 | C33: Nguyễn Ngọc Thuần | E33: Long Trường | F33: Công Ty | G33: 0919171713 | H33: Lê Văn Dựng | I33: Không cần | K33: {=IFERROR(VLOOKUP(B33, SORT('Nhật ký nộp hồ sơ '!B:D, 'Nhật ký nộp hồ sơ '!A:A, FALSE), 3, FALSE),"")} -> Hoàn thành | L33: =IF(K33="Hủy","ĐÃ HỦY", IF(K33="Nộp thành công - Chờ kết quả","Đã nộp", IF(K33="Hoàn thành","Hoàn thành", IF(O33="","", IF(TODAY()>O33,"QUÁ HẠN","Trong hạn") )))) -> Hoàn thành | M33: Đo GPS | N33: =IFERROR(__xludf.DUMMYFUNCTION("""COMPUTED_VALUE"""),45894.0) -> 45894 | O33: 45897 | P33: =IFERROR(__xludf.DUMMYFUNCTION("IFERROR(QUERY('Nhật ký nộp hồ sơ '!A:I, ""SELECT I WHERE B = '""&B33&""' ORDER BY A DESC LIMIT 1"", 0))"),45869.0) -> 45869 | Q33: =IF(K33="Hoàn thành", P33, "") -> 45869 | R33: 4 | V33: Đã thanh toán
A34: 45891.472 | B34: 313/BK-2025 | C34: Nguyễn Ngọc Thuần | E34: Long Trường | F34: Công Ty | G34: 0919171713 | H34: Lê Văn Dựng | I34: Lê Tấn Đạt | K34: {=IFERROR(VLOOKUP(B34, SORT('Nhật ký nộp hồ sơ '!B:D, 'Nhật ký nộp hồ sơ '!A:A, FALSE), 3, FALSE),"")} -> Hoàn thành | L34: =IF(K34="Hủy","ĐÃ HỦY", IF(K34="Nộp thành công - Chờ kết quả","Đã nộp", IF(K34="Hoàn thành","Hoàn thành", IF(O34="","", IF(TODAY()>O34,"QUÁ HẠN","Trong hạn") )))) -> Hoàn thành | M34: Cấp đổi | N34: =IFERROR(__xludf.DUMMYFUNCTION("""COMPUTED_VALUE"""),45891.0) -> 45891 | O34: 45894 | P34: =IFERROR(__xludf.DUMMYFUNCTION("IFERROR(QUERY('Nhật ký nộp hồ sơ '!A:I, ""SELECT I WHERE B = '""&B34&""' ORDER BY A DESC LIMIT 1"", 0))"),45895.0) -> 45895 | Q34: =IF(K34="Hoàn thành", P34, "") -> 45895 | R34: 4 | S34: mai 3h bên anh có mặt ở địa chỉ 36 1D Melosa Khang Điền, chủ nhà sẽ dẫn anh xuống lô đất nông nghiệp đó nha + lấy bộ hso + có thể đo thêm GPS | V34: Đã thanh toán
A35: 45891.468 | B35: 315/BK-2025 | C35: Trương Ngọc Yên | E35: Hiệp Bình | F35: Anh Lý Luật Sư | H35: Tạ Khắc Tập | I35: Trương Tấn Quốc | K35: {=IFERROR(VLOOKUP(B35, SORT('Nhật ký nộp hồ sơ '!B:D, 'Nhật ký nộp hồ sơ '!A:A, FALSE), 3, FALSE),"")} -> Hoàn thành | L35: =IF(K35="Hủy","ĐÃ HỦY", IF(K35="Nộp thành công - Chờ kết quả","Đã nộp", IF(K35="Hoàn thành","Hoàn thành", IF(O35="","", IF(TODAY()>O35,"QUÁ HẠN","Trong hạn") )))) -> Hoàn thành | M35: Cấp sổ lần đầu | N35: =IFERROR(__xludf.DUMMYFUNCTION("""COMPUTED_VALUE"""),45891.0) -> 45891 | O35: 45894 | P35: =IFERROR(__xludf.DUMMYFUNCTION("IFERROR(QUERY('Nhật ký nộp hồ sơ '!A:I, ""SELECT I WHERE B = '""&B35&""' ORDER BY A DESC LIMIT 1"", 0))"),45870.0) -> 45870 | Q35: =IF(K35="Hoàn thành", P35, "") -> 45870 | R35: 2 | V35: Đã thanh toán
A36: 45894.478 | B36: 316/BK-2025 | C36: Đỗ Đình Cẩn | D36: Có | E36: Tam Bình | F36: Cô Hoa | H36: Lê Văn Xây | I36: Lê Tấn Đạt | K36: {=IFERROR(VLOOKUP(B36, SORT('Nhật ký nộp hồ sơ '!B:D, 'Nhật ký nộp hồ sơ '!A:A, FALSE), 3, FALSE),"")} -> Hoàn thành | L36: =IF(K36="Hủy","ĐÃ HỦY", IF(K36="Nộp thành công - Chờ kết quả","Đã nộp", IF(K36="Hoàn thành","Hoàn thành", IF(O36="","", IF(TODAY()>O36,"QUÁ HẠN","Trong hạn") )))) -> Hoàn thành | M36: Cấp đổi | N36: =IFERROR(__xludf.DUMMYFUNCTION("""COMPUTED_VALUE"""),45894.0) -> 45894 | O36: 45897 | P36: =IFERROR(__xludf.DUMMYFUNCTION("IFERROR(QUERY('Nhật ký nộp hồ sơ '!A:I, ""SELECT I WHERE B = '""&B36&""' ORDER BY A DESC LIMIT 1"", 0))"),45890.0) -> 45890 | Q36: =IF(K36="Hoàn thành", P36, "") -> 45890 | R36: 2 | V36: Đã thanh toán
A37: 45894.481 | B37: 317/BK-2025 | C37: Lê Văn Lý | D37: Có | E37: Hiệp Bình | F37: Anh Sơn Hải DV | H37: Nguyễn Minh Thông | I37: Lê Tấn Đạt | K37: {=IFERROR(VLOOKUP(B37, SORT('Nhật ký nộp hồ sơ '!B:D, 'Nhật ký nộp hồ sơ '!A:A, FALSE), 3, FALSE),"")} -> Hoàn thành | L37: =IF(K37="Hủy","ĐÃ HỦY", IF(K37="Nộp thành công - Chờ kết quả","Đã nộp", IF(K37="Hoàn thành","Hoàn thành", IF(O37="","", IF(TODAY()>O37,"QUÁ HẠN","Trong hạn") )))) -> Hoàn thành | M37: Cấp đổi | N37: =IFERROR(__xludf.DUMMYFUNCTION("""COMPUTED_VALUE"""),45894.0) -> 45894 | O37: 45897 | P37: =IFERROR(__xludf.DUMMYFUNCTION("IFERROR(QUERY('Nhật ký nộp hồ sơ '!A:I, ""SELECT I WHERE B = '""&B37&""' ORDER BY A DESC LIMIT 1"", 0))"),45910.0) -> 45910 | Q37: =IF(K37="Hoàn thành", P37, "") -> 45910 | R37: 1 | V37: Đã thanh toán
A38: 45891.467 | B38: 318/BK-2025 | C38: Lê Thị Minh Trang - Trần Văn Hiếu | E38: Tăng Nhơn Phú | F38: Chinh Đen | H38: Nguyễn Minh Thông | I38: Không cần | K38: {=IFERROR(VLOOKUP(B38, SORT('Nhật ký nộp hồ sơ '!B:D, 'Nhật ký nộp hồ sơ '!A:A, FALSE), 3, FALSE),"")} -> Hoàn thành | L38: =IF(K38="Hủy","ĐÃ HỦY", IF(K38="Nộp thành công - Chờ kết quả","Đã nộp", IF(K38="Hoàn thành","Hoàn thành", IF(O38="","", IF(TODAY()>O38,"QUÁ HẠN","Trong hạn") )))) -> Hoàn thành | M38: Cấp đổi | N38: =IFERROR(__xludf.DUMMYFUNCTION("""COMPUTED_VALUE"""),45891.0) -> 45891 | O38: 45894 | P38: =IFERROR(__xludf.DUMMYFUNCTION("IFERROR(QUERY('Nhật ký nộp hồ sơ '!A:I, ""SELECT I WHERE B = '""&B38&""' ORDER BY A DESC LIMIT 1"", 0))"),45891.0) -> 45891 | Q38: =IF(K38="Hoàn thành", P38, "") -> 45891 | R38: 2 | V38: Đã thanh toán
A39: 45890.478 | B39: 319/BK-2025 | C39: Hoàng Thanh Vinh | E39: Hiệp Bình | F39: Tuấn Đen | H39: Lê Văn Xây | I39: Lê Tấn Đạt | K39: {=IFERROR(VLOOKUP(B39, SORT('Nhật ký nộp hồ sơ '!B:D, 'Nhật ký nộp hồ sơ '!A:A, FALSE), 3, FALSE),"")} -> Hủy | L39: =IF(K39="Hủy","ĐÃ HỦY", IF(K39="Nộp thành công - Chờ kết quả","Đã nộp", IF(K39="Hoàn thành","Hoàn thành", IF(O39="","", IF(TODAY()>O39,"QUÁ HẠN","Trong hạn") )))) -> ĐÃ HỦY | M39: Hoàn công | N39: =IFERROR(__xludf.DUMMYFUNCTION("""COMPUTED_VALUE"""),45890.0) -> 45890 | O39: 45893 | P39: =IFERROR(__xludf.DUMMYFUNCTION("IFERROR(QUERY('Nhật ký nộp hồ sơ '!A:I, ""SELECT I WHERE B = '""&B39&""' ORDER BY A DESC LIMIT 1"", 0))"),45905.0) -> 45905 | Q39: =IF(K39="Hoàn thành", P39, "") | R39: 1 | T39: hs sai hien trang | U39: Đợi phương án | V39: Đã thanh toán
A40: 45891.497 | B40: 32-GPS/BK-2025 | C40: Lý Thị Thuỳ Dung | D40: Có | E40: Tam Bình | F40: Cô Hoa | H40: Lê Văn Dựng | I40: Không cần | K40: {=IFERROR(VLOOKUP(B40, SORT('Nhật ký nộp hồ sơ '!B:D, 'Nhật ký nộp hồ sơ '!A:A, FALSE), 3, FALSE),"")} -> Hoàn thành | L40: =IF(K40="Hủy","ĐÃ HỦY", IF(K40="Nộp thành công - Chờ kết quả","Đã nộp", IF(K40="Hoàn thành","Hoàn thành", IF(O40="","", IF(TODAY()>O40,"QUÁ HẠN","Trong hạn") )))) -> Hoàn thành | M40: Đo GPS | N40: =IFERROR(__xludf.DUMMYFUNCTION("""COMPUTED_VALUE"""),45891.0) -> 45891 | O40: 45894 | P40: =IFERROR(__xludf.DUMMYFUNCTION("IFERROR(QUERY('Nhật ký nộp hồ sơ '!A:I, ""SELECT I WHERE B = '""&B40&""' ORDER BY A DESC LIMIT 1"", 0))"),45849.0) -> 45849 | Q40: =IF(K40="Hoàn thành", P40, "") -> 45849 | R40: 1 | V40: Đã thanh toán
A41: 45891.581 | B41: 320/BK-2025 | C41: Chị Xuân | E41: Thủ Đức | F41: Chị Xuân DV | H41: Nguyễn Minh Thông | I41: Lê Tấn Đạt | K41: {=IFERROR(VLOOKUP(B41, SORT('Nhật ký nộp hồ sơ '!B:D, 'Nhật ký nộp hồ sơ '!A:A, FALSE), 3, FALSE),"")} -> Hủy | L41: =IF(K41="Hủy","ĐÃ HỦY", IF(K41="Nộp thành công - Chờ kết quả","Đã nộp", IF(K41="Hoàn thành","Hoàn thành", IF(O41="","", IF(TODAY()>O41,"QUÁ HẠN","Trong hạn") )))) -> ĐÃ HỦY | M41: Tách Thửa | N41: =IFERROR(__xludf.DUMMYFUNCTION("""COMPUTED_VALUE"""),45891.0) -> 45891 | O41: 45894 | P41: =IFERROR(__xludf.DUMMYFUNCTION("IFERROR(QUERY('Nhật ký nộp hồ sơ '!A:I, ""SELECT I WHERE B = '""&B41&""' ORDER BY A DESC LIMIT 1"", 0))"),45874.0) -> 45874 | Q41: =IF(K41="Hoàn thành", P41, "") | R41: 2 | S41: + Anh Xây phụ đo | T41: VẼ XONG K ĐỦ TẠCH 5 LÔ NÊN BÀ K CHỊU | U41: Hủy | V41: Đã thanh toán
A42: 45891.456 | B42: 321/BK-2025 | C42: CMĐ Cô Hoa (C Tú) | D42: Có | E42: Tam Bình | F42: Cô Hoa | H42: Tạ Khắc Tập | I42: Trương Tấn Quốc | K42: {=IFERROR(VLOOKUP(B42, SORT('Nhật ký nộp hồ sơ '!B:D, 'Nhật ký nộp hồ sơ '!A:A, FALSE), 3, FALSE),"")} -> Hoàn thành | L42: =IF(K42="Hủy","ĐÃ HỦY", IF(K42="Nộp thành công - Chờ kết quả","Đã nộp", IF(K42="Hoàn thành","Hoàn thành", IF(O42="","", IF(TODAY()>O42,"QUÁ HẠN","Trong hạn") )))) -> Hoàn thành | M42: Chuyển mục đích | N42: =IFERROR(__xludf.DUMMYFUNCTION("""COMPUTED_VALUE"""),45891.0) -> 45891 | O42: 45894 | P42: =IFERROR(__xludf.DUMMYFUNCTION("IFERROR(QUERY('Nhật ký nộp hồ sơ '!A:I, ""SELECT I WHERE B = '""&B42&""' ORDER BY A DESC LIMIT 1"", 0))"),45874.0) -> 45874 | Q42: =IF(K42="Hoàn thành", P42, "") -> 45874 | R42: 1 | S42: Lấy bộ hso | V42: Đã thanh toán
A43: 45891.454 | B43: 322/BK-2025 | C43: Lê Thị Thanh Thảo | D43: Có | E43: Tam Bình | F43: Cô Hoa | H43: Tạ Khắc Tập | I43: Trương Tấn Quốc | K43: {=IFERROR(VLOOKUP(B43, SORT('Nhật ký nộp hồ sơ '!B:D, 'Nhật ký nộp hồ sơ '!A:A, FALSE), 3, FALSE),"")} -> Hoàn thành | L43: =IF(K43="Hủy","ĐÃ HỦY", IF(K43="Nộp thành công - Chờ kết quả","Đã nộp", IF(K43="Hoàn thành","Hoàn thành", IF(O43="","", IF(TODAY()>O43,"QUÁ HẠN","Trong hạn") )))) -> Hoàn thành | M43: Cấp sổ lần đầu | N43: =IFERROR(__xludf.DUMMYFUNCTION("""COMPUTED_VALUE"""),45891.0) -> 45891 | O43: 45894 | P43: =IFERROR(__xludf.DUMMYFUNCTION("IFERROR(QUERY('Nhật ký nộp hồ sơ '!A:I, ""SELECT I WHERE B = '""&B43&""' ORDER BY A DESC LIMIT 1"", 0))"),45875.0) -> 45875 | Q43: =IF(K43="Hoàn thành", P43, "") -> 45875 | R43: 2 | S43: Lấy bộ hso | V43: Đã thanh toán
A44: 45891.452 | B44: 323/BK-2025 | C44: Trần Ngọc Mạnh | E44: Cát Lái | F44: Anh Xuất Kiểm Định | H44: Trương Tấn Quốc | I44: Không cần | K44: {=IFERROR(VLOOKUP(B44, SORT('Nhật ký nộp hồ sơ '!B:D, 'Nhật ký nộp hồ sơ '!A:A, FALSE), 3, FALSE),"")} -> Hoàn thành | L44: =IF(K44="Hủy","ĐÃ HỦY", IF(K44="Nộp thành công - Chờ kết quả","Đã nộp", IF(K44="Hoàn thành","Hoàn thành", IF(O44="","", IF(TODAY()>O44,"QUÁ HẠN","Trong hạn") )))) -> Hoàn thành | M44: Cấp đổi | N44: =IFERROR(__xludf.DUMMYFUNCTION("""COMPUTED_VALUE"""),45891.0) -> 45891 | O44: 45894 | P44: =IFERROR(__xludf.DUMMYFUNCTION("IFERROR(QUERY('Nhật ký nộp hồ sơ '!A:I, ""SELECT I WHERE B = '""&B44&""' ORDER BY A DESC LIMIT 1"", 0))"),45883.0) -> 45883 | Q44: =IF(K44="Hoàn thành", P44, "") -> 45883 | R44: 3 | V44: Đã thanh toán
A45: 45891.449 | B45: 324/BK-2025 | C45: Đinh Thị Mỹ Linh | E45: Hiệp Bình | F45: Anh Long PCT | H45: Lê Văn Dựng | I45: Không cần | K45: {=IFERROR(VLOOKUP(B45, SORT('Nhật ký nộp hồ sơ '!B:D, 'Nhật ký nộp hồ sơ '!A:A, FALSE), 3, FALSE),"")} -> Hoàn thành | L45: =IF(K45="Hủy","ĐÃ HỦY", IF(K45="Nộp thành công - Chờ kết quả","Đã nộp", IF(K45="Hoàn thành","Hoàn thành", IF(O45="","", IF(TODAY()>O45,"QUÁ HẠN","Trong hạn") )))) -> Hoàn thành | M45: Cấp đổi | N45: =IFERROR(__xludf.DUMMYFUNCTION("""COMPUTED_VALUE"""),45891.0) -> 45891 | O45: 45894 | P45: =IFERROR(__xludf.DUMMYFUNCTION("IFERROR(QUERY('Nhật ký nộp hồ sơ '!A:I, ""SELECT I WHERE B = '""&B45&""' ORDER BY A DESC LIMIT 1"", 0))"),45897.0) -> 45897 | Q45: =IF(K45="Hoàn thành", P45, "") -> 45897 | R45: 1 | S45: chủ động đo đất trống | V45: Đã thanh toán
A46: 45891.439 | B46: 325/BK-2025 | C46: Bùi Hồng Nhung | E46: Tam Bình | F46: Công Ty | H46: Trương Tấn Quốc | I46: Không cần | K46: {=IFERROR(VLOOKUP(B46, SORT('Nhật ký nộp hồ sơ '!B:D, 'Nhật ký nộp hồ sơ '!A:A, FALSE), 3, FALSE),"")} -> Hoàn thành | L46: =IF(K46="Hủy","ĐÃ HỦY", IF(K46="Nộp thành công - Chờ kết quả","Đã nộp", IF(K46="Hoàn thành","Hoàn thành", IF(O46="","", IF(TODAY()>O46,"QUÁ HẠN","Trong hạn") )))) -> Hoàn thành | M46: Điều chỉnh bản vẽ | N46: =IFERROR(__xludf.DUMMYFUNCTION("""COMPUTED_VALUE"""),45891.0) -> 45891 | O46: 45894 | P46: =IFERROR(__xludf.DUMMYFUNCTION("IFERROR(QUERY('Nhật ký nộp hồ sơ '!A:I, ""SELECT I WHERE B = '""&B46&""' ORDER BY A DESC LIMIT 1"", 0))"),45876.0) -> 45876 | Q46: =IF(K46="Hoàn thành", P46, "") -> 45876 | R46: 6 | S46: không thấy sdt | V46: Đã thanh toán
A47: 45891.378 | B47: 326-1/BK-2025 | C47: Tiêu Văn Hiền | E47: Hiệp Bình | F47: Anh Lý Luật Sư | H47: Trương Tấn Quốc | I47: Tạ Khắc Tập | K47: {=IFERROR(VLOOKUP(B47, SORT('Nhật ký nộp hồ sơ '!B:D, 'Nhật ký nộp hồ sơ '!A:A, FALSE), 3, FALSE),"")} -> Hoàn thành | L47: =IF(K47="Hủy","ĐÃ HỦY", IF(K47="Nộp thành công - Chờ kết quả","Đã nộp", IF(K47="Hoàn thành","Hoàn thành", IF(O47="","", IF(TODAY()>O47,"QUÁ HẠN","Trong hạn") )))) -> Hoàn thành | M47: Tách Thửa | N47: =IFERROR(__xludf.DUMMYFUNCTION("""COMPUTED_VALUE"""),45891.0) -> 45891 | O47: 45894 | P47: =IFERROR(__xludf.DUMMYFUNCTION("IFERROR(QUERY('Nhật ký nộp hồ sơ '!A:I, ""SELECT I WHERE B = '""&B47&""' ORDER BY A DESC LIMIT 1"", 0))"),46157.0) -> 46157 | Q47: =IF(K47="Hoàn thành", P47, "") -> 46157 | R47: 2 | V47: Đã thanh toán
A48: 45891.447 | B48: 326-2/BK-2025 | C48: Tiêu Văn Hiền | E48: Hiệp Bình | F48: Anh Lý Luật Sư | H48: Trương Tấn Quốc | I48: Không cần | K48: {=IFERROR(VLOOKUP(B48, SORT('Nhật ký nộp hồ sơ '!B:D, 'Nhật ký nộp hồ sơ '!A:A, FALSE), 3, FALSE),"")} -> Hoàn thành | L48: =IF(K48="Hủy","ĐÃ HỦY", IF(K48="Nộp thành công - Chờ kết quả","Đã nộp", IF(K48="Hoàn thành","Hoàn thành", IF(O48="","", IF(TODAY()>O48,"QUÁ HẠN","Trong hạn") )))) -> Hoàn thành | M48: Tách Thửa | N48: =IFERROR(__xludf.DUMMYFUNCTION("""COMPUTED_VALUE"""),45891.0) -> 45891 | O48: 45894 | P48: =IFERROR(__xludf.DUMMYFUNCTION("IFERROR(QUERY('Nhật ký nộp hồ sơ '!A:I, ""SELECT I WHERE B = '""&B48&""' ORDER BY A DESC LIMIT 1"", 0))"),46157.0) -> 46157 | Q48: =IF(K48="Hoàn thành", P48, "") -> 46157 | R48: 1 | V48: Đã thanh toán
A49: 45891.428 | B49: 326/BK-2025 | C49: Tiêu Văn Hiền | E49: Hiệp Bình | F49: Anh Lý Luật Sư | H49: Trương Tấn Quốc | I49: Không cần | K49: {=IFERROR(VLOOKUP(B49, SORT('Nhật ký nộp hồ sơ '!B:D, 'Nhật ký nộp hồ sơ '!A:A, FALSE), 3, FALSE),"")} -> Nộp thành công - Chờ kết quả | L49: =IF(K49="Hủy","ĐÃ HỦY", IF(K49="Nộp thành công - Chờ kết quả","Đã nộp", IF(K49="Hoàn thành","Hoàn thành", IF(O49="","", IF(TODAY()>O49,"QUÁ HẠN","Trong hạn") )))) -> Đã nộp | M49: Tách Thửa | N49: =IFERROR(__xludf.DUMMYFUNCTION("""COMPUTED_VALUE"""),45891.0) -> 45891 | O49: 45894 | P49: =IFERROR(__xludf.DUMMYFUNCTION("IFERROR(QUERY('Nhật ký nộp hồ sơ '!A:I, ""SELECT I WHERE B = '""&B49&""' ORDER BY A DESC LIMIT 1"", 0))"),46003.0) -> 46003 | Q49: =IF(K49="Hoàn thành", P49, "") | R49: 1 | V49: Đã thanh toán
A50: 45881.902 | B50: 330/BK-2025 | C50: Nguyễn Thuý Hằng | E50: Long Phước | F50: Tuấn Đen | H50: Tạ Khắc Tập | I50: Lê Tấn Đạt | J50: Cao | K50: {=IFERROR(VLOOKUP(B50, SORT('Nhật ký nộp hồ sơ '!B:D, 'Nhật ký nộp hồ sơ '!A:A, FALSE), 3, FALSE),"")} -> Hoàn thành | L50: =IF(K50="Hủy","ĐÃ HỦY", IF(K50="Nộp thành công - Chờ kết quả","Đã nộp", IF(K50="Hoàn thành","Hoàn thành", IF(O50="","", IF(TODAY()>O50,"QUÁ HẠN","Trong hạn") )))) -> Hoàn thành | M50: Cấp đổi | N50: =IFERROR(__xludf.DUMMYFUNCTION("""COMPUTED_VALUE"""),45881.0) -> 45881 | O50: 45882 | P50: =IFERROR(__xludf.DUMMYFUNCTION("IFERROR(QUERY('Nhật ký nộp hồ sơ '!A:I, ""SELECT I WHERE B = '""&B50&""' ORDER BY A DESC LIMIT 1"", 0))"),45887.0) -> 45887 | Q50: =IF(K50="Hoàn thành", P50, "") -> 45887 | R50: 1 | V50: Đã thanh toán
A51: 45897.507 | B51: 331-1/BK-2025 | C51: Đinh Thái Thạnh | E51: Thủ Đức | F51: Chị Cúc DV | H51: Lê Văn Dựng | I51: Không cần | K51: {=IFERROR(VLOOKUP(B51, SORT('Nhật ký nộp hồ sơ '!B:D, 'Nhật ký nộp hồ sơ '!A:A, FALSE), 3, FALSE),"")} -> Hoàn thành | L51: =IF(K51="Hủy","ĐÃ HỦY", IF(K51="Nộp thành công - Chờ kết quả","Đã nộp", IF(K51="Hoàn thành","Hoàn thành", IF(O51="","", IF(TODAY()>O51,"QUÁ HẠN","Trong hạn") )))) -> Hoàn thành | M51: Đo GPS | N51: =IFERROR(__xludf.DUMMYFUNCTION("""COMPUTED_VALUE"""),45897.0) -> 45897 | O51: 45900 | P51: =IFERROR(__xludf.DUMMYFUNCTION("IFERROR(QUERY('Nhật ký nộp hồ sơ '!A:I, ""SELECT I WHERE B = '""&B51&""' ORDER BY A DESC LIMIT 1"", 0))"),45882.0) -> 45882 | Q51: =IF(K51="Hoàn thành", P51, "") -> 45882 | R51: 2 | V51: Đã thanh toán
A52: 45894.631 | B52: 331/BK-2025 | C52: Đinh Thái Thạnh | D52: Có | E52: Thủ Đức | F52: Chị Cúc DV | H52: Nguyễn Minh Thông | I52: Lê Tấn Đạt | J52: Cao | K52: {=IFERROR(VLOOKUP(B52, SORT('Nhật ký nộp hồ sơ '!B:D, 'Nhật ký nộp hồ sơ '!A:A, FALSE), 3, FALSE),"")} -> Hoàn thành | L52: =IF(K52="Hủy","ĐÃ HỦY", IF(K52="Nộp thành công - Chờ kết quả","Đã nộp", IF(K52="Hoàn thành","Hoàn thành", IF(O52="","", IF(TODAY()>O52,"QUÁ HẠN","Trong hạn") )))) -> Hoàn thành | M52: Cấp đổi | N52: =IFERROR(__xludf.DUMMYFUNCTION("""COMPUTED_VALUE"""),45894.0) -> 45894 | O52: 45895 | P52: =IFERROR(__xludf.DUMMYFUNCTION("IFERROR(QUERY('Nhật ký nộp hồ sơ '!A:I, ""SELECT I WHERE B = '""&B52&""' ORDER BY A DESC LIMIT 1"", 0))"),45917.0) -> 45917 | Q52: =IF(K52="Hoàn thành", P52, "") -> 45917 | R52: 2 | T52: ĐANG SỦ LÝ DO HS PHỨC TẠP | U52: Đã cho phương án | V52: Đã thanh toán
A53: 45878.814 | B53: 332/BK-2025 | C53: Nguyễn Thị Kim Đức | E53: Cát Lái | F53: Chị Phấn DV | H53: Nguyễn Minh Thông | I53: Lê Tấn Đạt | K53: {=IFERROR(VLOOKUP(B53, SORT('Nhật ký nộp hồ sơ '!B:D, 'Nhật ký nộp hồ sơ '!A:A, FALSE), 3, FALSE),"")} -> Hủy | L53: =IF(K53="Hủy","ĐÃ HỦY", IF(K53="Nộp thành công - Chờ kết quả","Đã nộp", IF(K53="Hoàn thành","Hoàn thành", IF(O53="","", IF(TODAY()>O53,"QUÁ HẠN","Trong hạn") )))) -> ĐÃ HỦY | M53: Hoàn công | N53: =IFERROR(__xludf.DUMMYFUNCTION("""COMPUTED_VALUE"""),45878.0) -> 45878 | O53: 45881 | P53: =IFERROR(__xludf.DUMMYFUNCTION("IFERROR(QUERY('Nhật ký nộp hồ sơ '!A:I, ""SELECT I WHERE B = '""&B53&""' ORDER BY A DESC LIMIT 1"", 0))"),46038.0) -> 46038 | Q53: =IF(K53="Hoàn thành", P53, "") | R53: 3 | S53: ĐỢI GIẤY TỜ | T53: ĐA VÊ XONG CHỊ PHẤN CHƯA CHỐT CHỦ NHÀ | U53: Đợi phương án | V53: Đã thanh toán
A54: 45877.652 | B54: 334/BK-2025 | C54: Nguyễn Hoàng | E54: Cát Lái | F54: Công Ty | G54: 0903225376 | H54: Lê Văn Dựng | I54: Lê Tấn Đạt | K54: {=IFERROR(VLOOKUP(B54, SORT('Nhật ký nộp hồ sơ '!B:D, 'Nhật ký nộp hồ sơ '!A:A, FALSE), 3, FALSE),"")} -> Hoàn thành | L54: =IF(K54="Hủy","ĐÃ HỦY", IF(K54="Nộp thành công - Chờ kết quả","Đã nộp", IF(K54="Hoàn thành","Hoàn thành", IF(O54="","", IF(TODAY()>O54,"QUÁ HẠN","Trong hạn") )))) -> Hoàn thành | M54: Cắm mốc | N54: =IFERROR(__xludf.DUMMYFUNCTION("""COMPUTED_VALUE"""),45877.0) -> 45877 | O54: 45880 | P54: =IFERROR(__xludf.DUMMYFUNCTION("IFERROR(QUERY('Nhật ký nộp hồ sơ '!A:I, ""SELECT I WHERE B = '""&B54&""' ORDER BY A DESC LIMIT 1"", 0))"),45879.0) -> 45879 | Q54: =IF(K54="Hoàn thành", P54, "") -> 45879 | R54: 2 | V54: Đã thanh toán
A55: 45877.903 | B55: 335/BK-2025 | C55: Nguyễn Thùy Ngân | E55: Long Trường | F55: Nguyễn Khoa DV | H55: Lê Văn Xây | I55: Lê Tấn Đạt | K55: {=IFERROR(VLOOKUP(B55, SORT('Nhật ký nộp hồ sơ '!B:D, 'Nhật ký nộp hồ sơ '!A:A, FALSE), 3, FALSE),"")} -> Hoàn thành | L55: =IF(K55="Hủy","ĐÃ HỦY", IF(K55="Nộp thành công - Chờ kết quả","Đã nộp", IF(K55="Hoàn thành","Hoàn thành", IF(O55="","", IF(TODAY()>O55,"QUÁ HẠN","Trong hạn") )))) -> Hoàn thành | M55: Cấp đổi | N55: =IFERROR(__xludf.DUMMYFUNCTION("""COMPUTED_VALUE"""),45877.0) -> 45877 | O55: 45880 | P55: =IFERROR(__xludf.DUMMYFUNCTION("IFERROR(QUERY('Nhật ký nộp hồ sơ '!A:I, ""SELECT I WHERE B = '""&B55&""' ORDER BY A DESC LIMIT 1"", 0))"),45925.0) -> 45925 | Q55: =IF(K55="Hoàn thành", P55, "") -> 45925 | R55: 2 | V55: Đã thanh toán
A56: 45878.513 | B56: 336/BK-2025 | C56: Nguyễn Minh Hải | E56: Ngoài Thủ Đức | F56: Công Ty | G56: 0939942668 (Quang Đầy) | H56: Lê Văn Dựng | I56: Trương Tấn Quốc | K56: {=IFERROR(VLOOKUP(B56, SORT('Nhật ký nộp hồ sơ '!B:D, 'Nhật ký nộp hồ sơ '!A:A, FALSE), 3, FALSE),"")} -> Hoàn thành | L56: =IF(K56="Hủy","ĐÃ HỦY", IF(K56="Nộp thành công - Chờ kết quả","Đã nộp", IF(K56="Hoàn thành","Hoàn thành", IF(O56="","", IF(TODAY()>O56,"QUÁ HẠN","Trong hạn") )))) -> Hoàn thành | M56: Cắm mốc | N56: =IFERROR(__xludf.DUMMYFUNCTION("""COMPUTED_VALUE"""),45878.0) -> 45878 | O56: 45881 | P56: =IFERROR(__xludf.DUMMYFUNCTION("IFERROR(QUERY('Nhật ký nộp hồ sơ '!A:I, ""SELECT I WHERE B = '""&B56&""' ORDER BY A DESC LIMIT 1"", 0))"),45878.0) -> 45878 | Q56: =IF(K56="Hoàn thành", P56, "") -> 45878 | R56: 1 | S56: Hồ sơ xa | V56: Đã thanh toán
A57: 45880.37 | B57: 337/BK-2025 | C57: Nguyễn Văn Thu | E57: Tam Bình | F57: Tuấn Đen | H57: Tạ Khắc Tập | I57: Lê Tấn Đạt | J57: Cao | K57: {=IFERROR(VLOOKUP(B57, SORT('Nhật ký nộp hồ sơ '!B:D, 'Nhật ký nộp hồ sơ '!A:A, FALSE), 3, FALSE),"")} -> Hoàn thành | L57: =IF(K57="Hủy","ĐÃ HỦY", IF(K57="Nộp thành công - Chờ kết quả","Đã nộp", IF(K57="Hoàn thành","Hoàn thành", IF(O57="","", IF(TODAY()>O57,"QUÁ HẠN","Trong hạn") )))) -> Hoàn thành | M57: Cấp đổi | N57: =IFERROR(__xludf.DUMMYFUNCTION("""COMPUTED_VALUE"""),45880.0) -> 45880 | O57: 45881 | P57: =IFERROR(__xludf.DUMMYFUNCTION("IFERROR(QUERY('Nhật ký nộp hồ sơ '!A:I, ""SELECT I WHERE B = '""&B57&""' ORDER BY A DESC LIMIT 1"", 0))"),45890.0) -> 45890 | Q57: =IF(K57="Hoàn thành", P57, "") -> 45890 | R57: 1 | V57: Đã thanh toán
A58: 45880.404 | B58: 338/BK-2025 | C58: Võ Đức Phước | E58: Tam Bình | F58: Tuấn Đen | H58: Nguyễn Minh Thông | I58: Lê Tấn Đạt | K58: {=IFERROR(VLOOKUP(B58, SORT('Nhật ký nộp hồ sơ '!B:D, 'Nhật ký nộp hồ sơ '!A:A, FALSE), 3, FALSE),"")} -> Hoàn thành | L58: =IF(K58="Hủy","ĐÃ HỦY", IF(K58="Nộp thành công - Chờ kết quả","Đã nộp", IF(K58="Hoàn thành","Hoàn thành", IF(O58="","", IF(TODAY()>O58,"QUÁ HẠN","Trong hạn") )))) -> Hoàn thành | M58: Cấp đổi | N58: =IFERROR(__xludf.DUMMYFUNCTION("""COMPUTED_VALUE"""),45880.0) -> 45880 | O58: 45883 | P58: =IFERROR(__xludf.DUMMYFUNCTION("IFERROR(QUERY('Nhật ký nộp hồ sơ '!A:I, ""SELECT I WHERE B = '""&B58&""' ORDER BY A DESC LIMIT 1"", 0))"),45910.0) -> 45910 | Q58: =IF(K58="Hoàn thành", P58, "") -> 45910 | R58: 1 | V58: Đã thanh toán
A59: 45880.515 | B59: 339/BK-225 | C59: Bùi Văn Hoàng (CMĐ A Hoàng) | D59: Có | E59: Long Bình | F59: Anh Hoàng Nhà Đầu Tư | H59: Trương Tấn Quốc | I59: Không cần | K59: {=IFERROR(VLOOKUP(B59, SORT('Nhật ký nộp hồ sơ '!B:D, 'Nhật ký nộp hồ sơ '!A:A, FALSE), 3, FALSE),"")} -> Hoàn thành | L59: =IF(K59="Hủy","ĐÃ HỦY", IF(K59="Nộp thành công - Chờ kết quả","Đã nộp", IF(K59="Hoàn thành","Hoàn thành", IF(O59="","", IF(TODAY()>O59,"QUÁ HẠN","Trong hạn") )))) -> Hoàn thành | M59: Chuyển mục đích | N59: =IFERROR(__xludf.DUMMYFUNCTION("""COMPUTED_VALUE"""),45880.0) -> 45880 | O59: 45883 | P59: =IFERROR(__xludf.DUMMYFUNCTION("IFERROR(QUERY('Nhật ký nộp hồ sơ '!A:I, ""SELECT I WHERE B = '""&B59&""' ORDER BY A DESC LIMIT 1"", 0))"),45879.0) -> 45879 | Q59: =IF(K59="Hoàn thành", P59, "") -> 45879 | R59: 1 | V59: Đã thanh toán
A60: 45894.477 | B60: 340/BK-2025 | C60: Lê Kim Trinh | E60: Linh Xuân | F60: Công Ty | G60: 0907364949 | H60: Tạ Khắc Tập | I60: Lê Tấn Đạt | K60: {=IFERROR(VLOOKUP(B60, SORT('Nhật ký nộp hồ sơ '!B:D, 'Nhật ký nộp hồ sơ '!A:A, FALSE), 3, FALSE),"")} -> Hoàn thành | L60: =IF(K60="Hủy","ĐÃ HỦY", IF(K60="Nộp thành công - Chờ kết quả","Đã nộp", IF(K60="Hoàn thành","Hoàn thành", IF(O60="","", IF(TODAY()>O60,"QUÁ HẠN","Trong hạn") )))) -> Hoàn thành | M60: Cấp đổi | N60: =IFERROR(__xludf.DUMMYFUNCTION("""COMPUTED_VALUE"""),45894.0) -> 45894 | O60: 45897 | P60: =IFERROR(__xludf.DUMMYFUNCTION("IFERROR(QUERY('Nhật ký nộp hồ sơ '!A:I, ""SELECT I WHERE B = '""&B60&""' ORDER BY A DESC LIMIT 1"", 0))"),45951.0) -> 45951 | Q60: =IF(K60="Hoàn thành", P60, "") -> 45951 | R60: 1 | S60: đợi chủ nhà đưa giấy tờ photo | T60: cho cam ket giam dien tich cua chu nhà de nop hs ( nop hs 27/08 chu nha moi bo sung đầy đủ giấy cam ket giam dt) | U60: Đã nộp lễ tân | V60: Đã thanh toán
A61: 45881.482 | B61: 341/BK-2025 | C61: Trịnh Thu Hằng | D61: Có | E61: Bình Trưng | F61: Công Ty | H61: Trương Tấn Quốc | I61: Lê Tấn Đạt | K61: {=IFERROR(VLOOKUP(B61, SORT('Nhật ký nộp hồ sơ '!B:D, 'Nhật ký nộp hồ sơ '!A:A, FALSE), 3, FALSE),"")} -> Hoàn thành | L61: =IF(K61="Hủy","ĐÃ HỦY", IF(K61="Nộp thành công - Chờ kết quả","Đã nộp", IF(K61="Hoàn thành","Hoàn thành", IF(O61="","", IF(TODAY()>O61,"QUÁ HẠN","Trong hạn") )))) -> Hoàn thành | M61: Cấp đổi | N61: =IFERROR(__xludf.DUMMYFUNCTION("""COMPUTED_VALUE"""),45881.0) -> 45881 | O61: 45884 | P61: =IFERROR(__xludf.DUMMYFUNCTION("IFERROR(QUERY('Nhật ký nộp hồ sơ '!A:I, ""SELECT I WHERE B = '""&B61&""' ORDER BY A DESC LIMIT 1"", 0))"),45904.0) -> 45904 | Q61: =IF(K61="Hoàn thành", P61, "") -> 45904 | R61: 2 | V61: Đã thanh toán
A62: 45881.579 | B62: 342/BK-2025 | C62: Nguyễn Thuý Hằng | E62: Long Trường | F62: Tuấn Đen | H62: Lê Văn Dựng | I62: Không cần | K62: {=IFERROR(VLOOKUP(B62, SORT('Nhật ký nộp hồ sơ '!B:D, 'Nhật ký nộp hồ sơ '!A:A, FALSE), 3, FALSE),"")} -> Hoàn thành | L62: =IF(K62="Hủy","ĐÃ HỦY", IF(K62="Nộp thành công - Chờ kết quả","Đã nộp", IF(K62="Hoàn thành","Hoàn thành", IF(O62="","", IF(TODAY()>O62,"QUÁ HẠN","Trong hạn") )))) -> Hoàn thành | M62: Cắm mốc | N62: =IFERROR(__xludf.DUMMYFUNCTION("""COMPUTED_VALUE"""),45881.0) -> 45881 | O62: 45884 | P62: =IFERROR(__xludf.DUMMYFUNCTION("IFERROR(QUERY('Nhật ký nộp hồ sơ '!A:I, ""SELECT I WHERE B = '""&B62&""' ORDER BY A DESC LIMIT 1"", 0))"),45881.0) -> 45881 | Q62: =IF(K62="Hoàn thành", P62, "") -> 45881 | R62: 1 | V62: Đã thanh toán
A63: 45881.589 | B63: 343/BK-2025 | C63: Nguyễn Văn Thu | E63: Tam Bình | F63: Tuấn Đen | H63: Lê Văn Dựng | I63: Không cần | K63: {=IFERROR(VLOOKUP(B63, SORT('Nhật ký nộp hồ sơ '!B:D, 'Nhật ký nộp hồ sơ '!A:A, FALSE), 3, FALSE),"")} -> Hoàn thành | L63: =IF(K63="Hủy","ĐÃ HỦY", IF(K63="Nộp thành công - Chờ kết quả","Đã nộp", IF(K63="Hoàn thành","Hoàn thành", IF(O63="","", IF(TODAY()>O63,"QUÁ HẠN","Trong hạn") )))) -> Hoàn thành | M63: Đo GPS | N63: =IFERROR(__xludf.DUMMYFUNCTION("""COMPUTED_VALUE"""),45881.0) -> 45881 | O63: 45884 | P63: =IFERROR(__xludf.DUMMYFUNCTION("IFERROR(QUERY('Nhật ký nộp hồ sơ '!A:I, ""SELECT I WHERE B = '""&B63&""' ORDER BY A DESC LIMIT 1"", 0))"),45881.0) -> 45881 | Q63: =IF(K63="Hoàn thành", P63, "") -> 45881 | R63: 1 | S63: Hồ sơ anh Tập xử lý | V63: Đã thanh toán
A64: 45881.624 | B64: 344/BK-2025 | C64: Nguyễn Thành Phong | E64: Long Trường | F64: Anh Chiến KTS | H64: Lê Văn Dựng | I64: Tạ Khắc Tập | K64: {=IFERROR(VLOOKUP(B64, SORT('Nhật ký nộp hồ sơ '!B:D, 'Nhật ký nộp hồ sơ '!A:A, FALSE), 3, FALSE),"")} -> Hoàn thành | L64: =IF(K64="Hủy","ĐÃ HỦY", IF(K64="Nộp thành công - Chờ kết quả","Đã nộp", IF(K64="Hoàn thành","Hoàn thành", IF(O64="","", IF(TODAY()>O64,"QUÁ HẠN","Trong hạn") )))) -> Hoàn thành | M64: Cắm mốc | N64: =IFERROR(__xludf.DUMMYFUNCTION("""COMPUTED_VALUE"""),45881.0) -> 45881 | O64: 45884 | P64: =IFERROR(__xludf.DUMMYFUNCTION("IFERROR(QUERY('Nhật ký nộp hồ sơ '!A:I, ""SELECT I WHERE B = '""&B64&""' ORDER BY A DESC LIMIT 1"", 0))"),45874.0) -> 45874 | Q64: =IF(K64="Hoàn thành", P64, "") -> 45874 | R64: 1 | V64: Đã thanh toán
A65: 45881.728 | B65: 345/BK-2025 | C65: Trương Thị Thu Lành | E65: Linh Xuân | F65: Anh Cường Sài Gòn DV | H65: Lê Văn Xây | I65: Không cần | K65: {=IFERROR(VLOOKUP(B65, SORT('Nhật ký nộp hồ sơ '!B:D, 'Nhật ký nộp hồ sơ '!A:A, FALSE), 3, FALSE),"")} -> Hoàn thành | L65: =IF(K65="Hủy","ĐÃ HỦY", IF(K65="Nộp thành công - Chờ kết quả","Đã nộp", IF(K65="Hoàn thành","Hoàn thành", IF(O65="","", IF(TODAY()>O65,"QUÁ HẠN","Trong hạn") )))) -> Hoàn thành | M65: Cấp đổi | N65: =IFERROR(__xludf.DUMMYFUNCTION("""COMPUTED_VALUE"""),45881.0) -> 45881 | O65: 45884 | P65: =IFERROR(__xludf.DUMMYFUNCTION("IFERROR(QUERY('Nhật ký nộp hồ sơ '!A:I, ""SELECT I WHERE B = '""&B65&""' ORDER BY A DESC LIMIT 1"", 0))"),45891.0) -> 45891 | Q65: =IF(K65="Hoàn thành", P65, "") -> 45891 | R65: 2 | V65: Đã thanh toán
A66: 45882.619 | B66: 346/BK-2025 | C66: Nguyễn Trọng Nguyễn | E66: Long Trường | F66: Nguyễn Khoa DV | H66: Nguyễn Minh Thông | I66: Tạ Khắc Tập | J66: Cao | K66: {=IFERROR(VLOOKUP(B66, SORT('Nhật ký nộp hồ sơ '!B:D, 'Nhật ký nộp hồ sơ '!A:A, FALSE), 3, FALSE),"")} -> Hoàn thành | L66: =IF(K66="Hủy","ĐÃ HỦY", IF(K66="Nộp thành công - Chờ kết quả","Đã nộp", IF(K66="Hoàn thành","Hoàn thành", IF(O66="","", IF(TODAY()>O66,"QUÁ HẠN","Trong hạn") )))) -> Hoàn thành | M66: Cấp đổi | N66: =IFERROR(__xludf.DUMMYFUNCTION("""COMPUTED_VALUE"""),45882.0) -> 45882 | O66: 45883 | P66: =IFERROR(__xludf.DUMMYFUNCTION("IFERROR(QUERY('Nhật ký nộp hồ sơ '!A:I, ""SELECT I WHERE B = '""&B66&""' ORDER BY A DESC LIMIT 1"", 0))"),45887.0) -> 45887 | Q66: =IF(K66="Hoàn thành", P66, "") -> 45887 | R66: 1 | V66: Đã thanh toán
A67: 45882.678 | B67: 347/BK-2025 | C67: Nguyễn Thị Hương | D67: Có | E67: Hiệp Bình | F67: Anh Sơn Hải DV | H67: Trương Tấn Quốc | I67: Lê Tấn Đạt | K67: {=IFERROR(VLOOKUP(B67, SORT('Nhật ký nộp hồ sơ '!B:D, 'Nhật ký nộp hồ sơ '!A:A, FALSE), 3, FALSE),"")} -> Nộp thành công - Chờ kết quả | L67: =IF(K67="Hủy","ĐÃ HỦY", IF(K67="Nộp thành công - Chờ kết quả","Đã nộp", IF(K67="Hoàn thành","Hoàn thành", IF(O67="","", IF(TODAY()>O67,"QUÁ HẠN","Trong hạn") )))) -> Đã nộp | M67: Cấp đổi | N67: =IFERROR(__xludf.DUMMYFUNCTION("""COMPUTED_VALUE"""),45882.0) -> 45882 | O67: 45885 | P67: =IFERROR(__xludf.DUMMYFUNCTION("IFERROR(QUERY('Nhật ký nộp hồ sơ '!A:I, ""SELECT I WHERE B = '""&B67&""' ORDER BY A DESC LIMIT 1"", 0))"),45910.0) -> 45910 | Q67: =IF(K67="Hoàn thành", P67, "") | R67: 2 | S67: 1 khu | T67: Đợi chủ nhà chốt PA | U67: Hủy | V67: Đã thanh toán
A68: 45882.68 | B68: 348/BK-2025 | C68: Nguyễn Thị Hương | D68: Có | E68: Hiệp Bình | F68: Anh Sơn Hải DV | H68: Trương Tấn Quốc | I68: Lê Tấn Đạt | K68: {=IFERROR(VLOOKUP(B68, SORT('Nhật ký nộp hồ sơ '!B:D, 'Nhật ký nộp hồ sơ '!A:A, FALSE), 3, FALSE),"")} -> Nộp thành công - Chờ kết quả | L68: =IF(K68="Hủy","ĐÃ HỦY", IF(K68="Nộp thành công - Chờ kết quả","Đã nộp", IF(K68="Hoàn thành","Hoàn thành", IF(O68="","", IF(TODAY()>O68,"QUÁ HẠN","Trong hạn") )))) -> Đã nộp | M68: Cấp đổi | N68: =IFERROR(__xludf.DUMMYFUNCTION("""COMPUTED_VALUE"""),45882.0) -> 45882 | O68: 45885 | P68: =IFERROR(__xludf.DUMMYFUNCTION("IFERROR(QUERY('Nhật ký nộp hồ sơ '!A:I, ""SELECT I WHERE B = '""&B68&""' ORDER BY A DESC LIMIT 1"", 0))"),45910.0) -> 45910 | Q68: =IF(K68="Hoàn thành", P68, "") | R68: 1 | S68: 1 khu | T68: Đợi chủ nhà chốt PA | U68: Hủy | V68: Đã thanh toán
A69: 45882.699 | B69: 349/BK-2025 | C69: Nguyễn Thị Hương | D69: Có | E69: Hiệp Bình | F69: Anh Sơn Hải DV | H69: Trương Tấn Quốc | I69: Lê Tấn Đạt | K69: {=IFERROR(VLOOKUP(B69, SORT('Nhật ký nộp hồ sơ '!B:D, 'Nhật ký nộp hồ sơ '!A:A, FALSE), 3, FALSE),"")} -> Nộp thành công - Chờ kết quả | L69: =IF(K69="Hủy","ĐÃ HỦY", IF(K69="Nộp thành công - Chờ kết quả","Đã nộp", IF(K69="Hoàn thành","Hoàn thành", IF(O69="","", IF(TODAY()>O69,"QUÁ HẠN","Trong hạn") )))) -> Đã nộp | M69: Cấp đổi | N69: =IFERROR(__xludf.DUMMYFUNCTION("""COMPUTED_VALUE"""),45882.0) -> 45882 | O69: 45885 | P69: =IFERROR(__xludf.DUMMYFUNCTION("IFERROR(QUERY('Nhật ký nộp hồ sơ '!A:I, ""SELECT I WHERE B = '""&B69&""' ORDER BY A DESC LIMIT 1"", 0))"),45910.0) -> 45910 | Q69: =IF(K69="Hoàn thành", P69, "") | R69: 3 | S69: 1 khu | T69: Đợi chủ nhà chốt PA | U69: Hủy | V69: Đã thanh toán
A70: 45882.7 | B70: 350/BK-2025 | C70: Hồ Văn Quốc | D70: Có | E70: Hiệp Bình | F70: Anh Sơn Hải DV | H70: Trương Tấn Quốc | I70: Lê Tấn Đạt | K70: {=IFERROR(VLOOKUP(B70, SORT('Nhật ký nộp hồ sơ '!B:D, 'Nhật ký nộp hồ sơ '!A:A, FALSE), 3, FALSE),"")} -> Nộp thành công - Chờ kết quả | L70: =IF(K70="Hủy","ĐÃ HỦY", IF(K70="Nộp thành công - Chờ kết quả","Đã nộp", IF(K70="Hoàn thành","Hoàn thành", IF(O70="","", IF(TODAY()>O70,"QUÁ HẠN","Trong hạn") )))) -> Đã nộp | M70: Cấp đổi | N70: =IFERROR(__xludf.DUMMYFUNCTION("""COMPUTED_VALUE"""),45882.0) -> 45882 | O70: 45885 | P70: =IFERROR(__xludf.DUMMYFUNCTION("IFERROR(QUERY('Nhật ký nộp hồ sơ '!A:I, ""SELECT I WHERE B = '""&B70&""' ORDER BY A DESC LIMIT 1"", 0))"),45896.0) -> 45896 | Q70: =IF(K70="Hoàn thành", P70, "") | R70: 1 | S70: 1 khu | T70: Đợi chủ nhà chốt PA | U70: Hủy | V70: Đã thanh toán
A71: 45883.428 | B71: 351/BK-2025 | C71: Bùi Thị Hồng Nhung | E71: Cát Lái | F71: Công Ty | H71: Lê Văn Dựng | I71: Lê Tấn Đạt | K71: {=IFERROR(VLOOKUP(B71, SORT('Nhật ký nộp hồ sơ '!B:D, 'Nhật ký nộp hồ sơ '!A:A, FALSE), 3, FALSE),"")} -> Hoàn thành | L71: =IF(K71="Hủy","ĐÃ HỦY", IF(K71="Nộp thành công - Chờ kết quả","Đã nộp", IF(K71="Hoàn thành","Hoàn thành", IF(O71="","", IF(TODAY()>O71,"QUÁ HẠN","Trong hạn") )))) -> Hoàn thành | M71: Cắm mốc | N71: =IFERROR(__xludf.DUMMYFUNCTION("""COMPUTED_VALUE"""),45883.0) -> 45883 | O71: 45886 | P71: =IFERROR(__xludf.DUMMYFUNCTION("IFERROR(QUERY('Nhật ký nộp hồ sơ '!A:I, ""SELECT I WHERE B = '""&B71&""' ORDER BY A DESC LIMIT 1"", 0))"),45882.0) -> 45882 | Q71: =IF(K71="Hoàn thành", P71, "") -> 45882 | R71: 1 | S71: đo vẽ xác định diện tích | V71: Đã thanh toán
A72: 45883.434 | B72: 352/BK-2025 | C72: Bùi Minh Đức | E72: Long Phước | F72: Công Ty | G72: 0904808020 | H72: Trương Tấn Quốc | I72: Không cần | K72: {=IFERROR(VLOOKUP(B72, SORT('Nhật ký nộp hồ sơ '!B:D, 'Nhật ký nộp hồ sơ '!A:A, FALSE), 3, FALSE),"")} -> Hoàn thành | L72: =IF(K72="Hủy","ĐÃ HỦY", IF(K72="Nộp thành công - Chờ kết quả","Đã nộp", IF(K72="Hoàn thành","Hoàn thành", IF(O72="","", IF(TODAY()>O72,"QUÁ HẠN","Trong hạn") )))) -> Hoàn thành | M72: Xác định diện tích | N72: =IFERROR(__xludf.DUMMYFUNCTION("""COMPUTED_VALUE"""),45883.0) -> 45883 | O72: 45886 | P72: =IFERROR(__xludf.DUMMYFUNCTION("IFERROR(QUERY('Nhật ký nộp hồ sơ '!A:I, ""SELECT I WHERE B = '""&B72&""' ORDER BY A DESC LIMIT 1"", 0))"),45882.0) -> 45882 | Q72: =IF(K72="Hoàn thành", P72, "") -> 45882 | R72: 1 | S72: đã xử lý | V72: Đã thanh toán
A73: 45883.438 | B73: 354/BK-2025 | C73: Huỳnh Túy Phượng | E73: Hiệp Bình | F73: Tuấn Lộc | H73: Lê Văn Dựng | I73: Không cần | K73: {=IFERROR(VLOOKUP(B73, SORT('Nhật ký nộp hồ sơ '!B:D, 'Nhật ký nộp hồ sơ '!A:A, FALSE), 3, FALSE),"")} -> Hoàn thành | L73: =IF(K73="Hủy","ĐÃ HỦY", IF(K73="Nộp thành công - Chờ kết quả","Đã nộp", IF(K73="Hoàn thành","Hoàn thành", IF(O73="","", IF(TODAY()>O73,"QUÁ HẠN","Trong hạn") )))) -> Hoàn thành | M73: Đo GPS | N73: =IFERROR(__xludf.DUMMYFUNCTION("""COMPUTED_VALUE"""),45883.0) -> 45883 | O73: 45886 | P73: =IFERROR(__xludf.DUMMYFUNCTION("IFERROR(QUERY('Nhật ký nộp hồ sơ '!A:I, ""SELECT I WHERE B = '""&B73&""' ORDER BY A DESC LIMIT 1"", 0))"),45882.0) -> 45882 | Q73: =IF(K73="Hoàn thành", P73, "") -> 45882 | R73: 1 | S73: hồ sơ cấp đổi anh Tập xử lý | V73: Đã thanh toán
A74: 45883.543 | B74: 355/BK-2025 | C74: Nguyễn Thị Vinh | E74: Long Phước | F74: Công Ty | G74: 0978846040 | H74: Trương Tấn Quốc | I74: Tạ Khắc Tập | K74: {=IFERROR(VLOOKUP(B74, SORT('Nhật ký nộp hồ sơ '!B:D, 'Nhật ký nộp hồ sơ '!A:A, FALSE), 3, FALSE),"")} -> Hoàn thành | L74: =IF(K74="Hủy","ĐÃ HỦY", IF(K74="Nộp thành công - Chờ kết quả","Đã nộp", IF(K74="Hoàn thành","Hoàn thành", IF(O74="","", IF(TODAY()>O74,"QUÁ HẠN","Trong hạn") )))) -> Hoàn thành | M74: Cấp sổ lần đầu | N74: =IFERROR(__xludf.DUMMYFUNCTION("""COMPUTED_VALUE"""),45883.0) -> 45883 | O74: 45886 | P74: =IFERROR(__xludf.DUMMYFUNCTION("IFERROR(QUERY('Nhật ký nộp hồ sơ '!A:I, ""SELECT I WHERE B = '""&B74&""' ORDER BY A DESC LIMIT 1"", 0))"),45883.0) -> 45883 | Q74: =IF(K74="Hoàn thành", P74, "") -> 45883 | R74: 1 | S74: đang xử lý | V74: Đã thanh toán
A75: 45883.706 | B75: 356/BK-2025 | C75: Nguyễn Minh Tuấn - Hồ Thị Thanh Thương | D75: Có | E75: Hiệp Bình | F75: Anh Sơn Hải DV | H75: Nguyễn Minh Thông | I75: Lê Tấn Đạt | K75: {=IFERROR(VLOOKUP(B75, SORT('Nhật ký nộp hồ sơ '!B:D, 'Nhật ký nộp hồ sơ '!A:A, FALSE), 3, FALSE),"")} -> Hoàn thành | L75: =IF(K75="Hủy","ĐÃ HỦY", IF(K75="Nộp thành công - Chờ kết quả","Đã nộp", IF(K75="Hoàn thành","Hoàn thành", IF(O75="","", IF(TODAY()>O75,"QUÁ HẠN","Trong hạn") )))) -> Hoàn thành | M75: Hoàn công | N75: =IFERROR(__xludf.DUMMYFUNCTION("""COMPUTED_VALUE"""),45883.0) -> 45883 | O75: 45886 | P75: =IFERROR(__xludf.DUMMYFUNCTION("IFERROR(QUERY('Nhật ký nộp hồ sơ '!A:I, ""SELECT I WHERE B = '""&B75&""' ORDER BY A DESC LIMIT 1"", 0))"),45896.0) -> 45896 | Q75: =IF(K75="Hoàn thành", P75, "") -> 45896 | R75: 1 | V75: Đã thanh toán
A76: 45883.708 | B76: 357/BK-2025 | C76: Hồ Minh Trí | D76: Có | E76: Hiệp Bình | F76: Anh Sơn Hải DV | H76: Trương Tấn Quốc | I76: Lê Tấn Đạt | K76: {=IFERROR(VLOOKUP(B76, SORT('Nhật ký nộp hồ sơ '!B:D, 'Nhật ký nộp hồ sơ '!A:A, FALSE), 3, FALSE),"")} -> Nộp thành công - Chờ kết quả | L76: =IF(K76="Hủy","ĐÃ HỦY", IF(K76="Nộp thành công - Chờ kết quả","Đã nộp", IF(K76="Hoàn thành","Hoàn thành", IF(O76="","", IF(TODAY()>O76,"QUÁ HẠN","Trong hạn") )))) -> Đã nộp | M76: Cấp đổi | N76: =IFERROR(__xludf.DUMMYFUNCTION("""COMPUTED_VALUE"""),45883.0) -> 45883 | O76: 45886 | P76: =IFERROR(__xludf.DUMMYFUNCTION("IFERROR(QUERY('Nhật ký nộp hồ sơ '!A:I, ""SELECT I WHERE B = '""&B76&""' ORDER BY A DESC LIMIT 1"", 0))"),45926.0) -> 45926 | Q76: =IF(K76="Hoàn thành", P76, "") | R76: 2 | S76: Thông phụ đo | T76: SAI HIỆN TRẠNG CHỜ TRAO ĐỔI CHỦ NHÀ | U76: Đợi phương án | V76: Đã thanh toán
A77: 45884.582 | B77: 358/BK-2025 | C77: Đỗ Thị Liên | E77: Phước Long | F77: Chinh Đen | H77: Trương Tấn Quốc | I77: Lê Tấn Đạt | K77: {=IFERROR(VLOOKUP(B77, SORT('Nhật ký nộp hồ sơ '!B:D, 'Nhật ký nộp hồ sơ '!A:A, FALSE), 3, FALSE),"")} -> Nộp thành công - Chờ kết quả | L77: =IF(K77="Hủy","ĐÃ HỦY", IF(K77="Nộp thành công - Chờ kết quả","Đã nộp", IF(K77="Hoàn thành","Hoàn thành", IF(O77="","", IF(TODAY()>O77,"QUÁ HẠN","Trong hạn") )))) -> Đã nộp | M77: Cấp đổi | N77: =IFERROR(__xludf.DUMMYFUNCTION("""COMPUTED_VALUE"""),45884.0) -> 45884 | O77: 45887 | P77: =IFERROR(__xludf.DUMMYFUNCTION("IFERROR(QUERY('Nhật ký nộp hồ sơ '!A:I, ""SELECT I WHERE B = '""&B77&""' ORDER BY A DESC LIMIT 1"", 0))"),45885.0) -> 45885 | Q77: =IF(K77="Hoàn thành", P77, "") | R77: 3 | S77: đang xử lý | V77: Đã thanh toán
A78: 45884.736 | B78: 359/BK-2025 | C78: Bùi Thị Hồng Nhung | E78: Cát Lái | F78: Công Ty | H78: Lê Văn Dựng | I78: Lê Tấn Đạt | K78: {=IFERROR(VLOOKUP(B78, SORT('Nhật ký nộp hồ sơ '!B:D, 'Nhật ký nộp hồ sơ '!A:A, FALSE), 3, FALSE),"")} -> Hoàn thành | L78: =IF(K78="Hủy","ĐÃ HỦY", IF(K78="Nộp thành công - Chờ kết quả","Đã nộp", IF(K78="Hoàn thành","Hoàn thành", IF(O78="","", IF(TODAY()>O78,"QUÁ HẠN","Trong hạn") )))) -> Hoàn thành | M78: Xác định diện tích | N78: =IFERROR(__xludf.DUMMYFUNCTION("""COMPUTED_VALUE"""),45884.0) -> 45884 | O78: 45887 | P78: =IFERROR(__xludf.DUMMYFUNCTION("IFERROR(QUERY('Nhật ký nộp hồ sơ '!A:I, ""SELECT I WHERE B = '""&B78&""' ORDER BY A DESC LIMIT 1"", 0))"),45883.0) -> 45883 | Q78: =IF(K78="Hoàn thành", P78, "") -> 45883 | R78: 2 | S78: đã hoàn thành | V78: Đã thanh toán
A79: 45885.492 | B79: 360/BK-2025 | C79: Nguyễn Thị Thanh | E79: Tam Bình | F79: Công Ty | G79: 985889875 | H79: Lê Văn Xây | I79: Lê Tấn Đạt | K79: {=IFERROR(VLOOKUP(B79, SORT('Nhật ký nộp hồ sơ '!B:D, 'Nhật ký nộp hồ sơ '!A:A, FALSE), 3, FALSE),"")} -> Hoàn thành | L79: =IF(K79="Hủy","ĐÃ HỦY", IF(K79="Nộp thành công - Chờ kết quả","Đã nộp", IF(K79="Hoàn thành","Hoàn thành", IF(O79="","", IF(TODAY()>O79,"QUÁ HẠN","Trong hạn") )))) -> Hoàn thành | M79: Hoàn công | N79: =IFERROR(__xludf.DUMMYFUNCTION("""COMPUTED_VALUE"""),45885.0) -> 45885 | O79: 45888 | P79: =IFERROR(__xludf.DUMMYFUNCTION("IFERROR(QUERY('Nhật ký nộp hồ sơ '!A:I, ""SELECT I WHERE B = '""&B79&""' ORDER BY A DESC LIMIT 1"", 0))"),45895.0) -> 45895 | Q79: =IF(K79="Hoàn thành", P79, "") -> 45895 | R79: 1 | V79: Đã thanh toán
A80: 45887.344 | B80: 361/BK-2025 | C80: Đỗ Quốc Dũng | D80: Có | E80: Tam Bình | F80: Cô Hoa | H80: Tạ Khắc Tập | I80: Trương Tấn Quốc | J80: Cao | K80: {=IFERROR(VLOOKUP(B80, SORT('Nhật ký nộp hồ sơ '!B:D, 'Nhật ký nộp hồ sơ '!A:A, FALSE), 3, FALSE),"")} -> Hoàn thành | L80: =IF(K80="Hủy","ĐÃ HỦY", IF(K80="Nộp thành công - Chờ kết quả","Đã nộp", IF(K80="Hoàn thành","Hoàn thành", IF(O80="","", IF(TODAY()>O80,"QUÁ HẠN","Trong hạn") )))) -> Hoàn thành | M80: Cấp sổ lần đầu | N80: =IFERROR(__xludf.DUMMYFUNCTION("""COMPUTED_VALUE"""),45887.0) -> 45887 | O80: 45888 | P80: =IFERROR(__xludf.DUMMYFUNCTION("IFERROR(QUERY('Nhật ký nộp hồ sơ '!A:I, ""SELECT I WHERE B = '""&B80&""' ORDER BY A DESC LIMIT 1"", 0))"),45887.0) -> 45887 | Q80: =IF(K80="Hoàn thành", P80, "") -> 45887 | R80: 3 | S80: HỒ SƠ NHANH | V80: Đã thanh toán
A81: 45888.443 | B81: 362/BK-2025 | C81: Trần Quang Tiên | E81: Linh Xuân | F81: Tấn Hiếu DV | H81: Lê Văn Xây | I81: Lê Tấn Đạt | K81: {=IFERROR(VLOOKUP(B81, SORT('Nhật ký nộp hồ sơ '!B:D, 'Nhật ký nộp hồ sơ '!A:A, FALSE), 3, FALSE),"")} -> Hoàn thành | L81: =IF(K81="Hủy","ĐÃ HỦY", IF(K81="Nộp thành công - Chờ kết quả","Đã nộp", IF(K81="Hoàn thành","Hoàn thành", IF(O81="","", IF(TODAY()>O81,"QUÁ HẠN","Trong hạn") )))) -> Hoàn thành | M81: Cấp đổi | N81: =IFERROR(__xludf.DUMMYFUNCTION("""COMPUTED_VALUE"""),45888.0) -> 45888 | O81: 45891 | P81: =IFERROR(__xludf.DUMMYFUNCTION("IFERROR(QUERY('Nhật ký nộp hồ sơ '!A:I, ""SELECT I WHERE B = '""&B81&""' ORDER BY A DESC LIMIT 1"", 0))"),45904.0) -> 45904 | Q81: =IF(K81="Hoàn thành", P81, "") -> 45904 | R81: 1 | V81: Đã thanh toán
A82: 45894.48 | B82: 363/BK-2025 | C82: Tô Thị Anh | E82: Tăng Nhơn Phú | F82: Anh Cường Sài Gòn DV | H82: Trương Tấn Quốc | I82: Lê Văn Dựng | K82: {=IFERROR(VLOOKUP(B82, SORT('Nhật ký nộp hồ sơ '!B:D, 'Nhật ký nộp hồ sơ '!A:A, FALSE), 3, FALSE),"")} -> Hoàn thành | L82: =IF(K82="Hủy","ĐÃ HỦY", IF(K82="Nộp thành công - Chờ kết quả","Đã nộp", IF(K82="Hoàn thành","Hoàn thành", IF(O82="","", IF(TODAY()>O82,"QUÁ HẠN","Trong hạn") )))) -> Hoàn thành | M82: Cấp sổ lần đầu | N82: =IFERROR(__xludf.DUMMYFUNCTION("""COMPUTED_VALUE"""),45894.0) -> 45894 | O82: 45897 | P82: =IFERROR(__xludf.DUMMYFUNCTION("IFERROR(QUERY('Nhật ký nộp hồ sơ '!A:I, ""SELECT I WHERE B = '""&B82&""' ORDER BY A DESC LIMIT 1"", 0))"),45888.0) -> 45888 | Q82: =IF(K82="Hoàn thành", P82, "") -> 45888 | R82: 5 | S82: + anh Tập phụ đo | V82: Đã thanh toán
A83: 45888.635 | B83: 364/BK-2025 | C83: Nguyễn Thị Hương | D83: Có | E83: Hiệp Bình | F83: Anh Sơn Hải DV | H83: Trương Tấn Quốc | I83: Lê Tấn Đạt | K83: {=IFERROR(VLOOKUP(B83, SORT('Nhật ký nộp hồ sơ '!B:D, 'Nhật ký nộp hồ sơ '!A:A, FALSE), 3, FALSE),"")} -> Nộp thành công - Chờ kết quả | L83: =IF(K83="Hủy","ĐÃ HỦY", IF(K83="Nộp thành công - Chờ kết quả","Đã nộp", IF(K83="Hoàn thành","Hoàn thành", IF(O83="","", IF(TODAY()>O83,"QUÁ HẠN","Trong hạn") )))) -> Đã nộp | M83: Cấp đổi | N83: =IFERROR(__xludf.DUMMYFUNCTION("""COMPUTED_VALUE"""),45888.0) -> 45888 | O83: 45891 | P83: =IFERROR(__xludf.DUMMYFUNCTION("IFERROR(QUERY('Nhật ký nộp hồ sơ '!A:I, ""SELECT I WHERE B = '""&B83&""' ORDER BY A DESC LIMIT 1"", 0))"),45919.0) -> 45919 | Q83: =IF(K83="Hoàn thành", P83, "") | R83: 3 | T83: Đợi chủ nhà chốt PA | U83: Đã nộp lễ tân | V83: Đã thanh toán
A84: 45888.637 | B84: 365/BK-2025 | C84: Viên Ngọc Tài | E84: Cát Lái | F84: Tuấn Lộc | H84: Lê Văn Xây | I84: Lê Tấn Đạt | K84: {=IFERROR(VLOOKUP(B84, SORT('Nhật ký nộp hồ sơ '!B:D, 'Nhật ký nộp hồ sơ '!A:A, FALSE), 3, FALSE),"")} -> Hủy | L84: =IF(K84="Hủy","ĐÃ HỦY", IF(K84="Nộp thành công - Chờ kết quả","Đã nộp", IF(K84="Hoàn thành","Hoàn thành", IF(O84="","", IF(TODAY()>O84,"QUÁ HẠN","Trong hạn") )))) -> ĐÃ HỦY | M84: Cấp đổi | N84: =IFERROR(__xludf.DUMMYFUNCTION("""COMPUTED_VALUE"""),45888.0) -> 45888 | O84: 45891 | P84: =IFERROR(__xludf.DUMMYFUNCTION("IFERROR(QUERY('Nhật ký nộp hồ sơ '!A:I, ""SELECT I WHERE B = '""&B84&""' ORDER BY A DESC LIMIT 1"", 0))"),46038.0) -> 46038 | Q84: =IF(K84="Hoàn thành", P84, "") | R84: 2 | S84: HSBC tạm ngừng chờ phương án | T84: hs sai hien trang | U84: Đợi phương án | V84: Đã thanh toán
A85: 45888.66 | B85: 366/BK-2025 | C85: Đặng Thanh Hoàng | D85: Có | E85: Hiệp Bình | F85: Công Ty | H85: Nguyễn Minh Thông | I85: Không cần | K85: {=IFERROR(VLOOKUP(B85, SORT('Nhật ký nộp hồ sơ '!B:D, 'Nhật ký nộp hồ sơ '!A:A, FALSE), 3, FALSE),"")} -> Hoàn thành | L85: =IF(K85="Hủy","ĐÃ HỦY", IF(K85="Nộp thành công - Chờ kết quả","Đã nộp", IF(K85="Hoàn thành","Hoàn thành", IF(O85="","", IF(TODAY()>O85,"QUÁ HẠN","Trong hạn") )))) -> Hoàn thành | M85: Cấp sổ lần đầu | N85: =IFERROR(__xludf.DUMMYFUNCTION("""COMPUTED_VALUE"""),45888.0) -> 45888 | O85: 45891 | P85: =IFERROR(__xludf.DUMMYFUNCTION("IFERROR(QUERY('Nhật ký nộp hồ sơ '!A:I, ""SELECT I WHERE B = '""&B85&""' ORDER BY A DESC LIMIT 1"", 0))"),45889.0) -> 45889 | Q85: =IF(K85="Hoàn thành", P85, "") -> 45889 | R85: 1 | V85: Đã thanh toán
A86: 45889.374 | B86: 367/BK-2025 | C86: Phạm Văn Nhường | D86: Có | E86: Hiệp Bình | F86: Cô Hoa | H86: Lê Văn Dựng | I86: Lê Tấn Đạt | K86: {=IFERROR(VLOOKUP(B86, SORT('Nhật ký nộp hồ sơ '!B:D, 'Nhật ký nộp hồ sơ '!A:A, FALSE), 3, FALSE),"")} -> Hoàn thành | L86: =IF(K86="Hủy","ĐÃ HỦY", IF(K86="Nộp thành công - Chờ kết quả","Đã nộp", IF(K86="Hoàn thành","Hoàn thành", IF(O86="","", IF(TODAY()>O86,"QUÁ HẠN","Trong hạn") )))) -> Hoàn thành | M86: Cắm mốc | N86: =IFERROR(__xludf.DUMMYFUNCTION("""COMPUTED_VALUE"""),45889.0) -> 45889 | O86: 45892 | P86: =IFERROR(__xludf.DUMMYFUNCTION("IFERROR(QUERY('Nhật ký nộp hồ sơ '!A:I, ""SELECT I WHERE B = '""&B86&""' ORDER BY A DESC LIMIT 1"", 0))"),45888.0) -> 45888 | Q86: =IF(K86="Hoàn thành", P86, "") -> 45888 | R86: 3 | S86: cắm mốc chôn trụ bê tông | V86: Đã thanh toán
A87: 45889.375 | B87: 368/BK-2025 | C87: Phạm Hoài Vy | D87: Có | E87: Hiệp Bình | F87: Công Ty | H87: Lê Văn Dựng | I87: Lê Tấn Đạt | K87: {=IFERROR(VLOOKUP(B87, SORT('Nhật ký nộp hồ sơ '!B:D, 'Nhật ký nộp hồ sơ '!A:A, FALSE), 3, FALSE),"")} -> Hoàn thành | L87: =IF(K87="Hủy","ĐÃ HỦY", IF(K87="Nộp thành công - Chờ kết quả","Đã nộp", IF(K87="Hoàn thành","Hoàn thành", IF(O87="","", IF(TODAY()>O87,"QUÁ HẠN","Trong hạn") )))) -> Hoàn thành | M87: Cắm mốc | N87: =IFERROR(__xludf.DUMMYFUNCTION("""COMPUTED_VALUE"""),45889.0) -> 45889 | O87: 45892 | P87: =IFERROR(__xludf.DUMMYFUNCTION("IFERROR(QUERY('Nhật ký nộp hồ sơ '!A:I, ""SELECT I WHERE B = '""&B87&""' ORDER BY A DESC LIMIT 1"", 0))"),45888.0) -> 45888 | Q87: =IF(K87="Hoàn thành", P87, "") -> 45888 | R87: 3 | S87: cắm mốc chôn trụ bê tông | V87: Đã thanh toán
A88: 45889.376 | B88: 369/BK-2025 | C88: Phan Thị Tố Như | D88: Có | E88: Hiệp Bình | F88: Công Ty | H88: Lê Văn Dựng | I88: Lê Tấn Đạt | K88: {=IFERROR(VLOOKUP(B88, SORT('Nhật ký nộp hồ sơ '!B:D, 'Nhật ký nộp hồ sơ '!A:A, FALSE), 3, FALSE),"")} -> Hoàn thành | L88: =IF(K88="Hủy","ĐÃ HỦY", IF(K88="Nộp thành công - Chờ kết quả","Đã nộp", IF(K88="Hoàn thành","Hoàn thành", IF(O88="","", IF(TODAY()>O88,"QUÁ HẠN","Trong hạn") )))) -> Hoàn thành | M88: Cắm mốc | N88: =IFERROR(__xludf.DUMMYFUNCTION("""COMPUTED_VALUE"""),45889.0) -> 45889 | O88: 45892 | P88: =IFERROR(__xludf.DUMMYFUNCTION("IFERROR(QUERY('Nhật ký nộp hồ sơ '!A:I, ""SELECT I WHERE B = '""&B88&""' ORDER BY A DESC LIMIT 1"", 0))"),45888.0) -> 45888 | Q88: =IF(K88="Hoàn thành", P88, "") -> 45888 | R88: 5 | S88: cắm mốc chôn trụ bê tông | V88: Đã thanh toán
A89: 45889.379 | B89: 370/BK-2025 | C89: Đinh Mỹ Linh | E89: Hiệp Bình | F89: Công Ty | H89: Lê Văn Dựng | I89: Lê Tấn Đạt | K89: {=IFERROR(VLOOKUP(B89, SORT('Nhật ký nộp hồ sơ '!B:D, 'Nhật ký nộp hồ sơ '!A:A, FALSE), 3, FALSE),"")} -> Hoàn thành | L89: =IF(K89="Hủy","ĐÃ HỦY", IF(K89="Nộp thành công - Chờ kết quả","Đã nộp", IF(K89="Hoàn thành","Hoàn thành", IF(O89="","", IF(TODAY()>O89,"QUÁ HẠN","Trong hạn") )))) -> Hoàn thành | M89: Cắm mốc | N89: =IFERROR(__xludf.DUMMYFUNCTION("""COMPUTED_VALUE"""),45889.0) -> 45889 | O89: 45892 | P89: =IFERROR(__xludf.DUMMYFUNCTION("IFERROR(QUERY('Nhật ký nộp hồ sơ '!A:I, ""SELECT I WHERE B = '""&B89&""' ORDER BY A DESC LIMIT 1"", 0))"),45888.0) -> 45888 | Q89: =IF(K89="Hoàn thành", P89, "") -> 45888 | R89: 5 | S89: cắm mốc chôn trụ bê tông | V89: Đã thanh toán
A90: 45889.595 | B90: 372/BK-2025 | C90: Hoàng Thị Lan | E90: An Khánh | F90: Công Ty | G90: 0939062198 | H90: Trương Tấn Quốc | I90: Lê Tấn Đạt | K90: {=IFERROR(VLOOKUP(B90, SORT('Nhật ký nộp hồ sơ '!B:D, 'Nhật ký nộp hồ sơ '!A:A, FALSE), 3, FALSE),"")} -> Hoàn thành | L90: =IF(K90="Hủy","ĐÃ HỦY", IF(K90="Nộp thành công - Chờ kết quả","Đã nộp", IF(K90="Hoàn thành","Hoàn thành", IF(O90="","", IF(TODAY()>O90,"QUÁ HẠN","Trong hạn") )))) -> Hoàn thành | M90: Cấp đổi | N90: =IFERROR(__xludf.DUMMYFUNCTION("""COMPUTED_VALUE"""),45889.0) -> 45889 | O90: 45892 | P90: =IFERROR(__xludf.DUMMYFUNCTION("IFERROR(QUERY('Nhật ký nộp hồ sơ '!A:I, ""SELECT I WHERE B = '""&B90&""' ORDER BY A DESC LIMIT 1"", 0))"),45896.0) -> 45896 | Q90: =IF(K90="Hoàn thành", P90, "") -> 45896 | R90: 5 | S90: đang xử lý | V90: Đã thanh toán
A91: 45891.581 | B91: 373/BK-2025 | C91: Võ Thị Quỳnh Châu | D91: Có | E91: Hiệp Bình | F91: Cô Hoa | H91: Lê Văn Xây | I91: Lê Tấn Đạt | K91: {=IFERROR(VLOOKUP(B91, SORT('Nhật ký nộp hồ sơ '!B:D, 'Nhật ký nộp hồ sơ '!A:A, FALSE), 3, FALSE),"")} -> Hoàn thành | L91: =IF(K91="Hủy","ĐÃ HỦY", IF(K91="Nộp thành công - Chờ kết quả","Đã nộp", IF(K91="Hoàn thành","Hoàn thành", IF(O91="","", IF(TODAY()>O91,"QUÁ HẠN","Trong hạn") )))) -> Hoàn thành | M91: Hoàn công | N91: =IFERROR(__xludf.DUMMYFUNCTION("""COMPUTED_VALUE"""),45891.0) -> 45891 | O91: 45894 | P91: =IFERROR(__xludf.DUMMYFUNCTION("IFERROR(QUERY('Nhật ký nộp hồ sơ '!A:I, ""SELECT I WHERE B = '""&B91&""' ORDER BY A DESC LIMIT 1"", 0))"),45912.0) -> 45912 | Q91: =IF(K91="Hoàn thành", P91, "") -> 45912 | R91: 4 | T91: Đã nộp Vy | U91: Đã nộp lễ tân | V91: Đã thanh toán
A92: 45890.463 | B92: 374/BK-2025 | C92: Nguyễn Thị Bạch Tuyết | E92: Long Phước | F92: Công Ty | G92: 909794949 | H92: Lê Văn Dựng | I92: Không cần | K92: {=IFERROR(VLOOKUP(B92, SORT('Nhật ký nộp hồ sơ '!B:D, 'Nhật ký nộp hồ sơ '!A:A, FALSE), 3, FALSE),"")} -> Hoàn thành | L92: =IF(K92="Hủy","ĐÃ HỦY", IF(K92="Nộp thành công - Chờ kết quả","Đã nộp", IF(K92="Hoàn thành","Hoàn thành", IF(O92="","", IF(TODAY()>O92,"QUÁ HẠN","Trong hạn") )))) -> Hoàn thành | M92: Cấp đổi | N92: =IFERROR(__xludf.DUMMYFUNCTION("""COMPUTED_VALUE"""),45890.0) -> 45890 | O92: 45893 | P92: =IFERROR(__xludf.DUMMYFUNCTION("IFERROR(QUERY('Nhật ký nộp hồ sơ '!A:I, ""SELECT I WHERE B = '""&B92&""' ORDER BY A DESC LIMIT 1"", 0))"),45904.0) -> 45904 | Q92: =IF(K92="Hoàn thành", P92, "") -> 45904 | R92: 1 | S92: đang xử lý | V92: Đã thanh toán
A93: 45890.464 | B93: 375/BK-2025 | C93: Nguyễn Thị Bạch Tuyết | E93: Long Phước | F93: Công Ty | G93: 909794949 | H93: Lê Văn Dựng | I93: Không cần | K93: {=IFERROR(VLOOKUP(B93, SORT('Nhật ký nộp hồ sơ '!B:D, 'Nhật ký nộp hồ sơ '!A:A, FALSE), 3, FALSE),"")} -> Hoàn thành | L93: =IF(K93="Hủy","ĐÃ HỦY", IF(K93="Nộp thành công - Chờ kết quả","Đã nộp", IF(K93="Hoàn thành","Hoàn thành", IF(O93="","", IF(TODAY()>O93,"QUÁ HẠN","Trong hạn") )))) -> Hoàn thành | M93: Đo GPS | N93: =IFERROR(__xludf.DUMMYFUNCTION("""COMPUTED_VALUE"""),45890.0) -> 45890 | O93: 45893 | P93: =IFERROR(__xludf.DUMMYFUNCTION("IFERROR(QUERY('Nhật ký nộp hồ sơ '!A:I, ""SELECT I WHERE B = '""&B93&""' ORDER BY A DESC LIMIT 1"", 0))"),45890.0) -> 45890 | Q93: =IF(K93="Hoàn thành", P93, "") -> 45890 | R93: 3 | V93: Đã thanh toán
A94: 45891.399 | B94: 376/BK-2025 | C94: Trần Văn Chện | D94: Có | E94: Hiệp Bình | F94: Công Ty | G94: 0985663476 | H94: Tạ Khắc Tập | I94: Trương Tấn Quốc | K94: {=IFERROR(VLOOKUP(B94, SORT('Nhật ký nộp hồ sơ '!B:D, 'Nhật ký nộp hồ sơ '!A:A, FALSE), 3, FALSE),"")} -> Hoàn thành | L94: =IF(K94="Hủy","ĐÃ HỦY", IF(K94="Nộp thành công - Chờ kết quả","Đã nộp", IF(K94="Hoàn thành","Hoàn thành", IF(O94="","", IF(TODAY()>O94,"QUÁ HẠN","Trong hạn") )))) -> Hoàn thành | M94: Hoàn công | N94: =IFERROR(__xludf.DUMMYFUNCTION("""COMPUTED_VALUE"""),45891.0) -> 45891 | O94: 45894 | P94: =IFERROR(__xludf.DUMMYFUNCTION("IFERROR(QUERY('Nhật ký nộp hồ sơ '!A:I, ""SELECT I WHERE B = '""&B94&""' ORDER BY A DESC LIMIT 1"", 0))"),45912.0) -> 45912 | Q94: =IF(K94="Hoàn thành", P94, "") -> 45912 | R94: 2 | T94: da nop nhung chua cap nhat | U94: Đã nộp lễ tân | V94: Đã thanh toán
A95: 45890.668 | B95: 377/BK-2025 | C95: Phan Công Lập | E95: Tam Bình | F95: Công Ty | G95: 0987735266 | H95: Lê Văn Dựng | I95: Không cần | K95: {=IFERROR(VLOOKUP(B95, SORT('Nhật ký nộp hồ sơ '!B:D, 'Nhật ký nộp hồ sơ '!A:A, FALSE), 3, FALSE),"")} -> Hoàn thành | L95: =IF(K95="Hủy","ĐÃ HỦY", IF(K95="Nộp thành công - Chờ kết quả","Đã nộp", IF(K95="Hoàn thành","Hoàn thành", IF(O95="","", IF(TODAY()>O95,"QUÁ HẠN","Trong hạn") )))) -> Hoàn thành | M95: Cấp sổ lần đầu | N95: =IFERROR(__xludf.DUMMYFUNCTION("""COMPUTED_VALUE"""),45890.0) -> 45890 | O95: 45893 | P95: =IFERROR(__xludf.DUMMYFUNCTION("IFERROR(QUERY('Nhật ký nộp hồ sơ '!A:I, ""SELECT I WHERE B = '""&B95&""' ORDER BY A DESC LIMIT 1"", 0))"),45891.0) -> 45891 | Q95: =IF(K95="Hoàn thành", P95, "") -> 45891 | R95: 1 | V95: Đã thanh toán
A96: 45891.419 | B96: 378/BK-2025 | C96: Đặng Văn Hà | D96: Có | E96: Hiệp Bình | F96: Cô Hoa | H96: Lê Văn Xây | I96: Lê Tấn Đạt | K96: {=IFERROR(VLOOKUP(B96, SORT('Nhật ký nộp hồ sơ '!B:D, 'Nhật ký nộp hồ sơ '!A:A, FALSE), 3, FALSE),"")} -> Hoàn thành | L96: =IF(K96="Hủy","ĐÃ HỦY", IF(K96="Nộp thành công - Chờ kết quả","Đã nộp", IF(K96="Hoàn thành","Hoàn thành", IF(O96="","", IF(TODAY()>O96,"QUÁ HẠN","Trong hạn") )))) -> Hoàn thành | M96: Hoàn công | N96: =IFERROR(__xludf.DUMMYFUNCTION("""COMPUTED_VALUE"""),45891.0) -> 45891 | O96: 45894 | P96: =IFERROR(__xludf.DUMMYFUNCTION("IFERROR(QUERY('Nhật ký nộp hồ sơ '!A:I, ""SELECT I WHERE B = '""&B96&""' ORDER BY A DESC LIMIT 1"", 0))"),45943.0) -> 45943 | Q96: =IF(K96="Hoàn thành", P96, "") -> 45943 | R96: 1 | V96: Đã thanh toán
A97: 45891.42 | B97: 379/BK-2025 | C97: Nguyễn Thanh Tùng | D97: Có | E97: Hiệp Bình | F97: Anh Sơn Hải DV | H97: Lê Văn Xây | I97: Lê Tấn Đạt | K97: {=IFERROR(VLOOKUP(B97, SORT('Nhật ký nộp hồ sơ '!B:D, 'Nhật ký nộp hồ sơ '!A:A, FALSE), 3, FALSE),"")} -> Nộp thành công - Chờ kết quả | L97: =IF(K97="Hủy","ĐÃ HỦY", IF(K97="Nộp thành công - Chờ kết quả","Đã nộp", IF(K97="Hoàn thành","Hoàn thành", IF(O97="","", IF(TODAY()>O97,"QUÁ HẠN","Trong hạn") )))) -> Đã nộp | M97: Hoàn công | N97: =IFERROR(__xludf.DUMMYFUNCTION("""COMPUTED_VALUE"""),45891.0) -> 45891 | O97: 45894 | P97: =IFERROR(__xludf.DUMMYFUNCTION("IFERROR(QUERY('Nhật ký nộp hồ sơ '!A:I, ""SELECT I WHERE B = '""&B97&""' ORDER BY A DESC LIMIT 1"", 0))"),45940.0) -> 45940 | Q97: =IF(K97="Hoàn thành", P97, "") | R97: 1 | T97: lệch ranh chờ phương án | U97: Đã cho phương án | V97: Đã thanh toán
A98: 45891.423 | B98: 494/BK-2025 | C98: Võ Văn Đức 1 | E98: Hiệp Bình | F98: Anh Lý Luật Sư | H98: Trương Tấn Quốc | I98: Lê Tấn Đạt | K98: {=IFERROR(VLOOKUP(B98, SORT('Nhật ký nộp hồ sơ '!B:D, 'Nhật ký nộp hồ sơ '!A:A, FALSE), 3, FALSE),"")} -> Hủy | L98: =IF(K98="Hủy","ĐÃ HỦY", IF(K98="Nộp thành công - Chờ kết quả","Đã nộp", IF(K98="Hoàn thành","Hoàn thành", IF(O98="","", IF(TODAY()>O98,"QUÁ HẠN","Trong hạn") )))) -> ĐÃ HỦY | M98: Cấp đổi | N98: =IFERROR(__xludf.DUMMYFUNCTION("""COMPUTED_VALUE"""),45891.0) -> 45891 | O98: 45894 | P98: =IFERROR(__xludf.DUMMYFUNCTION("IFERROR(QUERY('Nhật ký nộp hồ sơ '!A:I, ""SELECT I WHERE B = '""&B98&""' ORDER BY A DESC LIMIT 1"", 0))"),46038.0) -> 46038 | Q98: =IF(K98="Hoàn thành", P98, "") | R98: 1 | T98: Đợi phương án | U98: Đợi phương án | V98: Đã thanh toán
A99: 45891.424 | B99: 381/BK-2025 | C99: Võ Văn Đức 2 | E99: Hiệp Bình | F99: Anh Lý Luật Sư | H99: Trương Tấn Quốc | I99: Lê Tấn Đạt | K99: {=IFERROR(VLOOKUP(B99, SORT('Nhật ký nộp hồ sơ '!B:D, 'Nhật ký nộp hồ sơ '!A:A, FALSE), 3, FALSE),"")} -> Hủy | L99: =IF(K99="Hủy","ĐÃ HỦY", IF(K99="Nộp thành công - Chờ kết quả","Đã nộp", IF(K99="Hoàn thành","Hoàn thành", IF(O99="","", IF(TODAY()>O99,"QUÁ HẠN","Trong hạn") )))) -> ĐÃ HỦY | M99: Cấp đổi | N99: =IFERROR(__xludf.DUMMYFUNCTION("""COMPUTED_VALUE"""),45891.0) -> 45891 | O99: 45894 | P99: =IFERROR(__xludf.DUMMYFUNCTION("IFERROR(QUERY('Nhật ký nộp hồ sơ '!A:I, ""SELECT I WHERE B = '""&B99&""' ORDER BY A DESC LIMIT 1"", 0))"),46038.0) -> 46038 | Q99: =IF(K99="Hoàn thành", P99, "") | R99: 7 | T99: Đợi phương án | U99: Đợi phương án | V99: Đã thanh toán
A100: 45891.587 | B100: 382/BK-2025 | C100: Bùi Văn Vinh | E100: Hiệp Bình | F100: Tùng Mập | H100: Trương Tấn Quốc | I100: Tạ Khắc Tập | K100: {=IFERROR(VLOOKUP(B100, SORT('Nhật ký nộp hồ sơ '!B:D, 'Nhật ký nộp hồ sơ '!A:A, FALSE), 3, FALSE),"")} -> Hoàn thành | L100: =IF(K100="Hủy","ĐÃ HỦY", IF(K100="Nộp thành công - Chờ kết quả","Đã nộp", IF(K100="Hoàn thành","Hoàn thành", IF(O100="","", IF(TODAY()>O100,"QUÁ HẠN","Trong hạn") )))) -> Hoàn thành | M100: Cấp đổi | N100: =IFERROR(__xludf.DUMMYFUNCTION("""COMPUTED_VALUE"""),45891.0) -> 45891 | O100: 45894 | P100: =IFERROR(__xludf.DUMMYFUNCTION("IFERROR(QUERY('Nhật ký nộp hồ sơ '!A:I, ""SELECT I WHERE B = '""&B100&""' ORDER BY A DESC LIMIT 1"", 0))"),45925.0) -> 45925 | Q100: =IF(K100="Hoàn thành", P100, "") -> 45925 | R100: 2 | T100: Đợi trao đổi PA dịch vụ (A Tùng M) | U100: Đợi phương án | V100: Đã thanh toán
...

Sheet Tìm kiếm Hồ sơ
B1: NHẬP SỐ HỢP ĐỒNG | D1: NHẬP TÊN HỒ SƠ | F1: NHẬP TÊN KHÁCH HÀNG
B2: 374
A4: =IFERROR(__xludf.DUMMYFUNCTION("QUERY( 'Bảng tổng hợp'!A:Q, ""SELECT * WHERE A IS NOT NULL"" & IF(B2<>"""", "" AND B CONTAINS '""&B2&""'"", """") & IF(D2<>"""", "" AND C CONTAINS '""&D2&""'"", """") & IF(F2<>"""", "" AND F CONTAINS '""&F2&""'"", """") ) "),"Dấu thời gian") -> Dấu thời gian | B4: =IFERROR(__xludf.DUMMYFUNCTION("""COMPUTED_VALUE"""),"Mã hợp đồng") -> Mã hợp đồng | C4: =IFERROR(__xludf.DUMMYFUNCTION("""COMPUTED_VALUE"""),"Tên hồ sơ") -> Tên hồ sơ | D4: =IFERROR(__xludf.DUMMYFUNCTION("""COMPUTED_VALUE"""),"Pháp lý") -> Pháp lý | E4: =IFERROR(__xludf.DUMMYFUNCTION("""COMPUTED_VALUE"""),"Phường ") -> Phường | F4: =IFERROR(__xludf.DUMMYFUNCTION("""COMPUTED_VALUE"""),"Tên khách hàng ") -> Tên khách hàng | G4: =IFERROR(__xludf.DUMMYFUNCTION("""COMPUTED_VALUE"""),"Số Điện Thoại Liên Hệ") -> Số Điện Thoại Liên Hệ | H4: =IFERROR(__xludf.DUMMYFUNCTION("""COMPUTED_VALUE"""),"Phụ Trách Chính") -> Phụ Trách Chính | I4: =IFERROR(__xludf.DUMMYFUNCTION("""COMPUTED_VALUE"""),"Phụ đo") -> Phụ đo | J4: =IFERROR(__xludf.DUMMYFUNCTION("""COMPUTED_VALUE"""),"Độ ưu tiên") -> Độ ưu tiên | K4: =IFERROR(__xludf.DUMMYFUNCTION("""COMPUTED_VALUE"""),"Trạng thái mới nhất") -> Trạng thái mới nhất | L4: =IFERROR(__xludf.DUMMYFUNCTION("""COMPUTED_VALUE"""),"Cảnh báo") -> Cảnh báo | M4: =IFERROR(__xludf.DUMMYFUNCTION("""COMPUTED_VALUE"""),"Hạng mục công việc") -> Hạng mục công việc | N4: =IFERROR(__xludf.DUMMYFUNCTION("""COMPUTED_VALUE"""),"Ngày bắt đầu") -> Ngày bắt đầu | O4: =IFERROR(__xludf.DUMMYFUNCTION("""COMPUTED_VALUE"""),"Hạn xử lý") -> Hạn xử lý | P4: =IFERROR(__xludf.DUMMYFUNCTION("""COMPUTED_VALUE"""),"Ngày nộp ") -> Ngày nộp | Q4: =IFERROR(__xludf.DUMMYFUNCTION("""COMPUTED_VALUE"""),"Ngày HT") -> Ngày HT
A5: =IFERROR(__xludf.DUMMYFUNCTION("""COMPUTED_VALUE"""),45890.46292042825) -> 45890.463 | B5: =IFERROR(__xludf.DUMMYFUNCTION("""COMPUTED_VALUE"""),"374/BK-2025") -> 374/BK-2025 | C5: =IFERROR(__xludf.DUMMYFUNCTION("""COMPUTED_VALUE"""),"Nguyễn Thị Bạch Tuyết") -> Nguyễn Thị Bạch Tuyết | E5: =IFERROR(__xludf.DUMMYFUNCTION("""COMPUTED_VALUE"""),"Long Phước") -> Long Phước | F5: =IFERROR(__xludf.DUMMYFUNCTION("""COMPUTED_VALUE"""),"Công Ty") -> Công Ty | G5: =IFERROR(__xludf.DUMMYFUNCTION("""COMPUTED_VALUE"""),"909794949") -> 909794949 | H5: =IFERROR(__xludf.DUMMYFUNCTION("""COMPUTED_VALUE"""),"Lê Văn Dựng") -> Lê Văn Dựng | I5: =IFERROR(__xludf.DUMMYFUNCTION("""COMPUTED_VALUE"""),"Không cần") -> Không cần | K5: =IFERROR(__xludf.DUMMYFUNCTION("""COMPUTED_VALUE"""),"Hoàn thành") -> Hoàn thành | L5: =IFERROR(__xludf.DUMMYFUNCTION("""COMPUTED_VALUE"""),"Hoàn thành") -> Hoàn thành | M5: =IFERROR(__xludf.DUMMYFUNCTION("""COMPUTED_VALUE"""),"Cấp đổi") -> Cấp đổi | N5: =IFERROR(__xludf.DUMMYFUNCTION("""COMPUTED_VALUE"""),45890.0) -> 45890 | O5: =IFERROR(__xludf.DUMMYFUNCTION("""COMPUTED_VALUE"""),45893.0) -> 45893 | P5: =IFERROR(__xludf.DUMMYFUNCTION("""COMPUTED_VALUE"""),45904.0) -> 45904 | Q5: =IFERROR(__xludf.DUMMYFUNCTION("""COMPUTED_VALUE"""),45904.0) -> 45904
A6: =IFERROR(__xludf.DUMMYFUNCTION("""COMPUTED_VALUE"""),46188.755579375) -> 46188.756 | B6: =IFERROR(__xludf.DUMMYFUNCTION("""COMPUTED_VALUE"""),"374/BK-2026") -> 374/BK-2026 | C6: =IFERROR(__xludf.DUMMYFUNCTION("""COMPUTED_VALUE"""),"Đỗ Thị Ánh Hằng") -> Đỗ Thị Ánh Hằng | E6: =IFERROR(__xludf.DUMMYFUNCTION("""COMPUTED_VALUE"""),"Long Phước") -> Long Phước | F6: =IFERROR(__xludf.DUMMYFUNCTION("""COMPUTED_VALUE"""),"Công Ty") -> Công Ty | H6: =IFERROR(__xludf.DUMMYFUNCTION("""COMPUTED_VALUE"""),"Tạ Khắc Tập") -> Tạ Khắc Tập | I6: =IFERROR(__xludf.DUMMYFUNCTION("""COMPUTED_VALUE"""),"Võ Tứ Hợp") -> Võ Tứ Hợp | K6: =IFERROR(__xludf.DUMMYFUNCTION("""COMPUTED_VALUE"""),"Nộp thành công - Chờ kết quả") -> Nộp thành công - Chờ kết quả | L6: =IFERROR(__xludf.DUMMYFUNCTION("""COMPUTED_VALUE"""),"Đã nộp") -> Đã nộp | M6: =IFERROR(__xludf.DUMMYFUNCTION("""COMPUTED_VALUE"""),"Cấp đổi") -> Cấp đổi | N6: =IFERROR(__xludf.DUMMYFUNCTION("""COMPUTED_VALUE"""),46188.0) -> 46188 | O6: =IFERROR(__xludf.DUMMYFUNCTION("""COMPUTED_VALUE"""),46191.0) -> 46191 | P6: =IFERROR(__xludf.DUMMYFUNCTION("""COMPUTED_VALUE"""),46191.0) -> 46191

Sheet Xếp hạng Ưu tiên
A1: Tên Nhân viên | B1: Hồ sơ trong hạn | C1: Trong hạn đã giải trình | D1: Trong hạn chưa giải trình | E1: Trong hạn đã giải trình đã cho phương án | F1: Xử lý thực tế trong hạn | G1: Tổng hồ sơ đã giải trình | H1: Tổng hồ sơ chưa giải trình | I1: Tổng Số HS đã cho phương án | J1: Thứ tự Ưu tiên
A2: {=SORT('Tải Công Việc'!A2:I1001, 6, TRUE, 9, TRUE, 8, TRUE, 3, TRUE)} -> Nguyễn Minh Thông | B2: 0 | C2: 0 | D2: 0 | E2: 0 | F2: 0 | G2: 0 | H2: 0 | I2: 0 | J2: ="Ưu tiên số " & ROW(A1) -> Ưu tiên số 1
A3: Lê Văn Xây | B3: 0 | C3: 0 | D3: 0 | E3: 0 | F3: 0 | G3: 0 | H3: 1 | I3: 0 | J3: ="Ưu tiên số " & ROW(A2) -> Ưu tiên số 2
A4: Tạ Khắc Tập | B4: 0 | C4: 0 | D4: 0 | E4: 0 | F4: 0 | G4: 2 | H4: 2 | I4: 0 | J4: ="Ưu tiên số " & ROW(A3) -> Ưu tiên số 3
A5: Trương Tấn Quốc | B5: 0 | C5: 0 | D5: 0 | E5: 0 | F5: 0 | G5: 1 | H5: 4 | I5: 0 | J5: ="Ưu tiên số " & ROW(A4) -> Ưu tiên số 4
A6: Lê Văn Dựng | B6: 1 | C6: 0 | D6: 1 | E6: 0 | F6: 1 | G6: 0 | H6: 3 | I6: 0 | J6: ="Ưu tiên số " & ROW(A5) -> Ưu tiên số 5
A7: Võ Thành Minh
A8: Võ Tứ Hợp

Sheet Tải Công Việc
A1: Tên Nhân viên | B1: Hồ sơ trong hạn | C1: Trong hạn đã giải trình | D1: Trong hạn chưa giải trình | E1: Trong hạn đã giải trình đã cho phương án | F1: Xử lý thực tế | G1: Tổng hồ sơ đã giải trình | H1: Tổng hồ sơ chưa giải trình | I1: Tổng HS đã cho phương án
A2: {=UNIQUE('Bảng tổng hợp'!H2:H999)} -> Lê Văn Dựng | B2: =COUNTIFS('Bảng tổng hợp'!H:H, A2, 'Bảng tổng hợp'!L:L, "trong hạn") -> 1 | C2: =COUNTIFS('Bảng tổng hợp'!H:H, A2, 'Bảng tổng hợp'!L:L, "Trong hạn", 'Bảng tổng hợp'!T:T, "<>") -> 0 | D2: =sum(B2-C2) -> 1 | E2: =COUNTIFS('Bảng tổng hợp'!H:H, A2, 'Bảng tổng hợp'!L:L, "Trong hạn", 'Bảng tổng hợp'!T:T, "<>", 'Bảng tổng hợp'!U:U, "Đã cho phương án") -> 0 | F2: =sum(D2+E2) -> 1 | G2: =COUNTIFS('Giải trình '!F:F, A2, 'Giải trình '!H:H, "<>") -> 0 | H2: =COUNTIFS('Giải trình '!F:F, A2, 'Giải trình '!H:H, "") -> 3 | I2: =COUNTIFS('Giải trình '!F:F, A2, 'Giải trình '!I:I, "Đã cho phương án") -> 0
A3: Tạ Khắc Tập | B3: =COUNTIFS('Bảng tổng hợp'!H:H, A3, 'Bảng tổng hợp'!L:L, "trong hạn") -> 0 | C3: =COUNTIFS('Bảng tổng hợp'!H:H, A3, 'Bảng tổng hợp'!L:L, "Trong hạn", 'Bảng tổng hợp'!T:T, "<>") -> 0 | D3: =sum(B3-C3) -> 0 | E3: =COUNTIFS('Bảng tổng hợp'!H:H, A3, 'Bảng tổng hợp'!L:L, "Trong hạn", 'Bảng tổng hợp'!T:T, "<>", 'Bảng tổng hợp'!U:U, "Đã cho phương án") -> 0 | F3: =sum(D3+E3) -> 0 | G3: =COUNTIFS('Giải trình '!F:F, A3, 'Giải trình '!H:H, "<>") -> 2 | H3: =COUNTIFS('Giải trình '!F:F, A3, 'Giải trình '!H:H, "") -> 2 | I3: =COUNTIFS('Giải trình '!F:F, A3, 'Giải trình '!I:I, "Đã cho phương án") -> 0
A4: Trương Tấn Quốc | B4: =COUNTIFS('Bảng tổng hợp'!H:H, A4, 'Bảng tổng hợp'!L:L, "trong hạn") -> 0 | C4: =COUNTIFS('Bảng tổng hợp'!H:H, A4, 'Bảng tổng hợp'!L:L, "Trong hạn", 'Bảng tổng hợp'!T:T, "<>") -> 0 | D4: =sum(B4-C4) -> 0 | E4: =COUNTIFS('Bảng tổng hợp'!H:H, A4, 'Bảng tổng hợp'!L:L, "Trong hạn", 'Bảng tổng hợp'!T:T, "<>", 'Bảng tổng hợp'!U:U, "Đã cho phương án") -> 0 | F4: =sum(D4+E4) -> 0 | G4: =COUNTIFS('Giải trình '!F:F, A4, 'Giải trình '!H:H, "<>") -> 1 | H4: =COUNTIFS('Giải trình '!F:F, A4, 'Giải trình '!H:H, "") -> 4 | I4: =COUNTIFS('Giải trình '!F:F, A4, 'Giải trình '!I:I, "Đã cho phương án") -> 0
A5: Nguyễn Minh Thông | B5: =COUNTIFS('Bảng tổng hợp'!H:H, A5, 'Bảng tổng hợp'!L:L, "trong hạn") -> 0 | C5: =COUNTIFS('Bảng tổng hợp'!H:H, A5, 'Bảng tổng hợp'!L:L, "Trong hạn", 'Bảng tổng hợp'!T:T, "<>") -> 0 | D5: =sum(B5-C5) -> 0 | E5: =COUNTIFS('Bảng tổng hợp'!H:H, A5, 'Bảng tổng hợp'!L:L, "Trong hạn", 'Bảng tổng hợp'!T:T, "<>", 'Bảng tổng hợp'!U:U, "Đã cho phương án") -> 0 | F5: =sum(D5+E5) -> 0 | G5: =COUNTIFS('Giải trình '!F:F, A5, 'Giải trình '!H:H, "<>") -> 0 | H5: =COUNTIFS('Giải trình '!F:F, A5, 'Giải trình '!H:H, "") -> 0 | I5: =COUNTIFS('Giải trình '!F:F, A5, 'Giải trình '!I:I, "Đã cho phương án") -> 0
A6: Lê Văn Xây | B6: =COUNTIFS('Bảng tổng hợp'!H:H, A6, 'Bảng tổng hợp'!L:L, "trong hạn") -> 0 | C6: =COUNTIFS('Bảng tổng hợp'!H:H, A6, 'Bảng tổng hợp'!L:L, "Trong hạn", 'Bảng tổng hợp'!T:T, "<>") -> 0 | D6: =sum(B6-C6) -> 0 | E6: =COUNTIFS('Bảng tổng hợp'!H:H, A6, 'Bảng tổng hợp'!L:L, "Trong hạn", 'Bảng tổng hợp'!T:T, "<>", 'Bảng tổng hợp'!U:U, "Đã cho phương án") -> 0 | F6: =sum(D6+E6) -> 0 | G6: =COUNTIFS('Giải trình '!F:F, A6, 'Giải trình '!H:H, "<>") -> 0 | H6: =COUNTIFS('Giải trình '!F:F, A6, 'Giải trình '!H:H, "") -> 1 | I6: =COUNTIFS('Giải trình '!F:F, A6, 'Giải trình '!I:I, "Đã cho phương án") -> 0 | S6: =COUNTIFS('Bảng tổng hợp'!H:H, #REF!, 'Bảng tổng hợp'!K:K, "") -> 0
A7: Võ Thành Minh
A8: Võ Tứ Hợp

Sheet Giải trình 
A1: =IFERROR(__xludf.DUMMYFUNCTION("QUERY('Bảng tổng hợp'!A:U, ""SELECT B, C, E, F, O, H, I, T, U, L WHERE L = 'QUÁ HẠN' OR L = 'Trong hạn'"")"),"Mã hợp đồng") -> Mã hợp đồng | B1: =IFERROR(__xludf.DUMMYFUNCTION("""COMPUTED_VALUE"""),"Tên hồ sơ") -> Tên hồ sơ | C1: =IFERROR(__xludf.DUMMYFUNCTION("""COMPUTED_VALUE"""),"Phường ") -> Phường | D1: =IFERROR(__xludf.DUMMYFUNCTION("""COMPUTED_VALUE"""),"Tên khách hàng ") -> Tên khách hàng | E1: =IFERROR(__xludf.DUMMYFUNCTION("""COMPUTED_VALUE"""),"Hạn xử lý") -> Hạn xử lý | F1: =IFERROR(__xludf.DUMMYFUNCTION("""COMPUTED_VALUE"""),"Phụ Trách Chính") -> Phụ Trách Chính | G1: =IFERROR(__xludf.DUMMYFUNCTION("""COMPUTED_VALUE"""),"Phụ đo") -> Phụ đo | H1: =IFERROR(__xludf.DUMMYFUNCTION("""COMPUTED_VALUE"""),"Giải trình lý do") -> Giải trình lý do | I1: =IFERROR(__xludf.DUMMYFUNCTION("""COMPUTED_VALUE"""),"Quản lý phê duyệt") -> Quản lý phê duyệt | J1: =IFERROR(__xludf.DUMMYFUNCTION("""COMPUTED_VALUE"""),"Cảnh báo") -> Cảnh báo
A2: =IFERROR(__xludf.DUMMYFUNCTION("""COMPUTED_VALUE"""),"168/BK-2026") -> 168/BK-2026 | B2: =IFERROR(__xludf.DUMMYFUNCTION("""COMPUTED_VALUE"""),"Trần Thị Tuyết Nhung") -> Trần Thị Tuyết Nhung | C2: =IFERROR(__xludf.DUMMYFUNCTION("""COMPUTED_VALUE"""),"Cát Lái") -> Cát Lái | D2: =IFERROR(__xludf.DUMMYFUNCTION("""COMPUTED_VALUE"""),"Nguyễn Hương DV") -> Nguyễn Hương DV | E2: =IFERROR(__xludf.DUMMYFUNCTION("""COMPUTED_VALUE"""),46111.0) -> 46111 | F2: =IFERROR(__xludf.DUMMYFUNCTION("""COMPUTED_VALUE"""),"Trương Tấn Quốc") -> Trương Tấn Quốc | G2: =IFERROR(__xludf.DUMMYFUNCTION("""COMPUTED_VALUE"""),"Tạ Khắc Tập") -> Tạ Khắc Tập | H2: =IFERROR(__xludf.DUMMYFUNCTION("""COMPUTED_VALUE"""),"Hở ranh chờ trao đổii") -> Hở ranh chờ trao đổii | J2: =IFERROR(__xludf.DUMMYFUNCTION("""COMPUTED_VALUE"""),"QUÁ HẠN") -> QUÁ HẠN
A3: =IFERROR(__xludf.DUMMYFUNCTION("""COMPUTED_VALUE"""),"299/BK-2026") -> 299/BK-2026 | B3: =IFERROR(__xludf.DUMMYFUNCTION("""COMPUTED_VALUE"""),"Tô Duy Nam") -> Tô Duy Nam | C3: =IFERROR(__xludf.DUMMYFUNCTION("""COMPUTED_VALUE"""),"Hiệp Bình") -> Hiệp Bình | D3: =IFERROR(__xludf.DUMMYFUNCTION("""COMPUTED_VALUE"""),"Cô Hoa") -> Cô Hoa | E3: =IFERROR(__xludf.DUMMYFUNCTION("""COMPUTED_VALUE"""),46158.0) -> 46158 | F3: =IFERROR(__xludf.DUMMYFUNCTION("""COMPUTED_VALUE"""),"Lê Văn Xây") -> Lê Văn Xây | G3: =IFERROR(__xludf.DUMMYFUNCTION("""COMPUTED_VALUE"""),"Võ Tứ Hợp") -> Võ Tứ Hợp | J3: =IFERROR(__xludf.DUMMYFUNCTION("""COMPUTED_VALUE"""),"QUÁ HẠN") -> QUÁ HẠN
A4: =IFERROR(__xludf.DUMMYFUNCTION("""COMPUTED_VALUE"""),"311/BK-2026") -> 311/BK-2026 | B4: =IFERROR(__xludf.DUMMYFUNCTION("""COMPUTED_VALUE"""),"Vũ Thanh Hường") -> Vũ Thanh Hường | C4: =IFERROR(__xludf.DUMMYFUNCTION("""COMPUTED_VALUE"""),"Tam Bình") -> Tam Bình | D4: =IFERROR(__xludf.DUMMYFUNCTION("""COMPUTED_VALUE"""),"Cô Hoa") -> Cô Hoa | E4: =IFERROR(__xludf.DUMMYFUNCTION("""COMPUTED_VALUE"""),46164.0) -> 46164 | F4: =IFERROR(__xludf.DUMMYFUNCTION("""COMPUTED_VALUE"""),"Tạ Khắc Tập") -> Tạ Khắc Tập | G4: =IFERROR(__xludf.DUMMYFUNCTION("""COMPUTED_VALUE"""),"Võ Tứ Hợp") -> Võ Tứ Hợp | H4: =IFERROR(__xludf.DUMMYFUNCTION("""COMPUTED_VALUE"""),"chờ trích lục GPĐC, VẼ GIẢM") -> chờ trích lục GPĐC, VẼ GIẢM | J4: =IFERROR(__xludf.DUMMYFUNCTION("""COMPUTED_VALUE"""),"QUÁ HẠN") -> QUÁ HẠN
A5: =IFERROR(__xludf.DUMMYFUNCTION("""COMPUTED_VALUE"""),"317/BK-2026") -> 317/BK-2026 | B5: =IFERROR(__xludf.DUMMYFUNCTION("""COMPUTED_VALUE"""),"Lê Hồng Thư") -> Lê Hồng Thư | C5: =IFERROR(__xludf.DUMMYFUNCTION("""COMPUTED_VALUE"""),"Long Bình") -> Long Bình | D5: =IFERROR(__xludf.DUMMYFUNCTION("""COMPUTED_VALUE"""),"Công Ty") -> Công Ty | E5: =IFERROR(__xludf.DUMMYFUNCTION("""COMPUTED_VALUE"""),46166.0) -> 46166 | F5: =IFERROR(__xludf.DUMMYFUNCTION("""COMPUTED_VALUE"""),"Lê Văn Dựng") -> Lê Văn Dựng | G5: =IFERROR(__xludf.DUMMYFUNCTION("""COMPUTED_VALUE"""),"Tạ Khắc Tập") -> Tạ Khắc Tập | J5: =IFERROR(__xludf.DUMMYFUNCTION("""COMPUTED_VALUE"""),"QUÁ HẠN") -> QUÁ HẠN
A6: =IFERROR(__xludf.DUMMYFUNCTION("""COMPUTED_VALUE"""),"340/BK-2026") -> 340/BK-2026 | B6: =IFERROR(__xludf.DUMMYFUNCTION("""COMPUTED_VALUE"""),"Trịnh Thị Tâm") -> Trịnh Thị Tâm | C6: =IFERROR(__xludf.DUMMYFUNCTION("""COMPUTED_VALUE"""),"Tam Bình") -> Tam Bình | D6: =IFERROR(__xludf.DUMMYFUNCTION("""COMPUTED_VALUE"""),"Công Ty") -> Công Ty | E6: =IFERROR(__xludf.DUMMYFUNCTION("""COMPUTED_VALUE"""),46175.0) -> 46175 | F6: =IFERROR(__xludf.DUMMYFUNCTION("""COMPUTED_VALUE"""),"Tạ Khắc Tập") -> Tạ Khắc Tập | G6: =IFERROR(__xludf.DUMMYFUNCTION("""COMPUTED_VALUE"""),"Võ Tứ Hợp") -> Võ Tứ Hợp | H6: =IFERROR(__xludf.DUMMYFUNCTION("""COMPUTED_VALUE"""),"lệch ranh chờ phương an") -> lệch ranh chờ phương an | J6: =IFERROR(__xludf.DUMMYFUNCTION("""COMPUTED_VALUE"""),"QUÁ HẠN") -> QUÁ HẠN
A7: =IFERROR(__xludf.DUMMYFUNCTION("""COMPUTED_VALUE"""),"347/BK-2026") -> 347/BK-2026 | B7: =IFERROR(__xludf.DUMMYFUNCTION("""COMPUTED_VALUE"""),"Nguyễn Văn Đâu") -> Nguyễn Văn Đâu | C7: =IFERROR(__xludf.DUMMYFUNCTION("""COMPUTED_VALUE"""),"Phước Long") -> Phước Long | D7: =IFERROR(__xludf.DUMMYFUNCTION("""COMPUTED_VALUE"""),"Đạt Việt Phát Land") -> Đạt Việt Phát Land | E7: =IFERROR(__xludf.DUMMYFUNCTION("""COMPUTED_VALUE"""),46182.0) -> 46182 | F7: =IFERROR(__xludf.DUMMYFUNCTION("""COMPUTED_VALUE"""),"Lê Văn Dựng") -> Lê Văn Dựng | G7: =IFERROR(__xludf.DUMMYFUNCTION("""COMPUTED_VALUE"""),"Võ Tứ Hợp") -> Võ Tứ Hợp | J7: =IFERROR(__xludf.DUMMYFUNCTION("""COMPUTED_VALUE"""),"QUÁ HẠN") -> QUÁ HẠN
A8: =IFERROR(__xludf.DUMMYFUNCTION("""COMPUTED_VALUE"""),"350/BK-2026") -> 350/BK-2026 | B8: =IFERROR(__xludf.DUMMYFUNCTION("""COMPUTED_VALUE"""),"Nguyễn Đức Mẫn") -> Nguyễn Đức Mẫn | C8: =IFERROR(__xludf.DUMMYFUNCTION("""COMPUTED_VALUE"""),"Hiệp Bình") -> Hiệp Bình | D8: =IFERROR(__xludf.DUMMYFUNCTION("""COMPUTED_VALUE"""),"Công Ty") -> Công Ty | E8: =IFERROR(__xludf.DUMMYFUNCTION("""COMPUTED_VALUE"""),46184.0) -> 46184 | F8: =IFERROR(__xludf.DUMMYFUNCTION("""COMPUTED_VALUE"""),"Trương Tấn Quốc") -> Trương Tấn Quốc | G8: =IFERROR(__xludf.DUMMYFUNCTION("""COMPUTED_VALUE"""),"Võ Tứ Hợp") -> Võ Tứ Hợp | J8: =IFERROR(__xludf.DUMMYFUNCTION("""COMPUTED_VALUE"""),"QUÁ HẠN") -> QUÁ HẠN
A9: =IFERROR(__xludf.DUMMYFUNCTION("""COMPUTED_VALUE"""),"353/BK-2026") -> 353/BK-2026 | B9: =IFERROR(__xludf.DUMMYFUNCTION("""COMPUTED_VALUE"""),"Lê Chí Việt") -> Lê Chí Việt | C9: =IFERROR(__xludf.DUMMYFUNCTION("""COMPUTED_VALUE"""),"Hiệp Bình") -> Hiệp Bình | D9: =IFERROR(__xludf.DUMMYFUNCTION("""COMPUTED_VALUE"""),"Công Ty") -> Công Ty | E9: =IFERROR(__xludf.DUMMYFUNCTION("""COMPUTED_VALUE"""),46185.0) -> 46185 | F9: =IFERROR(__xludf.DUMMYFUNCTION("""COMPUTED_VALUE"""),"Trương Tấn Quốc") -> Trương Tấn Quốc | G9: =IFERROR(__xludf.DUMMYFUNCTION("""COMPUTED_VALUE"""),"Võ Tứ Hợp") -> Võ Tứ Hợp | J9: =IFERROR(__xludf.DUMMYFUNCTION("""COMPUTED_VALUE"""),"QUÁ HẠN") -> QUÁ HẠN
A10: =IFERROR(__xludf.DUMMYFUNCTION("""COMPUTED_VALUE"""),"356/BK-2026") -> 356/BK-2026 | B10: =IFERROR(__xludf.DUMMYFUNCTION("""COMPUTED_VALUE"""),"Bùi Anh Dũng") -> Bùi Anh Dũng | C10: =IFERROR(__xludf.DUMMYFUNCTION("""COMPUTED_VALUE"""),"Tam Bình") -> Tam Bình | D10: =IFERROR(__xludf.DUMMYFUNCTION("""COMPUTED_VALUE"""),"Cô Hoa") -> Cô Hoa | E10: =IFERROR(__xludf.DUMMYFUNCTION("""COMPUTED_VALUE"""),46186.0) -> 46186 | F10: =IFERROR(__xludf.DUMMYFUNCTION("""COMPUTED_VALUE"""),"Tạ Khắc Tập") -> Tạ Khắc Tập | G10: =IFERROR(__xludf.DUMMYFUNCTION("""COMPUTED_VALUE"""),"Võ Tứ Hợp") -> Võ Tứ Hợp | J10: =IFERROR(__xludf.DUMMYFUNCTION("""COMPUTED_VALUE"""),"QUÁ HẠN") -> QUÁ HẠN
A11: =IFERROR(__xludf.DUMMYFUNCTION("""COMPUTED_VALUE"""),"357/BK-2026") -> 357/BK-2026 | B11: =IFERROR(__xludf.DUMMYFUNCTION("""COMPUTED_VALUE"""),"Nguyễn Văn Quỳnh") -> Nguyễn Văn Quỳnh | C11: =IFERROR(__xludf.DUMMYFUNCTION("""COMPUTED_VALUE"""),"Tam Bình") -> Tam Bình | D11: =IFERROR(__xludf.DUMMYFUNCTION("""COMPUTED_VALUE"""),"Cô Hoa") -> Cô Hoa | E11: =IFERROR(__xludf.DUMMYFUNCTION("""COMPUTED_VALUE"""),46186.0) -> 46186 | F11: =IFERROR(__xludf.DUMMYFUNCTION("""COMPUTED_VALUE"""),"Tạ Khắc Tập") -> Tạ Khắc Tập | G11: =IFERROR(__xludf.DUMMYFUNCTION("""COMPUTED_VALUE"""),"Võ Tứ Hợp") -> Võ Tứ Hợp | J11: =IFERROR(__xludf.DUMMYFUNCTION("""COMPUTED_VALUE"""),"QUÁ HẠN") -> QUÁ HẠN
A12: =IFERROR(__xludf.DUMMYFUNCTION("""COMPUTED_VALUE"""),"365/BK-2026") -> 365/BK-2026 | B12: =IFERROR(__xludf.DUMMYFUNCTION("""COMPUTED_VALUE"""),"Hồ Trọng Dũng ") -> Hồ Trọng Dũng | C12: =IFERROR(__xludf.DUMMYFUNCTION("""COMPUTED_VALUE"""),"Hiệp Bình") -> Hiệp Bình | D12: =IFERROR(__xludf.DUMMYFUNCTION("""COMPUTED_VALUE"""),"Anh Tùng Bất Động Sản") -> Anh Tùng Bất Động Sản | E12: =IFERROR(__xludf.DUMMYFUNCTION("""COMPUTED_VALUE"""),46191.0) -> 46191 | F12: =IFERROR(__xludf.DUMMYFUNCTION("""COMPUTED_VALUE"""),"Võ Thành Minh") -> Võ Thành Minh | G12: =IFERROR(__xludf.DUMMYFUNCTION("""COMPUTED_VALUE"""),"Không cần") -> Không cần | J12: =IFERROR(__xludf.DUMMYFUNCTION("""COMPUTED_VALUE"""),"QUÁ HẠN") -> QUÁ HẠN
A13: =IFERROR(__xludf.DUMMYFUNCTION("""COMPUTED_VALUE"""),"383/BK-2026") -> 383/BK-2026 | B13: =IFERROR(__xludf.DUMMYFUNCTION("""COMPUTED_VALUE"""),"Nguyễn Ngọc Thu 1") -> Nguyễn Ngọc Thu 1 | C13: =IFERROR(__xludf.DUMMYFUNCTION("""COMPUTED_VALUE"""),"Tăng Nhơn Phú") -> Tăng Nhơn Phú | D13: =IFERROR(__xludf.DUMMYFUNCTION("""COMPUTED_VALUE"""),"Đạt Việt Phát Land") -> Đạt Việt Phát Land | E13: =IFERROR(__xludf.DUMMYFUNCTION("""COMPUTED_VALUE"""),46192.0) -> 46192 | F13: =IFERROR(__xludf.DUMMYFUNCTION("""COMPUTED_VALUE"""),"Trương Tấn Quốc") -> Trương Tấn Quốc | G13: =IFERROR(__xludf.DUMMYFUNCTION("""COMPUTED_VALUE"""),"Võ Tứ Hợp") -> Võ Tứ Hợp | J13: =IFERROR(__xludf.DUMMYFUNCTION("""COMPUTED_VALUE"""),"QUÁ HẠN") -> QUÁ HẠN
A14: =IFERROR(__xludf.DUMMYFUNCTION("""COMPUTED_VALUE"""),"384/BK-2026") -> 384/BK-2026 | B14: =IFERROR(__xludf.DUMMYFUNCTION("""COMPUTED_VALUE"""),"Nguyễn Ngọc Thu 2") -> Nguyễn Ngọc Thu 2 | C14: =IFERROR(__xludf.DUMMYFUNCTION("""COMPUTED_VALUE"""),"Tăng Nhơn Phú") -> Tăng Nhơn Phú | D14: =IFERROR(__xludf.DUMMYFUNCTION("""COMPUTED_VALUE"""),"Đạt Việt Phát Land") -> Đạt Việt Phát Land | E14: =IFERROR(__xludf.DUMMYFUNCTION("""COMPUTED_VALUE"""),46192.0) -> 46192 | F14: =IFERROR(__xludf.DUMMYFUNCTION("""COMPUTED_VALUE"""),"Trương Tấn Quốc") -> Trương Tấn Quốc | G14: =IFERROR(__xludf.DUMMYFUNCTION("""COMPUTED_VALUE"""),"Võ Tứ Hợp") -> Võ Tứ Hợp | J14: =IFERROR(__xludf.DUMMYFUNCTION("""COMPUTED_VALUE"""),"QUÁ HẠN") -> QUÁ HẠN
A15: =IFERROR(__xludf.DUMMYFUNCTION("""COMPUTED_VALUE"""),"395/BK-2026") -> 395/BK-2026 | B15: =IFERROR(__xludf.DUMMYFUNCTION("""COMPUTED_VALUE"""),"Đinh Văn Hoàng Hải(Bình Thạnh)") -> Đinh Văn Hoàng Hải(Bình Thạnh) | C15: =IFERROR(__xludf.DUMMYFUNCTION("""COMPUTED_VALUE"""),"Ngoài Thủ Đức") -> Ngoài Thủ Đức | D15: =IFERROR(__xludf.DUMMYFUNCTION("""COMPUTED_VALUE"""),"Công Ty") -> Công Ty | E15: =IFERROR(__xludf.DUMMYFUNCTION("""COMPUTED_VALUE"""),46199.0) -> 46199 | F15: =IFERROR(__xludf.DUMMYFUNCTION("""COMPUTED_VALUE"""),"Lê Văn Dựng") -> Lê Văn Dựng | G15: =IFERROR(__xludf.DUMMYFUNCTION("""COMPUTED_VALUE"""),"Võ Tứ Hợp") -> Võ Tứ Hợp | J15: =IFERROR(__xludf.DUMMYFUNCTION("""COMPUTED_VALUE"""),"Trong hạn") -> Trong hạn

Sheet Nhật ký nộp hồ sơ 
A1: Dấu thời gian | B1: Mã hợp đồng: | C1: Người đi nộp | D1: Kết quả lần nộp: | E1: Ghi chú / Yêu cầu của cán bộ: | F1: Ngày hẹn trả kết quả | G1: Ảnh chụp biên nhận | H1: Người nhận báo cáo | I1: Ngày đi nộp | J1: FILE BẢN VẼ ĐẠT | K1: Mã hợp đồng đang xử lý:
A2: 45884.452 | B2: 272/BK-2025 | C2: Không cần | D2: Hoàn thành | H2: Vy | I2: 45880
A3: 45884.454 | B3: 273/BK-2025 | C3: Không cần | D3: Hoàn thành | H3: Vy | I3: 45880
A4: 45884.454 | B4: 274/BK-2025 | C4: Không cần | D4: Hoàn thành | H4: Vy | I4: 45883
A5: 45883.687 | B5: 330/BK-2025 | C5: Vy | D5: Nộp thành công - Chờ kết quả | F5: 45894 | G5: https://drive.google.com/open?id=1mbWSdEzmuVAbsYg3sEBo9Vx1DaLL4eF_ | H5: Vy | I5: 45882
A6: 45883.493 | B6: 334/BK-2025 | C6: Không cần | D6: Hoàn thành | F6: 45878 | H6: Vy | I6: 45879
A7: 45881.684 | B7: 335/BK-2025 | C7: Hằng | D7: Nộp thành công - Chờ kết quả | F7: 45891 | G7: https://drive.google.com/open?id=1KZMi-oZkW51FO5qW-25h-W3sq5JwGoPD | H7: Vy | I7: 45880
A8: 45883.49 | B8: 336/BK-2025 | C8: Không cần | D8: Hoàn thành | H8: Vy | I8: 45878
A9: 45884.624 | B9: 337/BK-2025 | C9: Hằng | D9: Nộp thành công - Chờ kết quả | F9: 45895 | G9: https://drive.google.com/open?id=1CCrH-j3BNTvR75TunGGSsKb7oXpPqgYd | H9: Vy | I9: 45884
A10: 45884.667 | B10: 338/BK-2025 | C10: Hằng | D10: Nộp thành công - Chờ kết quả | F10: 45896 | G10: https://drive.google.com/open?id=1Re8nkozMAR6RyxfONEnB07E_Cx1Inqlf | H10: Vy | I10: 45884
A11: 45883.493 | B11: 339/BK-225 | C11: Không cần | D11: Hoàn thành | H11: Vy | I11: 45879
A12: 45882.663 | B12: 341/BK-2025 | C12: Vy | D12: Nộp thành công - Chờ kết quả | F12: 45894 | G12: https://drive.google.com/open?id=1_cGRHw5lyvnfewQwwYb8TwelB9CaKZmJ | H12: Vy | I12: 45881
A13: 45883.491 | B13: 342/BK-2025 | C13: Không cần | D13: Hoàn thành | H13: Vy | I13: 45881
A14: 45884.339 | B14: 343/BK-2025 | C14: Không cần | D14: Hoàn thành | H14: Vy | I14: 45881
A15: 45883.494 | B15: 344/BK-2025 | C15: Không cần | D15: Hoàn thành | H15: Vy | I15: 45874
A16: 45883.588 | B16: 345/BK-2025 | C16: Vy | D16: Nộp thành công - Chờ kết quả | F16: 45894 | G16: https://drive.google.com/open?id=128EjSWz_8TOhPZQahkOKsKSMdzkqetGH | H16: Vy | I16: 45882
A17: 45883.59 | B17: 346/BK-2025 | C17: Vy | D17: Nộp thành công - Chờ kết quả | F17: 45894 | G17: https://drive.google.com/open?id=1pGdKsJFlC4Dg9fgFsHg_K52gg24aX0XG | H17: Vy | I17: 45882
A18: 45883.495 | B18: 351/BK-2025 | C18: Không cần | D18: Hoàn thành | H18: Vy | I18: 45882
A19: 45883.496 | B19: 352/BK-2025 | C19: Không cần | D19: Hoàn thành | H19: Vy | I19: 45882
A20: 45884.34 | B20: 354/BK-2025 | C20: Không cần | D20: Hoàn thành | H20: Vy | I20: 45882
A21: 45883.696 | B21: 355/BK-2025 | C21: Không cần | D21: Hoàn thành | H21: Vy | I21: 45883
A22: 45885.342 | B22: 359/BK-2025 | C22: Không cần | D22: Hoàn thành | H22: Vy | I22: 45883
A23: 45884.586 | B23: 552-1/BK-2025 | C23: Hằng | D23: Nộp thành công - Chờ kết quả | F23: 45889 | G23: https://drive.google.com/open?id=1gWdvwj9lCPRGEoMkc8nF9EyXBp_zyz8H | H23: Vy | I23: 45880
A24: 45884.587 | B24: 552-2/BK-2025 | C24: Hằng | D24: Nộp thành công - Chờ kết quả | F24: 45889 | G24: https://drive.google.com/open?id=1VVRXxw73EslTyEPCo7eM4fXk6CYADLGW | H24: Vy | I24: 45880
A25: 45887.584 | B25: 346/BK-2025 | C25: Vy | D25: Hoàn thành | H25: Vy | I25: 45887 | J25: https://drive.google.com/open?id=1nF98DlNKLNrds70wau9NxVMJFefSQeQ0
A26: 45887.627 | B26: 360/BK-2025 | C26: Hằng | D26: Nộp thành công - Chờ kết quả | F26: 45896 | G26: https://drive.google.com/open?id=1x-LJoOSs6_6UUdiZAn4BXC70tQlh1i6l | H26: Vy | I26: 45887
A27: 45887.629 | B27: 219/BK-2025 | C27: Hằng | D27: Nộp thành công - Chờ kết quả | F27: 45896 | G27: https://drive.google.com/open?id=1EdvmkURDhaNgl_yB8O9kh4MltnCBJ3bg | H27: Vy | I27: 45887
A28: 45887.63 | B28: 361/BK-2025 | C28: Không cần | D28: Hoàn thành | H28: Vy | I28: 45887
A29: 45887.719 | B29: 330/BK-2025 | C29: Vy | D29: Hoàn thành | H29: Vy | I29: 45887 | J29: https://drive.google.com/open?id=1lZNte1PvFgMZ6cu_S8Lnvz9spF3H4s-m
A30: 45888.414 | B30: 356/BK-2025 | C30: Vy | D30: Nộp thành công - Chờ kết quả | F30: 45897 | G30: https://drive.google.com/open?id=1h6HfrpkmchRGJTwikvVqXHs66B4nM5FL | H30: Vy | I30: 45887
A31: 45889.381 | B31: 367/BK-2025 | C31: Không cần | D31: Hoàn thành | H31: Vy | I31: 45888
A32: 45889.381 | B32: 368/BK-2025 | C32: Không cần | D32: Hoàn thành | H32: Vy | I32: 45888
A33: 45889.382 | B33: 369/BK-2025 | C33: Không cần | D33: Hoàn thành | H33: Vy | I33: 45888
A34: 45889.384 | B34: 370/BK-2025 | C34: Không cần | D34: Hoàn thành | H34: Vy | I34: 45888
A35: 45889.425 | B35: 363/BK-2025 | C35: Không cần | D35: Hoàn thành | H35: Vy | I35: 45888
A36: 45889.582 | B36: 366/BK-2025 | C36: Không cần | D36: Hoàn thành | H36: Vy | I36: 45889
A37: 45890.456 | B37: 337/BK-2025 | C37: Hằng | D37: Hoàn thành | H37: Vy | I37: 45890 | J37: https://drive.google.com/open?id=1yymKoRo9Sb4PB1ao3BnFBcVY_27tbgpZ
A38: 45890.692 | B38: 372/BK-2025 | C38: Hằng | D38: Nộp thành công - Chờ kết quả | F38: 45903 | G38: https://drive.google.com/open?id=15SAC6dNoNx9UTl_LS8P_h8rWkOsQr5tQ | H38: Vy | I38: 45889
A39: 45890.696 | B39: 375/BK-2025 | C39: Không cần | D39: Hoàn thành | H39: Vy | I39: 45890
A40: 45891.406 | B40: 374/BK-2025 | C40: Hằng | D40: Nộp thành công - Chờ kết quả | F40: 45904 | G40: https://drive.google.com/open?id=1wxL4E4vPaMBXu13vJbn4xjevqfhdwHCu | H40: Vy | I40: 45890
A41: 45891.605 | B41: 326-1/BK-2025 | C41: Hằng | D41: Nộp thành công - Chờ kết quả | F41: 45889 | G41: https://drive.google.com/open?id=1WxIYOCDgPcfTQ3PBN2uGOqgMyszSvqZO | H41: Vy | I41: 45877
A42: 45891.606 | B42: 326/BK-2025 | C42: Hằng | D42: Nộp thành công - Chờ kết quả | F42: 45889 | G42: https://drive.google.com/open?id=1mQub8pKokD62g09-1hjDu2BVSOZ4Rt8Z | H42: Vy | I42: 45877
A43: 45891.61 | B43: 326-2/BK-2025 | C43: Hằng | D43: Nộp thành công - Chờ kết quả | F43: 45889 | G43: https://drive.google.com/open?id=1yzysDepUzkFu19-9VSxH482HgxiBeaLh | H43: Vy | I43: 45877
A44: 45891.613 | B44: 325/BK-2025 | C44: Không cần | D44: Hoàn thành | H44: Vy | I44: 45876
A45: 45891.624 | B45: 324/BK-2025 | C45: Hằng | D45: Nộp thành công - Chờ kết quả | F45: 45898 | G45: https://drive.google.com/open?id=1Qs4h6PfSdcN39l4gdLMLHW-O9RVBhELu | H45: Vy | I45: 45889
A46: 45891.634 | B46: 377/BK-2025 | C46: Không cần | D46: Hoàn thành | H46: Vy | I46: 45891
A47: 45891.639 | B47: 345/BK-2025 | C47: Hằng | D47: Hoàn thành | H47: Vy | I47: 45891 | J47: https://drive.google.com/open?id=1IxCpLiCi6NmSd8ICk5ciH6ZQ0IHgheH7
A48: 45891.641 | B48: 323/BK-2025 | C48: Hằng | D48: Hoàn thành | H48: Vy | I48: 45883 | J48: https://drive.google.com/open?id=1ofq2YKiZsDa0buPemQlj5fnCNgB9ec0X
A49: 45891.641 | B49: 322/BK-2025 | C49: Không cần | D49: Hoàn thành | H49: Vy | I49: 45875
A50: 45891.643 | B50: 321/BK-2025 | C50: Không cần | D50: Hoàn thành | H50: Vy | I50: 45874
A51: 45891.681 | B51: 313/BK-2025 | C51: Hằng | D51: Nộp thành công - Chờ kết quả | F51: 45884 | G51: https://drive.google.com/open?id=16CJQsIgF_8TTAtApX9HoY3XJKkLN-ju7 | H51: Vy | I51: 45875
A52: 45891.683 | B52: 313/BK-2025 | C52: Hằng | D52: Nộp thành công - Chờ kết quả | F52: 45896 | G52: https://drive.google.com/open?id=1CGJ05Gw51hjZgNCc6jhtg_symXznud-Z | H52: Vy | I52: 45887
A53: 45892.394 | B53: 358/BK-2025 | C53: Hằng | D53: Nộp thành công - Chờ kết quả | F53: 45905 | G53: https://drive.google.com/open?id=1nUiGrsvAEWXuw4ixK4sxYFAcBBHZDIUK | H53: Vy | I53: 45885
A54: 45892.481 | B54: 293-DC/BK-2025 | C54: Hằng | D54: Hoàn thành | H54: Vy | I54: 45877 | J54: https://drive.google.com/open?id=1ZFKHAPUG2Lxot7B-wk3ClR33crUh3p_7
A55: 45892.483 | B55: 318/BK-2025 | C55: Vy | D55: Nộp thành công - Chờ kết quả | F55: 45882 | G55: https://drive.google.com/open?id=1td_Qy3ivyNI1yKjSQlq-0o1BJgacGF1f | H55: Vy | I55: 45871
A56: 45892.485 | B56: 318/BK-2025 | C56: Hằng | D56: Nộp thành công - Chờ kết quả | F56: 45894 | G56: https://drive.google.com/open?id=1FrScvDtdMn10n7zws-JoXL7rod8NjOoB | H56: Vy | I56: 45883
A57: 45892.491 | B57: 315/BK-2025 | C57: Không cần | D57: Hoàn thành | H57: Vy | I57: 45870
A58: 45892.492 | B58: 312/BK-2025 | C58: Hằng | D58: Hoàn thành | H58: Vy | I58: 45882 | J58: https://drive.google.com/open?id=1-I5VlTf-IiNKk7siRBDDNEPm6V3-2OMg
A59: 45892.494 | B59: 310/BK-2025 | C59: Không cần | D59: Hoàn thành | H59: Vy | I59: 45867
A60: 45892.495 | B60: 311/BK-2025 | C60: Không cần | D60: Hoàn thành | H60: Vy | I60: 45867
A61: 45892.496 | B61: 309/BK-2025 | C61: Hằng | D61: Hoàn thành | H61: Vy | I61: 45877 | J61: https://drive.google.com/open?id=1KOj42k2fcI11gv1Ls5AxWx6tbEgX_myH
A62: 45892.499 | B62: 304/BK-2025 | C62: Hằng | D62: Hoàn thành | H62: Vy | I62: 45881 | J62: https://drive.google.com/open?id=1Yf0n4x1MTAjCGuaphryp4c4ET2cfzy_9
A63: 45892.5 | B63: 299/BK-2025 | C63: Hằng | D63: Nộp thành công - Chờ kết quả | F63: 45891 | G63: https://drive.google.com/open?id=1B2CBT9C7katL5JBBQgxfXDdKaNrrPe4Z | H63: Vy | I63: 45857
A64: 45892.501 | B64: 32-GPS/BK-2025 | C64: Không cần | D64: Hoàn thành | H64: Vy | I64: 45849
A65: 45892.519 | B65: 318/BK-2025 | C65: Hằng | D65: Hoàn thành | H65: Vy | I65: 45891 | J65: https://drive.google.com/open?id=1VXqfHEyIxEC4fLRzSUKaSLLPFFbF3k1a
A66: 45892.52 | B66: 266/BK-2025 | C66: Không cần | D66: Hoàn thành | H66: Vy | I66: 45832
A67: 45892.523 | B67: 162-2/BK-2025 | C67: Không cần | D67: Đợi xử lý | H67: Vy | I67: 46123
A68: 45892.523 | B68: 13-XDDT/BK-2025 | C68: Không cần | D68: Hoàn thành | H68: Vy | I68: 45873
A69: 45892.524 | B69: 320/BK-2025 | C69: Không cần | D69: Hủy | H69: Vy | I69: 45874
A70: 45892.525 | B70: 371/BK-2025 | C70: Không cần | D70: Hoàn thành | H70: Vy | I70: 45892
A71: 45894.451 | B71: 311-2/BK-2025 | C71: Không cần | D71: Hoàn thành | H71: Vy | I71: 45867
A72: 45894.452 | B72: 261/BK-2025 | C72: Hằng | D72: Hoàn thành | H72: Vy | I72: 45880 | J72: https://drive.google.com/open?id=1RoUr5Lt7a7nOGZ_0vkv83uocxnkfzV9v
A73: 45894.452 | B73: 313-2/BK-2025 | C73: Không cần | D73: Hoàn thành | H73: Vy | I73: 45869
A74: 45894.456 | B74: 230/BK-2025 | C74: Hằng | D74: Nộp thành công - Chờ kết quả | F74: 45894 | G74: https://drive.google.com/open?id=1kUafm2k1Ln1FjdQBwYYwsO5gTNwzDQrr | H74: Vy | I74: 45883
A75: 45894.457 | B75: 230/BK-2025 | C75: Hằng | D75: Nộp thành công - Chờ kết quả | F75: 45904 | G75: https://drive.google.com/open?id=1T5zq5lqzYnx3dCpcUUK_u_ni6hVq_v7s | H75: Vy | I75: 45891
A76: 45894.483 | B76: 280/BK-2025 | C76: Không cần | D76: Hoàn thành | H76: Vy | I76: 45863
A77: 45894.485 | B77: 316/BK-2025 | C77: Hằng | D77: Hoàn thành | H77: Vy | I77: 45890 | J77: https://drive.google.com/open?id=1AzTtNPgedvLnvOs8AYTwnAgEnxSCJaq8
A78: 45894.487 | B78: 317/BK-2025 | C78: Hằng | D78: Nộp thành công - Chờ kết quả | F78: 45889 | G78: https://drive.google.com/open?id=1T64sL_VsngvEqfYXGRO5Gz247rzXR-5f | H78: Vy | I78: 45877
A79: 45894.488 | B79: 317/BK-2025 | C79: Hằng | D79: Nộp thành công - Chờ kết quả | F79: 45898 | G79: https://drive.google.com/open?id=1e3y1MN75p_hUOMqBXg_66KrPOxbCNZwX | H79: Vy | I79: 45889
A80: 45894.667 | B80: 296/HĐĐV/25 | C80: Hằng | D80: Nộp thành công - Chờ kết quả | F80: 45908 | G80: https://drive.google.com/open?id=1KwTWg4W7XjWEGZuUKPPZmaVgWEWW9IxO | H80: Vy | I80: 45894
A81: 45894.669 | B81: 362/BK-2025 | C81: Hằng | D81: Nộp thành công - Chờ kết quả | F81: 45908 | G81: https://drive.google.com/open?id=18F7OOgaobJ7hI-Z3ijurt_SQyaVOEQqy | H81: Vy | I81: 45891
A82: 45894.671 | B82: 378/BK-2025 | C82: Hằng | D82: Nộp thành công - Chờ kết quả | F82: 45908 | G82: https://drive.google.com/open?id=1WhW2oTB-FV6eBi8FSvCOI4o4UWYHm8jp | H82: Vy | I82: 45894
A83: 45894.673 | B83: 263/HĐĐV/25 | C83: Hằng | D83: Nộp thành công - Chờ kết quả | F83: 45908 | G83: https://drive.google.com/open?id=1_RakE6sdG_0owng5nkXRHF8ptxtH8jMF | H83: Vy | I83: 45894
A84: 45895.48 | B84: 313/BK-2025 | C84: Hằng | D84: Hoàn thành | H84: Vy | I84: 45895 | J84: https://drive.google.com/open?id=1hRZC26rVaa483jGENwQEnV-8N9oJ80z0
A85: 45895.481 | B85: 360/BK-2025 | C85: Hằng | D85: Hoàn thành | H85: Vy | I85: 45895 | J85: https://drive.google.com/open?id=1JrJyduawf3qisT189UEW__Kuzwr4jlxq
A86: 45895.661 | B86: 376/BK-2025 | C86: Vy | D86: Nộp thành công - Chờ kết quả | F86: 45909 | G86: https://drive.google.com/open?id=1HwOzyuRjoCbtVrgmi3967o9MnWuhOB_m | H86: Vy | I86: 45895
A87: 45896.414 | B87: 372/BK-2025 | C87: Hằng | D87: Hoàn thành | H87: Vy | I87: 45896 | J87: https://drive.google.com/open?id=1LpnLRVIMEIbUtUN88z-sJurgX3q9g1cM
A88: 45896.415 | B88: 356/BK-2025 | C88: Hằng | D88: Hoàn thành | H88: Vy | I88: 45896 | J88: https://drive.google.com/open?id=1hEuAqB7n3LeLzL-9M6RWbeUl-8QdZVa8
A89: 45897.454 | B89: 340/BK-2025 | C89: Hằng | D89: Nộp thành công - Chờ kết quả | F89: 45910 | G89: https://drive.google.com/open?id=1KPJ54SHDc6Wh6jtgMhP_WW9Po8hTJZNI | H89: Vy | I89: 45890
A90: 45897.561 | B90: 391/BK-2025 | C90: Không cần | D90: Hoàn thành | H90: Vy | I90: 45892
A91: 45897.561 | B91: 393/BK-2025 | C91: Không cần | D91: Hoàn thành | H91: Vy | I91: 45890
A92: 45897.562 | B92: 398/BK-2025 | C92: Không cần | D92: Hoàn thành | H92: Vy | I92: 45897
A93: 45897.569 | B93: 331-1/BK-2025 | C93: Không cần | D93: Hoàn thành | H93: Vy | I93: 45882
A94: 45897.57 | B94: 299-1/BK-2025 | C94: Hằng | D94: Hoàn thành | H94: Vy | I94: 45897 | J94: https://drive.google.com/open?id=1RECJEkKJh10GIs0ZV5P43ChdpE-O5dLK
A95: 45897.573 | B95: 324/BK-2025 | C95: Hằng | D95: Hoàn thành | H95: Vy | I95: 45897 | J95: https://drive.google.com/open?id=1Tt1WCB-GY8s2JUHQd-g3HoXIHr9eN17c
A96: 45897.677 | B96: 338/BK-2025 | C96: Hằng | D96: Nộp thành công - Chờ kết quả | F96: 45911 | G96: https://drive.google.com/open?id=15LbABNLayeUwke9ifTeGVDikF9FQPU04 | H96: Vy | I96: 45896
A97: 45897.678 | B97: 350/BK-2025 | C97: Hằng | D97: Nộp thành công - Chờ kết quả | F97: 45911 | G97: https://drive.google.com/open?id=16y5uQlARBOVrXMobzm0rPh4qalfdAkhH | H97: Vy | I97: 45896
A98: 45897.68 | B98: 347/BK-2025 | C98: Hằng | D98: Nộp thành công - Chờ kết quả | F98: 45911 | G98: https://drive.google.com/open?id=1fdiS5Wq6RCpvyl7NmpL4jrRCg_8RJouV | H98: Vy | I98: 45896
A99: 45897.68 | B99: 348/BK-2025 | C99: Hằng | D99: Nộp thành công - Chờ kết quả | F99: 45911 | G99: https://drive.google.com/open?id=1U0B6DMZer4t2QpBi_mSw_S3PtCy6hKwt | H99: Vy | I99: 45896
A100: 45897.681 | B100: 349/BK-2025 | C100: Hằng | D100: Nộp thành công - Chờ kết quả | F100: 45911 | G100: https://drive.google.com/open?id=1oWCB7BtqSQFEYtOI_SH_DrB3LZWc95-o | H100: Vy | I100: 45896
...

Sheet Hợp đồng đang xử lý
A1: shd
A2: =IFERROR(__xludf.DUMMYFUNCTION("FILTER('Bảng tổng hợp'!B:B, ('Bảng tổng hợp'!K:K=""Đang xử lý"")+('Bảng tổng hợp'!K:K=""Nộp thành công - Chờ kết quả"")+('Bảng tổng hợp'!K:K="""")) "),"219/BK-2025") -> 219/BK-2025
A3: =IFERROR(__xludf.DUMMYFUNCTION("""COMPUTED_VALUE"""),"326/BK-2025") -> 326/BK-2025
A4: =IFERROR(__xludf.DUMMYFUNCTION("""COMPUTED_VALUE"""),"347/BK-2025") -> 347/BK-2025
A5: =IFERROR(__xludf.DUMMYFUNCTION("""COMPUTED_VALUE"""),"348/BK-2025") -> 348/BK-2025
A6: =IFERROR(__xludf.DUMMYFUNCTION("""COMPUTED_VALUE"""),"349/BK-2025") -> 349/BK-2025
A7: =IFERROR(__xludf.DUMMYFUNCTION("""COMPUTED_VALUE"""),"350/BK-2025") -> 350/BK-2025
A8: =IFERROR(__xludf.DUMMYFUNCTION("""COMPUTED_VALUE"""),"357/BK-2025") -> 357/BK-2025
A9: =IFERROR(__xludf.DUMMYFUNCTION("""COMPUTED_VALUE"""),"358/BK-2025") -> 358/BK-2025
A10: =IFERROR(__xludf.DUMMYFUNCTION("""COMPUTED_VALUE"""),"364/BK-2025") -> 364/BK-2025
A11: =IFERROR(__xludf.DUMMYFUNCTION("""COMPUTED_VALUE"""),"379/BK-2025") -> 379/BK-2025
A12: =IFERROR(__xludf.DUMMYFUNCTION("""COMPUTED_VALUE"""),"388/BK-2025") -> 388/BK-2025
A13: =IFERROR(__xludf.DUMMYFUNCTION("""COMPUTED_VALUE"""),"401/BK-2025") -> 401/BK-2025
A14: =IFERROR(__xludf.DUMMYFUNCTION("""COMPUTED_VALUE"""),"399/BK-2025") -> 399/BK-2025
A15: =IFERROR(__xludf.DUMMYFUNCTION("""COMPUTED_VALUE"""),"407/BK-2025") -> 407/BK-2025
A16: =IFERROR(__xludf.DUMMYFUNCTION("""COMPUTED_VALUE"""),"419/BK-2025") -> 419/BK-2025
A17: =IFERROR(__xludf.DUMMYFUNCTION("""COMPUTED_VALUE"""),"423/BK-2025") -> 423/BK-2025
A18: =IFERROR(__xludf.DUMMYFUNCTION("""COMPUTED_VALUE"""),"426/BK-2025") -> 426/BK-2025
A19: =IFERROR(__xludf.DUMMYFUNCTION("""COMPUTED_VALUE"""),"428/BK-2025") -> 428/BK-2025
A20: =IFERROR(__xludf.DUMMYFUNCTION("""COMPUTED_VALUE"""),"429/BK-2025") -> 429/BK-2025
A21: =IFERROR(__xludf.DUMMYFUNCTION("""COMPUTED_VALUE"""),"437/BK-2025") -> 437/BK-2025
A22: =IFERROR(__xludf.DUMMYFUNCTION("""COMPUTED_VALUE"""),"443/BK-2025") -> 443/BK-2025
A23: =IFERROR(__xludf.DUMMYFUNCTION("""COMPUTED_VALUE"""),"445/BK-2025") -> 445/BK-2025
A24: =IFERROR(__xludf.DUMMYFUNCTION("""COMPUTED_VALUE"""),"450/BK-2025") -> 450/BK-2025
A25: =IFERROR(__xludf.DUMMYFUNCTION("""COMPUTED_VALUE"""),"369-DC/BK-2025") -> 369-DC/BK-2025
A26: =IFERROR(__xludf.DUMMYFUNCTION("""COMPUTED_VALUE"""),"233-DC/BK-2025") -> 233-DC/BK-2025
A27: =IFERROR(__xludf.DUMMYFUNCTION("""COMPUTED_VALUE"""),"263-1/BK-2025") -> 263-1/BK-2025
A28: =IFERROR(__xludf.DUMMYFUNCTION("""COMPUTED_VALUE"""),"263-2/BK-2025") -> 263-2/BK-2025
A29: =IFERROR(__xludf.DUMMYFUNCTION("""COMPUTED_VALUE"""),"453/BK-2025") -> 453/BK-2025
A30: =IFERROR(__xludf.DUMMYFUNCTION("""COMPUTED_VALUE"""),"458/BK-2025") -> 458/BK-2025
A31: =IFERROR(__xludf.DUMMYFUNCTION("""COMPUTED_VALUE"""),"324-DC/BK-2025") -> 324-DC/BK-2025
A32: =IFERROR(__xludf.DUMMYFUNCTION("""COMPUTED_VALUE"""),"487/BK-2025") -> 487/BK-2025
A33: =IFERROR(__xludf.DUMMYFUNCTION("""COMPUTED_VALUE"""),"519/BK-2025") -> 519/BK-2025
A34: =IFERROR(__xludf.DUMMYFUNCTION("""COMPUTED_VALUE"""),"543/BK-2025") -> 543/BK-2025
A35: =IFERROR(__xludf.DUMMYFUNCTION("""COMPUTED_VALUE"""),"552/BK-2025") -> 552/BK-2025
A36: =IFERROR(__xludf.DUMMYFUNCTION("""COMPUTED_VALUE"""),"564/BK-2025") -> 564/BK-2025
A37: =IFERROR(__xludf.DUMMYFUNCTION("""COMPUTED_VALUE"""),"568/BK-2025") -> 568/BK-2025
A38: =IFERROR(__xludf.DUMMYFUNCTION("""COMPUTED_VALUE"""),"575/BK-2025") -> 575/BK-2025
A39: =IFERROR(__xludf.DUMMYFUNCTION("""COMPUTED_VALUE"""),"577/BK-2025") -> 577/BK-2025
A40: =IFERROR(__xludf.DUMMYFUNCTION("""COMPUTED_VALUE"""),"599/BK-2025") -> 599/BK-2025
A41: =IFERROR(__xludf.DUMMYFUNCTION("""COMPUTED_VALUE"""),"600/BK-2025") -> 600/BK-2025
A42: =IFERROR(__xludf.DUMMYFUNCTION("""COMPUTED_VALUE"""),"609/BK-2025") -> 609/BK-2025
A43: =IFERROR(__xludf.DUMMYFUNCTION("""COMPUTED_VALUE"""),"630/BK-2025") -> 630/BK-2025
A44: =IFERROR(__xludf.DUMMYFUNCTION("""COMPUTED_VALUE"""),"642/BK-2025") -> 642/BK-2025
A45: =IFERROR(__xludf.DUMMYFUNCTION("""COMPUTED_VALUE"""),"645/BK-2025") -> 645/BK-2025
A46: =IFERROR(__xludf.DUMMYFUNCTION("""COMPUTED_VALUE"""),"649/BK-2025") -> 649/BK-2025
A47: =IFERROR(__xludf.DUMMYFUNCTION("""COMPUTED_VALUE"""),"653/BK-2025") -> 653/BK-2025
A48: =IFERROR(__xludf.DUMMYFUNCTION("""COMPUTED_VALUE"""),"655/BK-2025") -> 655/BK-2025
A49: =IFERROR(__xludf.DUMMYFUNCTION("""COMPUTED_VALUE"""),"656/BK-2025") -> 656/BK-2025
A50: =IFERROR(__xludf.DUMMYFUNCTION("""COMPUTED_VALUE"""),"671/BK-2025") -> 671/BK-2025
A51: =IFERROR(__xludf.DUMMYFUNCTION("""COMPUTED_VALUE"""),"013/BK-2026") -> 013/BK-2026
A52: =IFERROR(__xludf.DUMMYFUNCTION("""COMPUTED_VALUE"""),"027/BK-2026") -> 027/BK-2026
A53: =IFERROR(__xludf.DUMMYFUNCTION("""COMPUTED_VALUE"""),"053/BK-2026") -> 053/BK-2026
A54: =IFERROR(__xludf.DUMMYFUNCTION("""COMPUTED_VALUE"""),"055/BK-2026") -> 055/BK-2026
A55: =IFERROR(__xludf.DUMMYFUNCTION("""COMPUTED_VALUE"""),"052/BK-2026") -> 052/BK-2026
A56: =IFERROR(__xludf.DUMMYFUNCTION("""COMPUTED_VALUE"""),"060/BK-2026") -> 060/BK-2026
A57: =IFERROR(__xludf.DUMMYFUNCTION("""COMPUTED_VALUE"""),"061-1/BK-2026") -> 061-1/BK-2026
A58: =IFERROR(__xludf.DUMMYFUNCTION("""COMPUTED_VALUE"""),"061-2/BK-2026") -> 061-2/BK-2026
A59: =IFERROR(__xludf.DUMMYFUNCTION("""COMPUTED_VALUE"""),"062/BK-2026") -> 062/BK-2026
A60: =IFERROR(__xludf.DUMMYFUNCTION("""COMPUTED_VALUE"""),"070/BK-2026") -> 070/BK-2026
A61: =IFERROR(__xludf.DUMMYFUNCTION("""COMPUTED_VALUE"""),"071/BK-2026") -> 071/BK-2026
A62: =IFERROR(__xludf.DUMMYFUNCTION("""COMPUTED_VALUE"""),"072/BK-2026") -> 072/BK-2026
A63: =IFERROR(__xludf.DUMMYFUNCTION("""COMPUTED_VALUE"""),"090/BK-2026") -> 090/BK-2026
A64: =IFERROR(__xludf.DUMMYFUNCTION("""COMPUTED_VALUE"""),"091/BK-2026") -> 091/BK-2026
A65: =IFERROR(__xludf.DUMMYFUNCTION("""COMPUTED_VALUE"""),"099/BK-2026") -> 099/BK-2026
A66: =IFERROR(__xludf.DUMMYFUNCTION("""COMPUTED_VALUE"""),"127/BK-2026") -> 127/BK-2026
A67: =IFERROR(__xludf.DUMMYFUNCTION("""COMPUTED_VALUE"""),"128/BK-2026") -> 128/BK-2026
A68: =IFERROR(__xludf.DUMMYFUNCTION("""COMPUTED_VALUE"""),"145/BK-2026") -> 145/BK-2026
A69: =IFERROR(__xludf.DUMMYFUNCTION("""COMPUTED_VALUE"""),"149/BK-2026") -> 149/BK-2026
A70: =IFERROR(__xludf.DUMMYFUNCTION("""COMPUTED_VALUE"""),"154/BK-2026") -> 154/BK-2026
A71: =IFERROR(__xludf.DUMMYFUNCTION("""COMPUTED_VALUE"""),"168/BK-2026") -> 168/BK-2026
A72: =IFERROR(__xludf.DUMMYFUNCTION("""COMPUTED_VALUE"""),"171/BK-2026") -> 171/BK-2026
A73: =IFERROR(__xludf.DUMMYFUNCTION("""COMPUTED_VALUE"""),"172/BK-2026") -> 172/BK-2026
A74: =IFERROR(__xludf.DUMMYFUNCTION("""COMPUTED_VALUE"""),"173/BK-2026") -> 173/BK-2026
A75: =IFERROR(__xludf.DUMMYFUNCTION("""COMPUTED_VALUE"""),"174/BK-2026") -> 174/BK-2026
A76: =IFERROR(__xludf.DUMMYFUNCTION("""COMPUTED_VALUE"""),"175/BK-2026") -> 175/BK-2026
A77: =IFERROR(__xludf.DUMMYFUNCTION("""COMPUTED_VALUE"""),"176/BK-2026") -> 176/BK-2026
A78: =IFERROR(__xludf.DUMMYFUNCTION("""COMPUTED_VALUE"""),"177/BK-2026") -> 177/BK-2026
A79: =IFERROR(__xludf.DUMMYFUNCTION("""COMPUTED_VALUE"""),"178/BK-2026") -> 178/BK-2026
A80: =IFERROR(__xludf.DUMMYFUNCTION("""COMPUTED_VALUE"""),"179/BK-2026") -> 179/BK-2026
A81: =IFERROR(__xludf.DUMMYFUNCTION("""COMPUTED_VALUE"""),"182/BK-2026") -> 182/BK-2026
A82: =IFERROR(__xludf.DUMMYFUNCTION("""COMPUTED_VALUE"""),"216/BK-2026") -> 216/BK-2026
A83: =IFERROR(__xludf.DUMMYFUNCTION("""COMPUTED_VALUE"""),"222/BK-2026") -> 222/BK-2026
A84: =IFERROR(__xludf.DUMMYFUNCTION("""COMPUTED_VALUE"""),"223/BK-2026") -> 223/BK-2026
A85: =IFERROR(__xludf.DUMMYFUNCTION("""COMPUTED_VALUE"""),"232/BK-2026") -> 232/BK-2026
A86: =IFERROR(__xludf.DUMMYFUNCTION("""COMPUTED_VALUE"""),"241/BK-2026") -> 241/BK-2026
A87: =IFERROR(__xludf.DUMMYFUNCTION("""COMPUTED_VALUE"""),"243/BK-2026") -> 243/BK-2026
A88: =IFERROR(__xludf.DUMMYFUNCTION("""COMPUTED_VALUE"""),"249/BK-2026") -> 249/BK-2026
A89: =IFERROR(__xludf.DUMMYFUNCTION("""COMPUTED_VALUE"""),"250/BK-2026") -> 250/BK-2026
A90: =IFERROR(__xludf.DUMMYFUNCTION("""COMPUTED_VALUE"""),"254/BK-2026") -> 254/BK-2026
A91: =IFERROR(__xludf.DUMMYFUNCTION("""COMPUTED_VALUE"""),"262/BK-2026") -> 262/BK-2026
A92: =IFERROR(__xludf.DUMMYFUNCTION("""COMPUTED_VALUE"""),"265/BK-2026") -> 265/BK-2026
A93: =IFERROR(__xludf.DUMMYFUNCTION("""COMPUTED_VALUE"""),"283/BK-2026") -> 283/BK-2026
A94: =IFERROR(__xludf.DUMMYFUNCTION("""COMPUTED_VALUE"""),"289/BK-2026") -> 289/BK-2026
A95: =IFERROR(__xludf.DUMMYFUNCTION("""COMPUTED_VALUE"""),"290/BK-2026") -> 290/BK-2026
A96: =IFERROR(__xludf.DUMMYFUNCTION("""COMPUTED_VALUE"""),"292/BK-2026") -> 292/BK-2026
A97: =IFERROR(__xludf.DUMMYFUNCTION("""COMPUTED_VALUE"""),"299/BK-2026") -> 299/BK-2026
A98: =IFERROR(__xludf.DUMMYFUNCTION("""COMPUTED_VALUE"""),"301/BK-2026") -> 301/BK-2026
A99: =IFERROR(__xludf.DUMMYFUNCTION("""COMPUTED_VALUE"""),"302/BK-2026") -> 302/BK-2026
A100: =IFERROR(__xludf.DUMMYFUNCTION("""COMPUTED_VALUE"""),"304/BK-2026") -> 304/BK-2026
...

Sheet Trang tính9
A1: {=UNIQUE('Hợp đồng đang xử lý'!A:A)} -> shd
A2: 219/BK-2025
A3: 326/BK-2025
A4: 347/BK-2025
A5: 348/BK-2025
A6: 349/BK-2025
A7: 350/BK-2025
A8: 357/BK-2025
A9: 358/BK-2025
A10: 364/BK-2025
A11: 379/BK-2025
A12: 388/BK-2025
A13: 401/BK-2025
... A129: 395/BK-2026

Sheet Nhật ký đo
A1: Dấu thời gian | B1: Mã hợp đồng | C1: Trạng thái công việc mới | D1: Người báo cáo | E1: Ghi chú
A2: 45880.526 | B2: 337/BK-2025 | C2: Đã đo | D2: Lê Tấn Đạt
A3: 45880.612 | B3: 330/BK-2025 | C3: Đã đo | D3: Lê Tấn Đạt
A4: 45880.612 | B4: 331/BK-2025 | C4: Chưa đo | D4: Lê Tấn Đạt
A5: 45880.612 | B5: 332/BK-2025 | C5: Đã đo | D5: Lê Tấn Đạt
A6: 45880.613 | B6: 333/BK-2025 | C6: Chưa đo | D6: Lê Tấn Đạt | E6: KHÁCH CHƯA CHỊU GIÁ ĐÓ
A7: 45880.615 | B7: 335/BK-2025 | C7: Đã đo | D7: Lê Tấn Đạt
A8: 45880.615 | B8: 337/BK-2025 | C8: Đã đo | D8: Lê Tấn Đạt
A9: 45880.616 | B9: 338/BK-2025 | C9: Chưa đo | D9: Lê Tấn Đạt
A10: 45881.438 | B10: 340/BK-2025 | C10: Đã đo | D10: Lê Tấn Đạt
A11: 45882.481 | B11: 341/BK-2025 | C11: Đã đo | D11: Lê Tấn Đạt
A12: 45882.728 | B12: 347/BK-2025 | C12: Đã đo | D12: Lê Tấn Đạt
A13: 45882.729 | B13: 348/BK-2025 | C13: Đã đo | D13: Lê Tấn Đạt
A14: 45882.729 | B14: 349/BK-2025 | C14: Đã đo | D14: Lê Tấn Đạt
A15: 45882.729 | B15: 350/BK-2025 | C15: Đã đo | D15: Lê Tấn Đạt
A16: 45883.492 | B16: 351/BK-2025 | C16: Đã đo | D16: Lê Tấn Đạt
A17: 45883.492 | B17: 353/BK-2025 | C17: Đã đo | D17: Lê Tấn Đạt
A18: 45884.51 | B18: 356/BK-2025 | C18: Đã đo | D18: Lê Tấn Đạt
... A21: 45885.467 | B21: 359/BK-2025 | C21: Đã đo | D21: Lê Tấn Đạt

Sheet Trang tính15
A1: hợp đồng kèm tên hồ sơ
A2: =IFERROR(__xludf.DUMMYFUNCTION("SORT( UNIQUE( FILTER( 'Bảng tổng hợp'!B2:B1000 & "" - "" & 'Bảng tổng hợp'!C2:C1000, ('Bảng tổng hợp'!K2:K1000=""Đang xử lý"") +('Bảng tổng hợp'!K2:K1000=""Nộp thành công - Chờ kết quả"") +('Bảng tổng hợp'!K2:K1000=""""), "&" 'Bảng tổng hợp'!B2:B1000<>"""", 'Bảng tổng hợp'!C2:C1000<>"""" ) ) ) "),"013/BK-2026 - Nguyễn Thanh Tùng") -> 013/BK-2026 - Nguyễn Thanh Tùng
A3: =IFERROR(__xludf.DUMMYFUNCTION("""COMPUTED_VALUE"""),"027/BK-2026 - Vũ Thị Nhuần") -> 027/BK-2026 - Vũ Thị Nhuần
A4: =IFERROR(__xludf.DUMMYFUNCTION("""COMPUTED_VALUE"""),"052/BK-2026 - Lê Thị Thu Hiền") -> 052/BK-2026 - Lê Thị Thu Hiền
A5: =IFERROR(__xludf.DUMMYFUNCTION("""COMPUTED_VALUE"""),"053/BK-2026 - Nguyễn Hữu Cường") -> 053/BK-2026 - Nguyễn Hữu Cường
A6: =IFERROR(__xludf.DUMMYFUNCTION("""COMPUTED_VALUE"""),"055/BK-2026 - Đỗ Hoàng Sang") -> 055/BK-2026 - Đỗ Hoàng Sang
A7: =IFERROR(__xludf.DUMMYFUNCTION("""COMPUTED_VALUE"""),"060/BK-2026 - Đặng Văn Lẹ") -> 060/BK-2026 - Đặng Văn Lẹ
A8: =IFERROR(__xludf.DUMMYFUNCTION("""COMPUTED_VALUE"""),"061-1/BK-2026 - Bùi Đình Khánh") -> 061-1/BK-2026 - Bùi Đình Khánh
A9: =IFERROR(__xludf.DUMMYFUNCTION("""COMPUTED_VALUE"""),"061-2/BK-2026 - Bùi Đình Khánh") -> 061-2/BK-2026 - Bùi Đình Khánh
A10: =IFERROR(__xludf.DUMMYFUNCTION("""COMPUTED_VALUE"""),"062/BK-2026 - Nguyễn Thị Hương") -> 062/BK-2026 - Nguyễn Thị Hương
A11: =IFERROR(__xludf.DUMMYFUNCTION("""COMPUTED_VALUE"""),"070/BK-2026 - Đinh Gia Trí ") -> 070/BK-2026 - Đinh Gia Trí
A12: =IFERROR(__xludf.DUMMYFUNCTION("""COMPUTED_VALUE"""),"071/BK-2026 - Nguyễn Kim Chi") -> 071/BK-2026 - Nguyễn Kim Chi
A13: =IFERROR(__xludf.DUMMYFUNCTION("""COMPUTED_VALUE"""),"072/BK-2026 - Nguyễn Đình Phan- Nguyễn Thị Sa") -> 072/BK-2026 - Nguyễn Đình Phan- Nguyễn Thị Sa
A14: =IFERROR(__xludf.DUMMYFUNCTION("""COMPUTED_VALUE"""),"090/BK-2026 - Ngô Thị Việt Hà - Nguyễn Văn Hoàng") -> 090/BK-2026 - Ngô Thị Việt Hà - Nguyễn Văn Hoàng
A15: =IFERROR(__xludf.DUMMYFUNCTION("""COMPUTED_VALUE"""),"091/BK-2026 - Tôn Phượng Nga") -> 091/BK-2026 - Tôn Phượng Nga
A16: =IFERROR(__xludf.DUMMYFUNCTION("""COMPUTED_VALUE"""),"099/BK-2026 - Phan Trong Quang") -> 099/BK-2026 - Phan Trong Quang
A17: =IFERROR(__xludf.DUMMYFUNCTION("""COMPUTED_VALUE"""),"127/BK-2026 - Lê Văn Hoàng") -> 127/BK-2026 - Lê Văn Hoàng
A18: =IFERROR(__xludf.DUMMYFUNCTION("""COMPUTED_VALUE"""),"128/BK-2026 - Hoàng Nam") -> 128/BK-2026 - Hoàng Nam
A19: =IFERROR(__xludf.DUMMYFUNCTION("""COMPUTED_VALUE"""),"145/BK-2026 - Lê Thị Hải") -> 145/BK-2026 - Lê Thị Hải
A20: =IFERROR(__xludf.DUMMYFUNCTION("""COMPUTED_VALUE"""),"149/BK-2026 - Đinh Thị Hoài Thương") -> 149/BK-2026 - Đinh Thị Hoài Thương
A21: =IFERROR(__xludf.DUMMYFUNCTION("""COMPUTED_VALUE"""),"154/BK-2026 - Trần Trung Tín 1") -> 154/BK-2026 - Trần Trung Tín 1
A22: =IFERROR(__xludf.DUMMYFUNCTION("""COMPUTED_VALUE"""),"168/BK-2026 - Trần Thị Tuyết Nhung") -> 168/BK-2026 - Trần Thị Tuyết Nhung
A23: =IFERROR(__xludf.DUMMYFUNCTION("""COMPUTED_VALUE"""),"171/BK-2026 - Đặng Văn Lẹ ") -> 171/BK-2026 - Đặng Văn Lẹ
A24: =IFERROR(__xludf.DUMMYFUNCTION("""COMPUTED_VALUE"""),"172/BK-2026 - Nguyễn Doãn Tuấn ") -> 172/BK-2026 - Nguyễn Doãn Tuấn
A25: =IFERROR(__xludf.DUMMYFUNCTION("""COMPUTED_VALUE"""),"173/BK-2026 - Phan Thị Mộng Thu") -> 173/BK-2026 - Phan Thị Mộng Thu
A26: =IFERROR(__xludf.DUMMYFUNCTION("""COMPUTED_VALUE"""),"174/BK-2026 - Nguyễn Thanh Thương - Hàng Thị Thanh Tuyền ") -> 174/BK-2026 - Nguyễn Thanh Thương - Hàng Thị Thanh Tuyền
A27: =IFERROR(__xludf.DUMMYFUNCTION("""COMPUTED_VALUE"""),"175/BK-2026 - Đinh Văn Tươi - Dương Thị Thanh Tuyền ") -> 175/BK-2026 - Đinh Văn Tươi - Dương Thị Thanh Tuyền
A28: =IFERROR(__xludf.DUMMYFUNCTION("""COMPUTED_VALUE"""),"176/BK-2026 - Lê Thanh Tú - Trần Hồng Đào ") -> 176/BK-2026 - Lê Thanh Tú - Trần Hồng Đào
A29: =IFERROR(__xludf.DUMMYFUNCTION("""COMPUTED_VALUE"""),"177/BK-2026 - Lê Quang 1") -> 177/BK-2026 - Lê Quang 1
A30: =IFERROR(__xludf.DUMMYFUNCTION("""COMPUTED_VALUE"""),"178/BK-2026 - Lê Quang 2 ") -> 178/BK-2026 - Lê Quang 2
A31: =IFERROR(__xludf.DUMMYFUNCTION("""COMPUTED_VALUE"""),"179/BK-2026 - Lê Quang 3") -> 179/BK-2026 - Lê Quang 3
A32: =IFERROR(__xludf.DUMMYFUNCTION("""COMPUTED_VALUE"""),"182/BK-2026 - Nguyễn Thị Năm") -> 182/BK-2026 - Nguyễn Thị Năm
A33: =IFERROR(__xludf.DUMMYFUNCTION("""COMPUTED_VALUE"""),"216/BK-2026 - Đinh Quang Hưng") -> 216/BK-2026 - Đinh Quang Hưng
A34: =IFERROR(__xludf.DUMMYFUNCTION("""COMPUTED_VALUE"""),"219/BK-2025 - Hưu Văn Xưa") -> 219/BK-2025 - Hưu Văn Xưa
A35: =IFERROR(__xludf.DUMMYFUNCTION("""COMPUTED_VALUE"""),"222/BK-2026 - Trần Lệnh Phú") -> 222/BK-2026 - Trần Lệnh Phú
A36: =IFERROR(__xludf.DUMMYFUNCTION("""COMPUTED_VALUE"""),"223/BK-2026 - Lê Thị Hải ") -> 223/BK-2026 - Lê Thị Hải
A37: =IFERROR(__xludf.DUMMYFUNCTION("""COMPUTED_VALUE"""),"232/BK-2026 - Nguyễn Hữu Thiện") -> 232/BK-2026 - Nguyễn Hữu Thiện
A38: =IFERROR(__xludf.DUMMYFUNCTION("""COMPUTED_VALUE"""),"233-DC/BK-2025 - Nguyễn Phạm Hoài Vy") -> 233-DC/BK-2025 - Nguyễn Phạm Hoài Vy
A39: =IFERROR(__xludf.DUMMYFUNCTION("""COMPUTED_VALUE"""),"241/BK-2026 - Trần Văn Dự - Trương Thị Kim Chi ") -> 241/BK-2026 - Trần Văn Dự - Trương Thị Kim Chi
A40: =IFERROR(__xludf.DUMMYFUNCTION("""COMPUTED_VALUE"""),"243/BK-2026 - Đỗ Văn Nhỏ ") -> 243/BK-2026 - Đỗ Văn Nhỏ
A41: =IFERROR(__xludf.DUMMYFUNCTION("""COMPUTED_VALUE"""),"249/BK-2026 - Tạ Quốc Dũng - Tạ Dịu Thương ") -> 249/BK-2026 - Tạ Quốc Dũng - Tạ Dịu Thương
A42: =IFERROR(__xludf.DUMMYFUNCTION("""COMPUTED_VALUE"""),"250/BK-2026 - Nguyễn Thị Vân Anh") -> 250/BK-2026 - Nguyễn Thị Vân Anh
A43: =IFERROR(__xludf.DUMMYFUNCTION("""COMPUTED_VALUE"""),"254/BK-2026 - Nguyễn Văn Rượu") -> 254/BK-2026 - Nguyễn Văn Rượu
A44: =IFERROR(__xludf.DUMMYFUNCTION("""COMPUTED_VALUE"""),"262/BK-2026 - Đỗ Ngọc Sơn") -> 262/BK-2026 - Đỗ Ngọc Sơn
A45: =IFERROR(__xludf.DUMMYFUNCTION("""COMPUTED_VALUE"""),"263-1/BK-2025 - Nguyễn Hoàng Nguyên") -> 263-1/BK-2025 - Nguyễn Hoàng Nguyên
A46: =IFERROR(__xludf.DUMMYFUNCTION("""COMPUTED_VALUE"""),"263-2/BK-2025 - Nguyễn Hoàng Nguyên") -> 263-2/BK-2025 - Nguyễn Hoàng Nguyên
A47: =IFERROR(__xludf.DUMMYFUNCTION("""COMPUTED_VALUE"""),"265/BK-2026 - Đỗ Thị Nga") -> 265/BK-2026 - Đỗ Thị Nga
A48: =IFERROR(__xludf.DUMMYFUNCTION("""COMPUTED_VALUE"""),"283/BK-2026 - Lê Văn Mai - Phạm Thị Soi") -> 283/BK-2026 - Lê Văn Mai - Phạm Thị Soi
A49: =IFERROR(__xludf.DUMMYFUNCTION("""COMPUTED_VALUE"""),"289/BK-2026 - Nguyễn Thị Trà Linh - 528") -> 289/BK-2026 - Nguyễn Thị Trà Linh - 528
A50: =IFERROR(__xludf.DUMMYFUNCTION("""COMPUTED_VALUE"""),"290/BK-2026 - Nguyễn Thị Trà Linh - 529") -> 290/BK-2026 - Nguyễn Thị Trà Linh - 529
A51: =IFERROR(__xludf.DUMMYFUNCTION("""COMPUTED_VALUE"""),"292/BK-2026 - Nguyễn Thị Phúc Long") -> 292/BK-2026 - Nguyễn Thị Phúc Long
A52: =IFERROR(__xludf.DUMMYFUNCTION("""COMPUTED_VALUE"""),"299/BK-2026 - Tô Duy Nam") -> 299/BK-2026 - Tô Duy Nam
A53: =IFERROR(__xludf.DUMMYFUNCTION("""COMPUTED_VALUE"""),"301/BK-2026 - Trương Ngọc Yên") -> 301/BK-2026 - Trương Ngọc Yên
A54: =IFERROR(__xludf.DUMMYFUNCTION("""COMPUTED_VALUE"""),"302/BK-2026 - Nguyễn Ngọc Tráng ") -> 302/BK-2026 - Nguyễn Ngọc Tráng
A55: =IFERROR(__xludf.DUMMYFUNCTION("""COMPUTED_VALUE"""),"304/BK-2026 - Hà Đăng Hiền ") -> 304/BK-2026 - Hà Đăng Hiền
A56: =IFERROR(__xludf.DUMMYFUNCTION("""COMPUTED_VALUE"""),"311/BK-2026 - Vũ Thanh Hường") -> 311/BK-2026 - Vũ Thanh Hường
A57: =IFERROR(__xludf.DUMMYFUNCTION("""COMPUTED_VALUE"""),"315/BK-2026 - Điều chỉnh Lê Quang Khoa lần 2 ") -> 315/BK-2026 - Điều chỉnh Lê Quang Khoa lần 2
A58: =IFERROR(__xludf.DUMMYFUNCTION("""COMPUTED_VALUE"""),"317/BK-2026 - Lê Hồng Thư") -> 317/BK-2026 - Lê Hồng Thư
A59: =IFERROR(__xludf.DUMMYFUNCTION("""COMPUTED_VALUE"""),"321/BK-2026 - Ngô Xuân Hữu") -> 321/BK-2026 - Ngô Xuân Hữu
A60: =IFERROR(__xludf.DUMMYFUNCTION("""COMPUTED_VALUE"""),"324-DC/BK-2025 - Đinh Thị Mỹ Linh") -> 324-DC/BK-2025 - Đinh Thị Mỹ Linh
A61: =IFERROR(__xludf.DUMMYFUNCTION("""COMPUTED_VALUE"""),"326/BK-2025 - Tiêu Văn Hiền") -> 326/BK-2025 - Tiêu Văn Hiền
A62: =IFERROR(__xludf.DUMMYFUNCTION("""COMPUTED_VALUE"""),"336/BK-2026 - điều chỉnh Lê Thị Thu Hiền") -> 336/BK-2026 - điều chỉnh Lê Thị Thu Hiền
A63: =IFERROR(__xludf.DUMMYFUNCTION("""COMPUTED_VALUE"""),"339/BK-2026 - Trần Thị Yến Điệp") -> 339/BK-2026 - Trần Thị Yến Điệp
A64: =IFERROR(__xludf.DUMMYFUNCTION("""COMPUTED_VALUE"""),"340/BK-2026 - Trịnh Thị Tâm") -> 340/BK-2026 - Trịnh Thị Tâm
A65: =IFERROR(__xludf.DUMMYFUNCTION("""COMPUTED_VALUE"""),"342/BK-2026 - Nguyễn Tấn Tài") -> 342/BK-2026 - Nguyễn Tấn Tài
A66: =IFERROR(__xludf.DUMMYFUNCTION("""COMPUTED_VALUE"""),"347/BK-2025 - Nguyễn Thị Hương") -> 347/BK-2025 - Nguyễn Thị Hương
A67: =IFERROR(__xludf.DUMMYFUNCTION("""COMPUTED_VALUE"""),"347/BK-2026 - Nguyễn Văn Đâu") -> 347/BK-2026 - Nguyễn Văn Đâu
A68: =IFERROR(__xludf.DUMMYFUNCTION("""COMPUTED_VALUE"""),"348/BK-2025 - Nguyễn Thị Hương") -> 348/BK-2025 - Nguyễn Thị Hương
A69: =IFERROR(__xludf.DUMMYFUNCTION("""COMPUTED_VALUE"""),"349/BK-2025 - Nguyễn Thị Hương") -> 349/BK-2025 - Nguyễn Thị Hương
A70: =IFERROR(__xludf.DUMMYFUNCTION("""COMPUTED_VALUE"""),"349/BK-2026 - Nguyễn Văn Hồng") -> 349/BK-2026 - Nguyễn Văn Hồng
A71: =IFERROR(__xludf.DUMMYFUNCTION("""COMPUTED_VALUE"""),"350/BK-2025 - Hồ Văn Quốc") -> 350/BK-2025 - Hồ Văn Quốc
A72: =IFERROR(__xludf.DUMMYFUNCTION("""COMPUTED_VALUE"""),"350/BK-2026 - Nguyễn Đức Mẫn") -> 350/BK-2026 - Nguyễn Đức Mẫn
A73: =IFERROR(__xludf.DUMMYFUNCTION("""COMPUTED_VALUE"""),"353/BK-2026 - Lê Chí Việt") -> 353/BK-2026 - Lê Chí Việt
A74: =IFERROR(__xludf.DUMMYFUNCTION("""COMPUTED_VALUE"""),"355/BK-2026 - Nguyễn Thanh Thương ") -> 355/BK-2026 - Nguyễn Thanh Thương
A75: =IFERROR(__xludf.DUMMYFUNCTION("""COMPUTED_VALUE"""),"356/BK-2026 - Bùi Anh Dũng") -> 356/BK-2026 - Bùi Anh Dũng
A76: =IFERROR(__xludf.DUMMYFUNCTION("""COMPUTED_VALUE"""),"357/BK-2025 - Hồ Minh Trí") -> 357/BK-2025 - Hồ Minh Trí
A77: =IFERROR(__xludf.DUMMYFUNCTION("""COMPUTED_VALUE"""),"357/BK-2026 - Nguyễn Văn Quỳnh") -> 357/BK-2026 - Nguyễn Văn Quỳnh
A78: =IFERROR(__xludf.DUMMYFUNCTION("""COMPUTED_VALUE"""),"358/BK-2025 - Đỗ Thị Liên") -> 358/BK-2025 - Đỗ Thị Liên
A79: =IFERROR(__xludf.DUMMYFUNCTION("""COMPUTED_VALUE"""),"360/BK-2026 - Lê Quang Vinh") -> 360/BK-2026 - Lê Quang Vinh
A80: =IFERROR(__xludf.DUMMYFUNCTION("""COMPUTED_VALUE"""),"363/BK-2026 - Điều Chỉnh Nguyễn Thanh Thương - Hàng Thị Thanh Tuyền ") -> 363/BK-2026 - Điều Chỉnh Nguyễn Thanh Thương - Hàng Thị Thanh Tuyền
A81: =IFERROR(__xludf.DUMMYFUNCTION("""COMPUTED_VALUE"""),"364/BK-2025 - Nguyễn Thị Hương") -> 364/BK-2025 - Nguyễn Thị Hương
A82: =IFERROR(__xludf.DUMMYFUNCTION("""COMPUTED_VALUE"""),"364/BK-2026 - Phạm Sỹ Đóa ") -> 364/BK-2026 - Phạm Sỹ Đóa
A83: =IFERROR(__xludf.DUMMYFUNCTION("""COMPUTED_VALUE"""),"365/BK-2026 - Hồ Trọng Dũng ") -> 365/BK-2026 - Hồ Trọng Dũng
A84: =IFERROR(__xludf.DUMMYFUNCTION("""COMPUTED_VALUE"""),"366/BK-2026 - Điều Chỉnh Lê Thị Thu Hiền ") -> 366/BK-2026 - Điều Chỉnh Lê Thị Thu Hiền
A85: =IFERROR(__xludf.DUMMYFUNCTION("""COMPUTED_VALUE"""),"367/BK-2026 - Hồ Thị Hòa") -> 367/BK-2026 - Hồ Thị Hòa
A86: =IFERROR(__xludf.DUMMYFUNCTION("""COMPUTED_VALUE"""),"369-DC/BK-2025 - Phan Thị Tố Như") -> 369-DC/BK-2025 - Phan Thị Tố Như
A87: =IFERROR(__xludf.DUMMYFUNCTION("""COMPUTED_VALUE"""),"369/BK-2026 - ĐC Đỗ Hoàng Sang") -> 369/BK-2026 - ĐC Đỗ Hoàng Sang
A88: =IFERROR(__xludf.DUMMYFUNCTION("""COMPUTED_VALUE"""),"374/BK-2026 - Đỗ Thị Ánh Hằng") -> 374/BK-2026 - Đỗ Thị Ánh Hằng
A89: =IFERROR(__xludf.DUMMYFUNCTION("""COMPUTED_VALUE"""),"379/BK-2025 - Nguyễn Thanh Tùng") -> 379/BK-2025 - Nguyễn Thanh Tùng
A90: =IFERROR(__xludf.DUMMYFUNCTION("""COMPUTED_VALUE"""),"381/BK-2026 - Nguyễn Thanh Hải ") -> 381/BK-2026 - Nguyễn Thanh Hải
A91: =IFERROR(__xludf.DUMMYFUNCTION("""COMPUTED_VALUE"""),"383/BK-2026 - Nguyễn Ngọc Thu 1") -> 383/BK-2026 - Nguyễn Ngọc Thu 1
A92: =IFERROR(__xludf.DUMMYFUNCTION("""COMPUTED_VALUE"""),"384/BK-2026 - Nguyễn Ngọc Thu 2") -> 384/BK-2026 - Nguyễn Ngọc Thu 2
A93: =IFERROR(__xludf.DUMMYFUNCTION("""COMPUTED_VALUE"""),"385/BK-2026 - Phạm Hồng Quang-Nguyễn Thị Dung") -> 385/BK-2026 - Phạm Hồng Quang-Nguyễn Thị Dung
A94: =IFERROR(__xludf.DUMMYFUNCTION("""COMPUTED_VALUE"""),"388/BK-2025 - Nguyễn Văn Chức") -> 388/BK-2025 - Nguyễn Văn Chức
A95: =IFERROR(__xludf.DUMMYFUNCTION("""COMPUTED_VALUE"""),"391/BK-2026 - Đặng Văn Phát") -> 391/BK-2026 - Đặng Văn Phát
A96: =IFERROR(__xludf.DUMMYFUNCTION("""COMPUTED_VALUE"""),"395/BK-2026 - Đinh Văn Hoàng Hải(Bình Thạnh)") -> 395/BK-2026 - Đinh Văn Hoàng Hải(Bình Thạnh)
A97: =IFERROR(__xludf.DUMMYFUNCTION("""COMPUTED_VALUE"""),"399/BK-2025 - Phan Thanh Thái") -> 399/BK-2025 - Phan Thanh Thái
A98: =IFERROR(__xludf.DUMMYFUNCTION("""COMPUTED_VALUE"""),"401/BK-2025 - Từ Châu Vi") -> 401/BK-2025 - Từ Châu Vi
A99: =IFERROR(__xludf.DUMMYFUNCTION("""COMPUTED_VALUE"""),"407/BK-2025 - Đào Minh Đường") -> 407/BK-2025 - Đào Minh Đường
A100: =IFERROR(__xludf.DUMMYFUNCTION("""COMPUTED_VALUE"""),"419/BK-2025 - Mai Văn Chung") -> 419/BK-2025 - Mai Văn Chung
...
